simulation_id;scenario;phase;variant_combination;combination_probability;hydrology;flooding_warning;flooding_nodes;qmax_Fensterstollen_m3s;qmax_Entw_Stollen_m3s;qmax_Brunnmuehle_Teich_m3s;qmax_TWT_Portail_Est_61_665_m3s
sim_0001;scenario1;1_1a;1_1a-1_1a_0;0.71;Q14_7;YES;Amont_C, Syst_Est_amont;1.34;0.0295;0.416;0
sim_0002;scenario1;1_1a;1_1a-1_1a_1;0.126225;Q14_7;YES;Amont_C;1.34;0.0295;0.416;0.586
sim_0003;scenario1;1_1a;1_1a-1_1a_2;0.126225;Q14_7;YES;Amont_C, Syst_Est_amont;1.34;0.0222;0.416;0.0218
sim_0004;scenario1;1_1a;1_1a-1_1a_3;0.007225;Q14_7;YES;Amont_C, Syst_Est_amont;1.31;0.0305;0.412;1.23
sim_0005;scenario1;1_1a;1_1a-1_1a_1+1_1a_2;0.022275;Q14_7;YES;Amont_C;1.34;0.0295;0.416;0.403
sim_0006;scenario1;1_1a;1_1a-1_1a_1+1_1a_3;0.001275;Q14_7;YES;Amont_C;1.31;0.0312;0.412;1.92
sim_0007;scenario1;1_1a;1_1a-1_1a_2+1_1a_3;0.001275;Q14_7;YES;Amont_C, Syst_Est_amont;1.31;0.0173;0.412;0.683
sim_0008;scenario1;1_1a;1_1a-1_1a_1+1_1a_2+1_1a_3;0.000225;Q14_7;YES;Amont_C;1.31;0.0306;0.412;1.18
sim_0009;scenario1;1_1b;1_1a-1_1a_0__1_1b-1_1b_0;0.497;Q14_7;YES;Amont_C, Syst_Est_amont;1.34;0.0295;0.416;0
sim_0010;scenario1;1_1b;1_1a-1_1a_0__1_1b-1_1b_1;0.086904;Q14_7;YES;Amont_C;1.34;0.0295;0.416;0.0798
sim_0011;scenario1;1_1b;1_1a-1_1a_0__1_1b-1_1b_2;0.086904;Q14_7;YES;Amont_C, Syst_Est_amont;1.34;0.0221;0.416;0.00278
sim_0012;scenario1;1_1b;1_1a-1_1a_0__1_1b-1_1b_3;0.020519;Q14_7;YES;Amont_C, Syst_Est_amont;1.31;0.0311;0.413;0.833
sim_0013;scenario1;1_1b;1_1a-1_1a_0__1_1b-1_1b_1+1_1b_2;0.015336;Q14_7;YES;Amont_C;1.34;0.0295;0.416;0.0593
sim_0014;scenario1;1_1b;1_1a-1_1a_0__1_1b-1_1b_1+1_1b_3;0.003621;Q14_7;YES;Amont_C;1.31;0.0312;0.413;0.909
sim_0015;scenario1;1_1b;1_1a-1_1a_0__1_1b-1_1b_2+1_1b_3;0.003621;Q14_7;YES;Amont_C, Syst_Est_amont;1.31;0.0179;0.413;0.218
sim_0016;scenario1;1_1b;1_1a-1_1a_0__1_1b-1_1b_1+1_1b_2+1_1b_3;0.000639;Q14_7;YES;Amont_C;1.31;0.0311;0.413;0.49
sim_0017;scenario1;1_1b;1_1a-1_1a_1__1_1b-1_1b_0;0.0883575;Q14_7;YES;Amont_C;1.34;0.0295;0.416;0.43
sim_0018;scenario1;1_1b;1_1a-1_1a_1__1_1b-1_1b_1;0.01544994;Q14_7;YES;Amont_C;1.34;0.0295;0.416;0.418
sim_0019;scenario1;1_1b;1_1a-1_1a_1__1_1b-1_1b_2;0.01544994;Q14_7;YES;Amont_C;1.34;0.0295;0.416;0.422
sim_0020;scenario1;1_1b;1_1a-1_1a_1__1_1b-1_1b_3;0.0036479025;Q14_7;YES;Amont_C;1.31;0.0311;0.413;1.45
sim_0021;scenario1;1_1b;1_1a-1_1a_1__1_1b-1_1b_1+1_1b_2;0.00272646;Q14_7;YES;Amont_C;1.34;0.0295;0.416;0.414
sim_0022;scenario1;1_1b;1_1a-1_1a_1__1_1b-1_1b_1+1_1b_3;0.0006437475;Q14_7;YES;Amont_C;1.31;0.0311;0.413;1.42
sim_0023;scenario1;1_1b;1_1a-1_1a_1__1_1b-1_1b_2+1_1b_3;0.0006437475;Q14_7;YES;Amont_C;1.31;0.0311;0.413;1.05
sim_0024;scenario1;1_1b;1_1a-1_1a_1__1_1b-1_1b_1+1_1b_2+1_1b_3;0.0001136025;Q14_7;YES;Amont_C;1.31;0.0311;0.413;1.13
sim_0025;scenario1;1_1b;1_1a-1_1a_2__1_1b-1_1b_0;0.0883575;Q14_7;YES;Amont_C, Syst_Est_amont;1.34;0.0222;0.416;0.0147
sim_0026;scenario1;1_1b;1_1a-1_1a_2__1_1b-1_1b_1;0.01544994;Q14_7;YES;Amont_C;1.34;0.0295;0.416;0.0691
sim_0027;scenario1;1_1b;1_1a-1_1a_2__1_1b-1_1b_2;0.01544994;Q14_7;YES;Amont_C, Syst_Est_amont;1.34;0.0225;0.416;0.0131
sim_0028;scenario1;1_1b;1_1a-1_1a_2__1_1b-1_1b_3;0.0036479025;Q14_7;YES;Amont_C, Syst_Est_amont;1.31;0.0311;0.413;0.512
sim_0029;scenario1;1_1b;1_1a-1_1a_2__1_1b-1_1b_1+1_1b_2;0.00272646;Q14_7;YES;Amont_C;1.34;0.0295;0.416;0.0523
sim_0030;scenario1;1_1b;1_1a-1_1a_2__1_1b-1_1b_1+1_1b_3;0.0006437475;Q14_7;YES;Amont_C;1.31;0.0311;0.413;0.6
sim_0031;scenario1;1_1b;1_1a-1_1a_2__1_1b-1_1b_2+1_1b_3;0.0006437475;Q14_7;YES;Amont_C, Syst_Est_amont;1.31;0.018;0.413;0.18
sim_0032;scenario1;1_1b;1_1a-1_1a_2__1_1b-1_1b_1+1_1b_2+1_1b_3;0.0001136025;Q14_7;YES;Amont_C;1.31;0.0311;0.413;0.33
sim_0033;scenario1;1_1b;1_1a-1_1a_3__1_1b-1_1b_0;0.0050575;Q14_7;YES;Amont_C, Syst_Est_amont;1.31;0.0313;0.412;1.19
sim_0034;scenario1;1_1b;1_1a-1_1a_3__1_1b-1_1b_1;0.00088434;Q14_7;YES;Amont_C;1.31;0.0313;0.412;1.32
sim_0035;scenario1;1_1b;1_1a-1_1a_3__1_1b-1_1b_2;0.00088434;Q14_7;YES;Amont_C, Syst_Est_amont;1.31;0.0313;0.412;1.19
sim_0036;scenario1;1_1b;1_1a-1_1a_3__1_1b-1_1b_3;0.0002088025;Q14_7;YES;Amont_C, Syst_Est_amont;1.29;0.0331;0.41;2.02
sim_0037;scenario1;1_1b;1_1a-1_1a_3__1_1b-1_1b_1+1_1b_2;0.00015606;Q14_7;YES;Amont_C;1.31;0.0313;0.412;1.28
sim_0038;scenario1;1_1b;1_1a-1_1a_3__1_1b-1_1b_1+1_1b_3;3.68475e-05;Q14_7;YES;Amont_C;1.29;0.0331;0.41;2.23
sim_0039;scenario1;1_1b;1_1a-1_1a_3__1_1b-1_1b_2+1_1b_3;3.68475e-05;Q14_7;YES;Amont_C, Syst_Est_amont;1.29;0.0331;0.41;1.61
sim_0040;scenario1;1_1b;1_1a-1_1a_3__1_1b-1_1b_1+1_1b_2+1_1b_3;6.5025e-06;Q14_7;YES;Amont_C;1.29;0.0331;0.41;1.77
sim_0041;scenario1;1_1b;1_1a-1_1a_1+1_1a_2__1_1b-1_1b_0;0.0155925;Q14_7;YES;Amont_C;1.34;0.0295;0.416;0.336
sim_0042;scenario1;1_1b;1_1a-1_1a_1+1_1a_2__1_1b-1_1b_1;0.00272646;Q14_7;YES;Amont_C;1.34;0.0295;0.416;0.331
sim_0043;scenario1;1_1b;1_1a-1_1a_1+1_1a_2__1_1b-1_1b_2;0.00272646;Q14_7;YES;Amont_C;1.34;0.0295;0.416;0.33
sim_0044;scenario1;1_1b;1_1a-1_1a_1+1_1a_2__1_1b-1_1b_3;0.0006437475;Q14_7;YES;Amont_C;1.31;0.0311;0.413;0.967
sim_0045;scenario1;1_1b;1_1a-1_1a_1+1_1a_2__1_1b-1_1b_1+1_1b_2;0.00048114;Q14_7;YES;Amont_C;1.34;0.0295;0.416;0.325
sim_0046;scenario1;1_1b;1_1a-1_1a_1+1_1a_2__1_1b-1_1b_1+1_1b_3;0.0001136025;Q14_7;YES;Amont_C;1.31;0.0311;0.413;0.933
sim_0047;scenario1;1_1b;1_1a-1_1a_1+1_1a_2__1_1b-1_1b_2+1_1b_3;0.0001136025;Q14_7;YES;Amont_C;1.31;0.0311;0.413;0.696
sim_0048;scenario1;1_1b;1_1a-1_1a_1+1_1a_2__1_1b-1_1b_1+1_1b_2+1_1b_3;2.00475e-05;Q14_7;YES;Amont_C;1.31;0.0311;0.413;0.743
sim_0049;scenario1;1_1b;1_1a-1_1a_1+1_1a_3__1_1b-1_1b_0;0.0008925;Q14_7;YES;Amont_C;1.31;0.0313;0.412;1.78
sim_0050;scenario1;1_1b;1_1a-1_1a_1+1_1a_3__1_1b-1_1b_1;0.00015606;Q14_7;YES;Amont_C;1.31;0.0313;0.412;1.78
sim_0051;scenario1;1_1b;1_1a-1_1a_1+1_1a_3__1_1b-1_1b_2;0.00015606;Q14_7;YES;Amont_C;1.31;0.0313;0.412;1.78
sim_0052;scenario1;1_1b;1_1a-1_1a_1+1_1a_3__1_1b-1_1b_3;3.68475e-05;Q14_7;YES;Amont_C;1.29;0.0331;0.41;2.69
sim_0053;scenario1;1_1b;1_1a-1_1a_1+1_1a_3__1_1b-1_1b_1+1_1b_2;2.754e-05;Q14_7;YES;Amont_C;1.31;0.0313;0.412;1.77
sim_0054;scenario1;1_1b;1_1a-1_1a_1+1_1a_3__1_1b-1_1b_1+1_1b_3;6.5025e-06;Q14_7;YES;Amont_C;1.29;0.0331;0.41;2.69
sim_0055;scenario1;1_1b;1_1a-1_1a_1+1_1a_3__1_1b-1_1b_2+1_1b_3;6.5025e-06;Q14_7;YES;Amont_C;1.29;0.0331;0.41;2.34
sim_0056;scenario1;1_1b;1_1a-1_1a_1+1_1a_3__1_1b-1_1b_1+1_1b_2+1_1b_3;1.1475e-06;Q14_7;YES;Amont_C;1.29;0.0331;0.41;2.41
sim_0057;scenario1;1_1b;1_1a-1_1a_2+1_1a_3__1_1b-1_1b_0;0.0008925;Q14_7;YES;Amont_C, Syst_Est_amont;1.31;0.0179;0.412;0.629
sim_0058;scenario1;1_1b;1_1a-1_1a_2+1_1a_3__1_1b-1_1b_1;0.00015606;Q14_7;YES;Amont_C;1.31;0.0312;0.412;0.827
sim_0059;scenario1;1_1b;1_1a-1_1a_2+1_1a_3__1_1b-1_1b_2;0.00015606;Q14_7;YES;Amont_C, Syst_Est_amont;1.31;0.0182;0.412;0.629
sim_0060;scenario1;1_1b;1_1a-1_1a_2+1_1a_3__1_1b-1_1b_3;3.68475e-05;Q14_7;YES;Amont_C, Syst_Est_amont;1.29;0.0331;0.41;1.21
sim_0061;scenario1;1_1b;1_1a-1_1a_2+1_1a_3__1_1b-1_1b_1+1_1b_2;2.754e-05;Q14_7;YES;Amont_C;1.31;0.0312;0.412;0.778
sim_0062;scenario1;1_1b;1_1a-1_1a_2+1_1a_3__1_1b-1_1b_1+1_1b_3;6.5025e-06;Q14_7;YES;Amont_C;1.29;0.0331;0.41;1.45
sim_0063;scenario1;1_1b;1_1a-1_1a_2+1_1a_3__1_1b-1_1b_2+1_1b_3;6.5025e-06;Q14_7;YES;Amont_C, Syst_Est_amont;1.29;0.0331;0.41;1
sim_0064;scenario1;1_1b;1_1a-1_1a_2+1_1a_3__1_1b-1_1b_1+1_1b_2+1_1b_3;1.1475e-06;Q14_7;YES;Amont_C;1.29;0.0331;0.41;1.1
sim_0065;scenario1;1_1b;1_1a-1_1a_1+1_1a_2+1_1a_3__1_1b-1_1b_0;0.0001575;Q14_7;YES;Amont_C;1.31;0.0313;0.412;1.15
sim_0066;scenario1;1_1b;1_1a-1_1a_1+1_1a_2+1_1a_3__1_1b-1_1b_1;2.754e-05;Q14_7;YES;Amont_C;1.31;0.0313;0.412;1.15
sim_0067;scenario1;1_1b;1_1a-1_1a_1+1_1a_2+1_1a_3__1_1b-1_1b_2;2.754e-05;Q14_7;YES;Amont_C;1.31;0.0313;0.412;1.15
sim_0068;scenario1;1_1b;1_1a-1_1a_1+1_1a_2+1_1a_3__1_1b-1_1b_3;6.5025e-06;Q14_7;YES;Amont_C;1.29;0.0331;0.41;1.82
sim_0069;scenario1;1_1b;1_1a-1_1a_1+1_1a_2+1_1a_3__1_1b-1_1b_1+1_1b_2;4.86e-06;Q14_7;YES;Amont_C;1.31;0.0313;0.412;1.15
sim_0070;scenario1;1_1b;1_1a-1_1a_1+1_1a_2+1_1a_3__1_1b-1_1b_1+1_1b_3;1.1475e-06;Q14_7;YES;Amont_C;1.29;0.0331;0.41;1.81
sim_0071;scenario1;1_1b;1_1a-1_1a_1+1_1a_2+1_1a_3__1_1b-1_1b_2+1_1b_3;1.1475e-06;Q14_7;YES;Amont_C;1.29;0.0331;0.41;1.55
sim_0072;scenario1;1_1b;1_1a-1_1a_1+1_1a_2+1_1a_3__1_1b-1_1b_1+1_1b_2+1_1b_3;2.025e-07;Q14_7;YES;Amont_C;1.29;0.0331;0.41;1.6
sim_0073;scenario1;1_2a;1_1a-1_1a_0__1_1b-1_1b_0__1_2a-1_2a_0;0.48209;Q14_7;YES;Amont_C, Syst_Est_amont;1.34;0.0295;0.416;0
sim_0074;scenario1;1_2a;1_1a-1_1a_0__1_1b-1_1b_0__1_2a-1_2a_1;0.00435331267818;Q14_7;YES;Amont_C;1.34;0.0295;0.416;0
sim_0075;scenario1;1_2a;1_1a-1_1a_0__1_1b-1_1b_0__1_2a-1_2a_2;0.00435331267818;Q14_7;YES;Amont_C, Syst_Est_amont;1.34;0.0295;0.416;0
sim_0076;scenario1;1_2a;1_1a-1_1a_0__1_1b-1_1b_0__1_2a-1_2a_3;0.00435331267818;Q14_7;YES;Amont_C, Syst_Est_amont;1.3;0.0294;0.416;0.00581
sim_0077;scenario1;1_2a;1_1a-1_1a_0__1_1b-1_1b_0__1_2a-1_2a_4;0.00435331267818;Q14_7;YES;Amont_C;0.923;0.0152;0.317;9.14
sim_0078;scenario1;1_2a;1_1a-1_1a_0__1_1b-1_1b_0__1_2a-1_2a_1+1_2a_2;3.9535634817e-05;Q14_7;YES;Amont_C;1.34;0.0301;0.416;0
sim_0079;scenario1;1_2a;1_1a-1_1a_0__1_1b-1_1b_0__1_2a-1_2a_1+1_2a_3;3.9535634817e-05;Q14_7;YES;Amont_C;1.31;0.0297;0.416;0.0003
sim_0080;scenario1;1_2a;1_1a-1_1a_0__1_1b-1_1b_0__1_2a-1_2a_1+1_2a_4;3.9535634817e-05;Q14_7;YES;Amont_C, Syst_Est_amont, Syst_Est_interm;0.9;0.0125;0.309;8.52
sim_0081;scenario1;1_2a;1_1a-1_1a_0__1_1b-1_1b_0__1_2a-1_2a_2+1_2a_3;3.9535634817e-05;Q14_7;YES;Amont_C, Syst_Est_amont;1.31;0.0294;0.416;0
sim_0082;scenario1;1_2a;1_1a-1_1a_0__1_1b-1_1b_0__1_2a-1_2a_2+1_2a_4;3.9535634817e-05;Q14_7;YES;Amont_C, Syst_Est_amont;0.925;0.0141;0.313;7.11
sim_0083;scenario1;1_2a;1_1a-1_1a_0__1_1b-1_1b_0__1_2a-1_2a_3+1_2a_4;3.9535634817e-05;Q14_7;YES;Amont_C;0.91;0.0152;0.317;9.15
sim_0084;scenario1;1_2a;1_1a-1_1a_0__1_1b-1_1b_0__1_2a-1_2a_1+1_2a_2+1_2a_3;3.59052183e-07;Q14_7;YES;Amont_C;1.31;0.0326;0.416;0
sim_0085;scenario1;1_2a;1_1a-1_1a_0__1_1b-1_1b_0__1_2a-1_2a_1+1_2a_2+1_2a_4;3.59052183e-07;Q14_7;YES;Amont_C, Syst_Est_interm;0.925;0.0162;0.319;7.55
sim_0086;scenario1;1_2a;1_1a-1_1a_0__1_1b-1_1b_0__1_2a-1_2a_1+1_2a_3+1_2a_4;3.59052183e-07;Q14_7;YES;Amont_C, Syst_Est_amont;0.887;0.0125;0.309;8.51
sim_0087;scenario1;1_2a;1_1a-1_1a_0__1_1b-1_1b_0__1_2a-1_2a_2+1_2a_3+1_2a_4;3.59052183e-07;Q14_7;YES;Amont_C, Syst_Est_amont;0.908;0.0138;0.312;7.09
sim_0088;scenario1;1_2a;1_1a-1_1a_0__1_1b-1_1b_0__1_2a-1_2a_1+1_2a_2+1_2a_3+1_2a_4;3.260817e-09;Q14_7;YES;Amont_C, Syst_Est_interm;0.911;0.0162;0.319;7.56
sim_0089;scenario1;1_2a;1_1a-1_1a_0__1_1b-1_1b_1__1_2a-1_2a_0;0.08429688;Q14_7;YES;Amont_C;1.34;0.0295;0.416;0.0692
sim_0090;scenario1;1_2a;1_1a-1_1a_0__1_1b-1_1b_1__1_2a-1_2a_1;0.000761207816871;Q14_7;YES;Amont_C;1.34;0.0295;0.416;0.0146
sim_0091;scenario1;1_2a;1_1a-1_1a_0__1_1b-1_1b_1__1_2a-1_2a_2;0.000761207816871;Q14_7;YES;Amont_C;1.34;0.0295;0.416;0.00507
sim_0092;scenario1;1_2a;1_1a-1_1a_0__1_1b-1_1b_1__1_2a-1_2a_3;0.000761207816871;Q14_7;YES;Amont_C;1.3;0.0294;0.416;0.0657
sim_0093;scenario1;1_2a;1_1a-1_1a_0__1_1b-1_1b_1__1_2a-1_2a_4;0.000761207816871;Q14_7;YES;Amont_C, Syst_Est_interm;0.915;0.0134;0.312;8.65
sim_0094;scenario1;1_2a;1_1a-1_1a_0__1_1b-1_1b_1__1_2a-1_2a_1+1_2a_2;6.91308814514e-06;Q14_7;YES;Amont_C;1.45;0.0341;0.416;0.00398
sim_0095;scenario1;1_2a;1_1a-1_1a_0__1_1b-1_1b_1__1_2a-1_2a_1+1_2a_3;6.91308814514e-06;Q14_7;YES;Amont_C;1.31;0.0295;0.416;0.0142
sim_0096;scenario1;1_2a;1_1a-1_1a_0__1_1b-1_1b_1__1_2a-1_2a_1+1_2a_4;6.91308814514e-06;Q14_7;YES;Amont_C, Syst_Est_interm;0.899;0.0123;0.309;8.36
sim_0097;scenario1;1_2a;1_1a-1_1a_0__1_1b-1_1b_1__1_2a-1_2a_2+1_2a_3;6.91308814514e-06;Q14_7;YES;Amont_C;1.31;0.0294;0.416;0.00489
sim_0098;scenario1;1_2a;1_1a-1_1a_0__1_1b-1_1b_1__1_2a-1_2a_2+1_2a_4;6.91308814514e-06;Q14_7;YES;Amont_C, Syst_Est_interm;0.922;0.0151;0.316;7.63
sim_0099;scenario1;1_2a;1_1a-1_1a_0__1_1b-1_1b_1__1_2a-1_2a_3+1_2a_4;6.91308814514e-06;Q14_7;YES;Amont_C, Syst_Est_interm;0.883;0.0112;0.305;8.38
sim_0100;scenario1;1_2a;1_1a-1_1a_0__1_1b-1_1b_1__1_2a-1_2a_1+1_2a_2+1_2a_3;6.2782838856e-08;Q14_7;YES;Amont_C;1.42;0.034;0.416;0.0038
sim_0101;scenario1;1_2a;1_1a-1_1a_0__1_1b-1_1b_1__1_2a-1_2a_1+1_2a_2+1_2a_4;6.2782838856e-08;Q14_7;YES;Amont_C, Syst_Est_interm;0.92;0.0158;0.317;7.65
sim_0102;scenario1;1_2a;1_1a-1_1a_0__1_1b-1_1b_1__1_2a-1_2a_1+1_2a_3+1_2a_4;6.2782838856e-08;Q14_7;YES;Amont_C, Syst_Est_interm;0.887;0.0124;0.309;8.37
sim_0103;scenario1;1_2a;1_1a-1_1a_0__1_1b-1_1b_1__1_2a-1_2a_2+1_2a_3+1_2a_4;6.2782838856e-08;Q14_7;YES;Amont_C, Syst_Est_interm;0.909;0.015;0.315;7.62
sim_0104;scenario1;1_2a;1_1a-1_1a_0__1_1b-1_1b_1__1_2a-1_2a_1+1_2a_2+1_2a_3+1_2a_4;5.70177144e-10;Q14_7;YES;Amont_C, Syst_Est_interm;0.907;0.0159;0.317;7.67
sim_0105;scenario1;1_2a;1_1a-1_1a_0__1_1b-1_1b_2__1_2a-1_2a_0;0.08429688;Q14_7;YES;Amont_C, Syst_Est_amont;1.34;0.0221;0.416;0.00267
sim_0106;scenario1;1_2a;1_1a-1_1a_0__1_1b-1_1b_2__1_2a-1_2a_1;0.000761207816871;Q14_7;YES;Amont_C, Syst_Est_amont;1.34;0.0295;0.416;0.0042
sim_0107;scenario1;1_2a;1_1a-1_1a_0__1_1b-1_1b_2__1_2a-1_2a_2;0.000761207816871;Q14_7;YES;Amont_C, Syst_Est_amont;1.34;0.0285;0.416;0.00168
sim_0108;scenario1;1_2a;1_1a-1_1a_0__1_1b-1_1b_2__1_2a-1_2a_3;0.000761207816871;Q14_7;YES;Amont_C, Syst_Est_amont;1.3;0.0294;0.416;0.00637
sim_0109;scenario1;1_2a;1_1a-1_1a_0__1_1b-1_1b_2__1_2a-1_2a_4;0.000761207816871;Q14_7;YES;Amont_C, Syst_Est_amont;0.913;0.0133;0.311;6.08
sim_0110;scenario1;1_2a;1_1a-1_1a_0__1_1b-1_1b_2__1_2a-1_2a_1+1_2a_2;6.91308814514e-06;Q14_7;YES;Amont_C;1.35;0.0329;0.416;0.0017
sim_0111;scenario1;1_2a;1_1a-1_1a_0__1_1b-1_1b_2__1_2a-1_2a_1+1_2a_3;6.91308814514e-06;Q14_7;YES;Amont_C;1.31;0.0294;0.416;0.00368
sim_0112;scenario1;1_2a;1_1a-1_1a_0__1_1b-1_1b_2__1_2a-1_2a_1+1_2a_4;6.91308814514e-06;Q14_7;YES;Amont_C;0.932;0.014;0.315;6.06
sim_0113;scenario1;1_2a;1_1a-1_1a_0__1_1b-1_1b_2__1_2a-1_2a_2+1_2a_3;6.91308814514e-06;Q14_7;YES;Amont_C, Syst_Est_amont;1.31;0.0284;0.416;0.0022
sim_0114;scenario1;1_2a;1_1a-1_1a_0__1_1b-1_1b_2__1_2a-1_2a_2+1_2a_4;6.91308814514e-06;Q14_7;YES;Amont_C, Syst_Est_amont;0.921;0.0148;0.315;5.9
sim_0115;scenario1;1_2a;1_1a-1_1a_0__1_1b-1_1b_2__1_2a-1_2a_3+1_2a_4;6.91308814514e-06;Q14_7;YES;Amont_C, Syst_Est_amont;0.9;0.0133;0.312;6.07
sim_0116;scenario1;1_2a;1_1a-1_1a_0__1_1b-1_1b_2__1_2a-1_2a_1+1_2a_2+1_2a_3;6.2782838856e-08;Q14_7;YES;Amont_C;1.32;0.0328;0.416;0.0016
sim_0117;scenario1;1_2a;1_1a-1_1a_0__1_1b-1_1b_2__1_2a-1_2a_1+1_2a_2+1_2a_4;6.2782838856e-08;Q14_7;YES;Amont_C;0.924;0.0163;0.32;5.98
sim_0118;scenario1;1_2a;1_1a-1_1a_0__1_1b-1_1b_2__1_2a-1_2a_1+1_2a_3+1_2a_4;6.2782838856e-08;Q14_7;YES;Amont_C;0.919;0.014;0.315;6.07
sim_0119;scenario1;1_2a;1_1a-1_1a_0__1_1b-1_1b_2__1_2a-1_2a_2+1_2a_3+1_2a_4;6.2782838856e-08;Q14_7;YES;Amont_C, Syst_Est_amont;0.908;0.0149;0.315;5.91
sim_0120;scenario1;1_2a;1_1a-1_1a_0__1_1b-1_1b_2__1_2a-1_2a_1+1_2a_2+1_2a_3+1_2a_4;5.70177144e-10;Q14_7;YES;Amont_C;0.911;0.0164;0.32;5.98
sim_0121;scenario1;1_2a;1_1a-1_1a_0__1_1b-1_1b_3__1_2a-1_2a_0;0.01990343;Q14_7;YES;Amont_C, Syst_Est_amont;1.31;0.0311;0.413;0.67
sim_0122;scenario1;1_2a;1_1a-1_1a_0__1_1b-1_1b_3__1_2a-1_2a_1;0.000179729623428;Q14_7;YES;Amont_C;1.31;0.0319;0.413;0.629
sim_0123;scenario1;1_2a;1_1a-1_1a_0__1_1b-1_1b_3__1_2a-1_2a_2;0.000179729623428;Q14_7;YES;Amont_C, Syst_Est_amont;1.31;0.0311;0.413;0.615
sim_0124;scenario1;1_2a;1_1a-1_1a_0__1_1b-1_1b_3__1_2a-1_2a_3;0.000179729623428;Q14_7;YES;Amont_C, Syst_Est_amont;1.28;0.0311;0.413;0.681
sim_0125;scenario1;1_2a;1_1a-1_1a_0__1_1b-1_1b_3__1_2a-1_2a_4;0.000179729623428;Q14_7;YES;Amont_C, Syst_Est_amont;0.853;0.0135;0.306;10.5
sim_0126;scenario1;1_2a;1_1a-1_1a_0__1_1b-1_1b_3__1_2a-1_2a_1+1_2a_2;1.63225692316e-06;Q14_7;YES;Amont_C;1.31;0.0314;0.413;0.615
sim_0127;scenario1;1_2a;1_1a-1_1a_0__1_1b-1_1b_3__1_2a-1_2a_1+1_2a_3;1.63225692316e-06;Q14_7;YES;Amont_C;1.28;0.032;0.413;0.633
sim_0128;scenario1;1_2a;1_1a-1_1a_0__1_1b-1_1b_3__1_2a-1_2a_1+1_2a_4;1.63225692316e-06;Q14_7;YES;Amont_C, Syst_Est_amont, Syst_Est_interm;0.866;0.0144;0.31;10.2
sim_0129;scenario1;1_2a;1_1a-1_1a_0__1_1b-1_1b_3__1_2a-1_2a_2+1_2a_3;1.63225692316e-06;Q14_7;YES;Amont_C, Syst_Est_amont;1.28;0.0311;0.413;0.615
sim_0130;scenario1;1_2a;1_1a-1_1a_0__1_1b-1_1b_3__1_2a-1_2a_2+1_2a_4;1.63225692316e-06;Q14_7;YES;Amont_C, Syst_Est_amont;0.858;0.0149;0.309;9.07
sim_0131;scenario1;1_2a;1_1a-1_1a_0__1_1b-1_1b_3__1_2a-1_2a_3+1_2a_4;1.63225692316e-06;Q14_7;YES;Amont_C, Syst_Est_amont;0.839;0.0135;0.306;10.6
sim_0132;scenario1;1_2a;1_1a-1_1a_0__1_1b-1_1b_3__1_2a-1_2a_1+1_2a_2+1_2a_3;1.4823725841e-08;Q14_7;YES;Amont_C;1.28;0.0315;0.413;0.617
sim_0133;scenario1;1_2a;1_1a-1_1a_0__1_1b-1_1b_3__1_2a-1_2a_1+1_2a_2+1_2a_4;1.4823725841e-08;Q14_7;YES;Amont_C, Syst_Est_interm;0.87;0.0156;0.314;9.17
sim_0134;scenario1;1_2a;1_1a-1_1a_0__1_1b-1_1b_3__1_2a-1_2a_1+1_2a_3+1_2a_4;1.4823725841e-08;Q14_7;YES;Amont_C, Syst_Est_amont;0.853;0.0144;0.31;10.2
sim_0135;scenario1;1_2a;1_1a-1_1a_0__1_1b-1_1b_3__1_2a-1_2a_2+1_2a_3+1_2a_4;1.4823725841e-08;Q14_7;YES;Amont_C, Syst_Est_amont;0.846;0.015;0.31;9.07
sim_0136;scenario1;1_2a;1_1a-1_1a_0__1_1b-1_1b_3__1_2a-1_2a_1+1_2a_2+1_2a_3+1_2a_4;1.34625159e-10;Q14_7;YES;Amont_C, Syst_Est_interm;0.858;0.0157;0.314;9.18
sim_0137;scenario1;1_2a;1_1a-1_1a_0__1_1b-1_1b_1+1_1b_2__1_2a-1_2a_0;0.01487592;Q14_7;YES;Amont_C;1.34;0.0295;0.416;0.0536
sim_0138;scenario1;1_2a;1_1a-1_1a_0__1_1b-1_1b_1+1_1b_2__1_2a-1_2a_1;0.000134330791213;Q14_7;YES;Amont_C;1.34;0.0295;0.416;0.0139
sim_0139;scenario1;1_2a;1_1a-1_1a_0__1_1b-1_1b_1+1_1b_2__1_2a-1_2a_2;0.000134330791213;Q14_7;YES;Amont_C;1.34;0.0295;0.416;0.0049
sim_0140;scenario1;1_2a;1_1a-1_1a_0__1_1b-1_1b_1+1_1b_2__1_2a-1_2a_3;0.000134330791213;Q14_7;YES;Amont_C;1.3;0.0294;0.416;0.0523
sim_0141;scenario1;1_2a;1_1a-1_1a_0__1_1b-1_1b_1+1_1b_2__1_2a-1_2a_4;0.000134330791213;Q14_7;YES;Amont_C;0.913;0.0133;0.312;6.37
sim_0142;scenario1;1_2a;1_1a-1_1a_0__1_1b-1_1b_1+1_1b_2__1_2a-1_2a_1+1_2a_2;1.2199567315e-06;Q14_7;YES;Amont_C;1.39;0.0333;0.416;0.00163
sim_0143;scenario1;1_2a;1_1a-1_1a_0__1_1b-1_1b_1+1_1b_2__1_2a-1_2a_1+1_2a_3;1.2199567315e-06;Q14_7;YES;Amont_C;1.31;0.0294;0.416;0.0135
sim_0144;scenario1;1_2a;1_1a-1_1a_0__1_1b-1_1b_1+1_1b_2__1_2a-1_2a_1+1_2a_4;1.2199567315e-06;Q14_7;YES;Amont_C;0.925;0.0139;0.313;6.28
sim_0145;scenario1;1_2a;1_1a-1_1a_0__1_1b-1_1b_1+1_1b_2__1_2a-1_2a_2+1_2a_3;1.2199567315e-06;Q14_7;YES;Amont_C;1.31;0.0294;0.416;0.00469
sim_0146;scenario1;1_2a;1_1a-1_1a_0__1_1b-1_1b_1+1_1b_2__1_2a-1_2a_2+1_2a_4;1.2199567315e-06;Q14_7;YES;Amont_C;0.921;0.0147;0.314;6.17
sim_0147;scenario1;1_2a;1_1a-1_1a_0__1_1b-1_1b_1+1_1b_2__1_2a-1_2a_3+1_2a_4;1.2199567315e-06;Q14_7;YES;Amont_C;0.9;0.0133;0.311;6.37
sim_0148;scenario1;1_2a;1_1a-1_1a_0__1_1b-1_1b_1+1_1b_2__1_2a-1_2a_1+1_2a_2+1_2a_3;1.1079324504e-08;Q14_7;YES;Amont_C;1.36;0.0332;0.416;0.00155
sim_0149;scenario1;1_2a;1_1a-1_1a_0__1_1b-1_1b_1+1_1b_2__1_2a-1_2a_1+1_2a_2+1_2a_4;1.1079324504e-08;Q14_7;YES;Amont_C;0.92;0.0161;0.318;6.17
sim_0150;scenario1;1_2a;1_1a-1_1a_0__1_1b-1_1b_1+1_1b_2__1_2a-1_2a_1+1_2a_3+1_2a_4;1.1079324504e-08;Q14_7;YES;Amont_C;0.912;0.0139;0.313;6.27
sim_0151;scenario1;1_2a;1_1a-1_1a_0__1_1b-1_1b_1+1_1b_2__1_2a-1_2a_2+1_2a_3+1_2a_4;1.1079324504e-08;Q14_7;YES;Amont_C;0.907;0.0147;0.315;6.18
sim_0152;scenario1;1_2a;1_1a-1_1a_0__1_1b-1_1b_1+1_1b_2__1_2a-1_2a_1+1_2a_2+1_2a_3+1_2a_4;1.00619496e-10;Q14_7;YES;Amont_C;0.907;0.0162;0.319;6.18
sim_0153;scenario1;1_2a;1_1a-1_1a_0__1_1b-1_1b_1+1_1b_3__1_2a-1_2a_0;0.00351237;Q14_7;YES;Amont_C;1.31;0.0318;0.413;0.75
sim_0154;scenario1;1_2a;1_1a-1_1a_0__1_1b-1_1b_1+1_1b_3__1_2a-1_2a_1;3.17169923696e-05;Q14_7;YES;Amont_C;1.31;0.0326;0.413;0.598
sim_0155;scenario1;1_2a;1_1a-1_1a_0__1_1b-1_1b_1+1_1b_3__1_2a-1_2a_2;3.17169923696e-05;Q14_7;YES;Amont_C;1.31;0.0318;0.413;0.567
sim_0156;scenario1;1_2a;1_1a-1_1a_0__1_1b-1_1b_1+1_1b_3__1_2a-1_2a_3;3.17169923696e-05;Q14_7;YES;Amont_C;1.28;0.0318;0.413;0.772
sim_0157;scenario1;1_2a;1_1a-1_1a_0__1_1b-1_1b_1+1_1b_3__1_2a-1_2a_4;3.17169923696e-05;Q14_7;YES;Amont_C, Syst_Est_interm;0.863;0.0145;0.31;10.4
sim_0158;scenario1;1_2a;1_1a-1_1a_0__1_1b-1_1b_1+1_1b_3__1_2a-1_2a_1+1_2a_2;2.88045339381e-07;Q14_7;YES;Amont_C;1.31;0.0325;0.413;0.48
sim_0159;scenario1;1_2a;1_1a-1_1a_0__1_1b-1_1b_1+1_1b_3__1_2a-1_2a_1+1_2a_3;2.88045339381e-07;Q14_7;YES;Amont_C;1.28;0.0329;0.413;0.608
sim_0160;scenario1;1_2a;1_1a-1_1a_0__1_1b-1_1b_1+1_1b_3__1_2a-1_2a_1+1_2a_4;2.88045339381e-07;Q14_7;YES;Amont_C, Syst_Est_interm;0.864;0.0146;0.31;10.4
sim_0161;scenario1;1_2a;1_1a-1_1a_0__1_1b-1_1b_1+1_1b_3__1_2a-1_2a_2+1_2a_3;2.88045339381e-07;Q14_7;YES;Amont_C;1.28;0.0318;0.413;0.568
sim_0162;scenario1;1_2a;1_1a-1_1a_0__1_1b-1_1b_1+1_1b_3__1_2a-1_2a_2+1_2a_4;2.88045339381e-07;Q14_7;YES;Amont_C, Syst_Est_interm;0.856;0.0148;0.309;9.48
sim_0163;scenario1;1_2a;1_1a-1_1a_0__1_1b-1_1b_1+1_1b_3__1_2a-1_2a_3+1_2a_4;2.88045339381e-07;Q14_7;YES;Amont_C, Syst_Est_interm;0.85;0.0145;0.31;10.4
sim_0164;scenario1;1_2a;1_1a-1_1a_0__1_1b-1_1b_1+1_1b_3__1_2a-1_2a_1+1_2a_2+1_2a_3;2.615951619e-09;Q14_7;YES;Amont_C;1.28;0.0326;0.413;0.485
sim_0165;scenario1;1_2a;1_1a-1_1a_0__1_1b-1_1b_1+1_1b_3__1_2a-1_2a_1+1_2a_2+1_2a_4;2.615951619e-09;Q14_7;YES;Amont_C, Syst_Est_interm;0.866;0.0156;0.313;9.34
sim_0166;scenario1;1_2a;1_1a-1_1a_0__1_1b-1_1b_1+1_1b_3__1_2a-1_2a_1+1_2a_3+1_2a_4;2.615951619e-09;Q14_7;YES;Amont_C, Syst_Est_interm;0.852;0.0146;0.31;10.4
sim_0167;scenario1;1_2a;1_1a-1_1a_0__1_1b-1_1b_1+1_1b_3__1_2a-1_2a_2+1_2a_3+1_2a_4;2.615951619e-09;Q14_7;YES;Amont_C, Syst_Est_interm;0.844;0.0149;0.309;9.49
sim_0168;scenario1;1_2a;1_1a-1_1a_0__1_1b-1_1b_1+1_1b_3__1_2a-1_2a_1+1_2a_2+1_2a_3+1_2a_4;2.3757381e-11;Q14_7;YES;Amont_C, Syst_Est_interm;0.854;0.0156;0.313;9.34
sim_0169;scenario1;1_2a;1_1a-1_1a_0__1_1b-1_1b_2+1_1b_3__1_2a-1_2a_0;0.00351237;Q14_7;YES;Amont_C, Syst_Est_amont;1.31;0.0311;0.413;0.356
sim_0170;scenario1;1_2a;1_1a-1_1a_0__1_1b-1_1b_2+1_1b_3__1_2a-1_2a_1;3.17169923696e-05;Q14_7;YES;Amont_C;1.31;0.0313;0.413;0.349
sim_0171;scenario1;1_2a;1_1a-1_1a_0__1_1b-1_1b_2+1_1b_3__1_2a-1_2a_2;3.17169923696e-05;Q14_7;YES;Amont_C, Syst_Est_amont;1.31;0.0311;0.413;0.346
sim_0172;scenario1;1_2a;1_1a-1_1a_0__1_1b-1_1b_2+1_1b_3__1_2a-1_2a_3;3.17169923696e-05;Q14_7;YES;Amont_C, Syst_Est_amont;1.28;0.0311;0.413;0.363
sim_0173;scenario1;1_2a;1_1a-1_1a_0__1_1b-1_1b_2+1_1b_3__1_2a-1_2a_4;3.17169923696e-05;Q14_7;YES;Amont_C, Syst_Est_amont;0.868;0.0148;0.311;7.66
sim_0174;scenario1;1_2a;1_1a-1_1a_0__1_1b-1_1b_2+1_1b_3__1_2a-1_2a_1+1_2a_2;2.88045339381e-07;Q14_7;YES;Amont_C;1.31;0.0311;0.413;0.345
sim_0175;scenario1;1_2a;1_1a-1_1a_0__1_1b-1_1b_2+1_1b_3__1_2a-1_2a_1+1_2a_3;2.88045339381e-07;Q14_7;YES;Amont_C;1.28;0.0313;0.413;0.35
sim_0176;scenario1;1_2a;1_1a-1_1a_0__1_1b-1_1b_2+1_1b_3__1_2a-1_2a_1+1_2a_4;2.88045339381e-07;Q14_7;YES;Amont_C, Syst_Est_amont;0.878;0.0148;0.312;7.57
sim_0177;scenario1;1_2a;1_1a-1_1a_0__1_1b-1_1b_2+1_1b_3__1_2a-1_2a_2+1_2a_3;2.88045339381e-07;Q14_7;YES;Amont_C, Syst_Est_amont;1.28;0.0311;0.413;0.346
sim_0178;scenario1;1_2a;1_1a-1_1a_0__1_1b-1_1b_2+1_1b_3__1_2a-1_2a_2+1_2a_4;2.88045339381e-07;Q14_7;YES;Amont_C, Syst_Est_amont;0.87;0.0156;0.312;7.45
sim_0179;scenario1;1_2a;1_1a-1_1a_0__1_1b-1_1b_2+1_1b_3__1_2a-1_2a_3+1_2a_4;2.88045339381e-07;Q14_7;YES;Amont_C, Syst_Est_amont;0.855;0.0149;0.311;7.67
sim_0180;scenario1;1_2a;1_1a-1_1a_0__1_1b-1_1b_2+1_1b_3__1_2a-1_2a_1+1_2a_2+1_2a_3;2.615951619e-09;Q14_7;YES;Amont_C;1.28;0.0311;0.413;0.345
sim_0181;scenario1;1_2a;1_1a-1_1a_0__1_1b-1_1b_2+1_1b_3__1_2a-1_2a_1+1_2a_2+1_2a_4;2.615951619e-09;Q14_7;YES;Amont_C;0.887;0.0159;0.316;7.29
sim_0182;scenario1;1_2a;1_1a-1_1a_0__1_1b-1_1b_2+1_1b_3__1_2a-1_2a_1+1_2a_3+1_2a_4;2.615951619e-09;Q14_7;YES;Amont_C, Syst_Est_amont;0.865;0.0148;0.312;7.57
sim_0183;scenario1;1_2a;1_1a-1_1a_0__1_1b-1_1b_2+1_1b_3__1_2a-1_2a_2+1_2a_3+1_2a_4;2.615951619e-09;Q14_7;YES;Amont_C, Syst_Est_amont;0.857;0.0156;0.312;7.44
sim_0184;scenario1;1_2a;1_1a-1_1a_0__1_1b-1_1b_2+1_1b_3__1_2a-1_2a_1+1_2a_2+1_2a_3+1_2a_4;2.3757381e-11;Q14_7;YES;Amont_C;0.875;0.016;0.316;7.3
sim_0185;scenario1;1_2a;1_1a-1_1a_0__1_1b-1_1b_1+1_1b_2+1_1b_3__1_2a-1_2a_0;0.00061983;Q14_7;YES;Amont_C;1.31;0.0311;0.413;0.43
sim_0186;scenario1;1_2a;1_1a-1_1a_0__1_1b-1_1b_1+1_1b_2+1_1b_3__1_2a-1_2a_1;5.59711630052e-06;Q14_7;YES;Amont_C;1.31;0.0312;0.413;0.366
sim_0187;scenario1;1_2a;1_1a-1_1a_0__1_1b-1_1b_1+1_1b_2+1_1b_3__1_2a-1_2a_2;5.59711630052e-06;Q14_7;YES;Amont_C;1.31;0.0311;0.413;0.373
sim_0188;scenario1;1_2a;1_1a-1_1a_0__1_1b-1_1b_1+1_1b_2+1_1b_3__1_2a-1_2a_3;5.59711630052e-06;Q14_7;YES;Amont_C;1.28;0.0311;0.413;0.438
sim_0189;scenario1;1_2a;1_1a-1_1a_0__1_1b-1_1b_1+1_1b_2+1_1b_3__1_2a-1_2a_4;5.59711630052e-06;Q14_7;YES;Amont_C;0.866;0.0146;0.31;7.98
sim_0190;scenario1;1_2a;1_1a-1_1a_0__1_1b-1_1b_1+1_1b_2+1_1b_3__1_2a-1_2a_1+1_2a_2;5.0831530479e-08;Q14_7;YES;Amont_C;1.31;0.0312;0.413;0.314
sim_0191;scenario1;1_2a;1_1a-1_1a_0__1_1b-1_1b_1+1_1b_2+1_1b_3__1_2a-1_2a_1+1_2a_3;5.0831530479e-08;Q14_7;YES;Amont_C;1.28;0.0312;0.413;0.367
sim_0192;scenario1;1_2a;1_1a-1_1a_0__1_1b-1_1b_1+1_1b_2+1_1b_3__1_2a-1_2a_1+1_2a_4;5.0831530479e-08;Q14_7;YES;Amont_C;0.871;0.0151;0.311;7.9
sim_0193;scenario1;1_2a;1_1a-1_1a_0__1_1b-1_1b_1+1_1b_2+1_1b_3__1_2a-1_2a_2+1_2a_3;5.0831530479e-08;Q14_7;YES;Amont_C;1.28;0.0311;0.413;0.373
sim_0194;scenario1;1_2a;1_1a-1_1a_0__1_1b-1_1b_1+1_1b_2+1_1b_3__1_2a-1_2a_2+1_2a_4;5.0831530479e-08;Q14_7;YES;Amont_C;0.868;0.0154;0.311;7.74
sim_0195;scenario1;1_2a;1_1a-1_1a_0__1_1b-1_1b_1+1_1b_2+1_1b_3__1_2a-1_2a_3+1_2a_4;5.0831530479e-08;Q14_7;YES;Amont_C;0.853;0.0147;0.31;7.99
sim_0196;scenario1;1_2a;1_1a-1_1a_0__1_1b-1_1b_1+1_1b_2+1_1b_3__1_2a-1_2a_1+1_2a_2+1_2a_3;4.61638521e-10;Q14_7;YES;Amont_C;1.28;0.0312;0.413;0.315
sim_0197;scenario1;1_2a;1_1a-1_1a_0__1_1b-1_1b_1+1_1b_2+1_1b_3__1_2a-1_2a_1+1_2a_2+1_2a_4;4.61638521e-10;Q14_7;YES;Amont_C;0.878;0.0161;0.315;7.55
sim_0198;scenario1;1_2a;1_1a-1_1a_0__1_1b-1_1b_1+1_1b_2+1_1b_3__1_2a-1_2a_1+1_2a_3+1_2a_4;4.61638521e-10;Q14_7;YES;Amont_C;0.858;0.0151;0.311;7.9
sim_0199;scenario1;1_2a;1_1a-1_1a_0__1_1b-1_1b_1+1_1b_2+1_1b_3__1_2a-1_2a_2+1_2a_3+1_2a_4;4.61638521e-10;Q14_7;YES;Amont_C;0.855;0.0155;0.312;7.74
sim_0200;scenario1;1_2a;1_1a-1_1a_0__1_1b-1_1b_1+1_1b_2+1_1b_3__1_2a-1_2a_1+1_2a_2+1_2a_3+1_2a_4;4.192479e-12;Q14_7;YES;Amont_C;0.865;0.0162;0.315;7.56
sim_0201;scenario1;1_2a;1_1a-1_1a_1__1_1b-1_1b_0__1_2a-1_2a_0;0.085706775;Q14_7;YES;Amont_C;1.34;0.0295;0.416;0.43
sim_0202;scenario1;1_2a;1_1a-1_1a_1__1_1b-1_1b_0__1_2a-1_2a_1;0.000773939285639;Q14_7;YES;Amont_C;1.34;0.03;0.416;0.216
sim_0203;scenario1;1_2a;1_1a-1_1a_1__1_1b-1_1b_0__1_2a-1_2a_2;0.000773939285639;Q14_7;YES;Amont_C;1.34;0.0308;0.416;0.187
sim_0204;scenario1;1_2a;1_1a-1_1a_1__1_1b-1_1b_0__1_2a-1_2a_3;0.000773939285639;Q14_7;YES;Amont_C;1.3;0.0294;0.416;0.429
sim_0205;scenario1;1_2a;1_1a-1_1a_1__1_1b-1_1b_0__1_2a-1_2a_4;0.000773939285639;Q14_7;YES;Amont_C;0.916;0.0134;0.312;8.88
sim_0206;scenario1;1_2a;1_1a-1_1a_1__1_1b-1_1b_0__1_2a-1_2a_1+1_2a_2;7.02871197856e-06;Q14_7;YES;Amont_C;1.44;0.0336;0.416;0.0489
sim_0207;scenario1;1_2a;1_1a-1_1a_1__1_1b-1_1b_0__1_2a-1_2a_1+1_2a_3;7.02871197856e-06;Q14_7;YES;Amont_C;1.31;0.0301;0.416;0.228
sim_0208;scenario1;1_2a;1_1a-1_1a_1__1_1b-1_1b_0__1_2a-1_2a_1+1_2a_4;7.02871197856e-06;Q14_7;YES;Amont_C;0.915;0.0139;0.312;9.03
sim_0209;scenario1;1_2a;1_1a-1_1a_1__1_1b-1_1b_0__1_2a-1_2a_2+1_2a_3;7.02871197856e-06;Q14_7;YES;Amont_C;1.31;0.0309;0.416;0.2
sim_0210;scenario1;1_2a;1_1a-1_1a_1__1_1b-1_1b_0__1_2a-1_2a_2+1_2a_4;7.02871197856e-06;Q14_7;YES;Amont_C;0.921;0.014;0.313;7.91
sim_0211;scenario1;1_2a;1_1a-1_1a_1__1_1b-1_1b_0__1_2a-1_2a_3+1_2a_4;7.02871197856e-06;Q14_7;YES;Amont_C;0.904;0.0135;0.312;8.9
sim_0212;scenario1;1_2a;1_1a-1_1a_1__1_1b-1_1b_0__1_2a-1_2a_1+1_2a_2+1_2a_3;6.38329039425e-08;Q14_7;YES;Amont_C;1.4;0.0335;0.416;0.0487
sim_0213;scenario1;1_2a;1_1a-1_1a_1__1_1b-1_1b_0__1_2a-1_2a_1+1_2a_2+1_2a_4;6.38329039425e-08;Q14_7;YES;Amont_C;0.917;0.0151;0.315;8.04
sim_0214;scenario1;1_2a;1_1a-1_1a_1__1_1b-1_1b_0__1_2a-1_2a_1+1_2a_3+1_2a_4;6.38329039425e-08;Q14_7;YES;Amont_C;0.902;0.014;0.313;9.06
sim_0215;scenario1;1_2a;1_1a-1_1a_1__1_1b-1_1b_0__1_2a-1_2a_2+1_2a_3+1_2a_4;6.38329039425e-08;Q14_7;YES;Amont_C;0.907;0.014;0.313;7.91
sim_0216;scenario1;1_2a;1_1a-1_1a_1__1_1b-1_1b_0__1_2a-1_2a_1+1_2a_2+1_2a_3+1_2a_4;5.797135575e-10;Q14_7;YES;Amont_C;0.904;0.0151;0.315;8.05
sim_0217;scenario1;1_2a;1_1a-1_1a_1__1_1b-1_1b_1__1_2a-1_2a_0;0.0149864418;Q14_7;YES;Amont_C;1.34;0.0295;0.416;0.418
sim_0218;scenario1;1_2a;1_1a-1_1a_1__1_1b-1_1b_1__1_2a-1_2a_1;0.000135328812232;Q14_7;YES;Amont_C;1.34;0.0301;0.416;0.21
sim_0219;scenario1;1_2a;1_1a-1_1a_1__1_1b-1_1b_1__1_2a-1_2a_2;0.000135328812232;Q14_7;YES;Amont_C;1.34;0.0309;0.416;0.186
sim_0220;scenario1;1_2a;1_1a-1_1a_1__1_1b-1_1b_1__1_2a-1_2a_3;0.000135328812232;Q14_7;YES;Amont_C;1.3;0.0294;0.416;0.417
sim_0221;scenario1;1_2a;1_1a-1_1a_1__1_1b-1_1b_1__1_2a-1_2a_4;0.000135328812232;Q14_7;YES;Amont_C;0.9;0.0122;0.308;8.7
sim_0222;scenario1;1_2a;1_1a-1_1a_1__1_1b-1_1b_1__1_2a-1_2a_1+1_2a_2;1.22902049454e-06;Q14_7;YES;Amont_C;1.34;0.0304;0.416;0
sim_0223;scenario1;1_2a;1_1a-1_1a_1__1_1b-1_1b_1__1_2a-1_2a_1+1_2a_3;1.22902049454e-06;Q14_7;YES;Amont_C;1.31;0.0302;0.416;0.224
sim_0224;scenario1;1_2a;1_1a-1_1a_1__1_1b-1_1b_1__1_2a-1_2a_1+1_2a_4;1.22902049454e-06;Q14_7;YES;Amont_C;0.902;0.0131;0.31;8.92
sim_0225;scenario1;1_2a;1_1a-1_1a_1__1_1b-1_1b_1__1_2a-1_2a_2+1_2a_3;1.22902049454e-06;Q14_7;YES;Amont_C;1.31;0.031;0.416;0.198
sim_0226;scenario1;1_2a;1_1a-1_1a_1__1_1b-1_1b_1__1_2a-1_2a_2+1_2a_4;1.22902049454e-06;Q14_7;YES;Amont_C;0.916;0.0139;0.312;7.82
sim_0227;scenario1;1_2a;1_1a-1_1a_1__1_1b-1_1b_1__1_2a-1_2a_3+1_2a_4;1.22902049454e-06;Q14_7;YES;Amont_C;0.888;0.0122;0.308;8.72
sim_0228;scenario1;1_2a;1_1a-1_1a_1__1_1b-1_1b_1__1_2a-1_2a_1+1_2a_2+1_2a_3;1.11616392037e-08;Q14_7;YES;Amont_C;1.31;0.0304;0.416;0
sim_0229;scenario1;1_2a;1_1a-1_1a_1__1_1b-1_1b_1__1_2a-1_2a_1+1_2a_2+1_2a_4;1.11616392037e-08;Q14_7;YES;Amont_C, Syst_Est_interm;0.918;0.015;0.315;7.89
sim_0230;scenario1;1_2a;1_1a-1_1a_1__1_1b-1_1b_1__1_2a-1_2a_1+1_2a_3+1_2a_4;1.11616392037e-08;Q14_7;YES;Amont_C;0.89;0.0132;0.311;8.95
sim_0231;scenario1;1_2a;1_1a-1_1a_1__1_1b-1_1b_1__1_2a-1_2a_2+1_2a_3+1_2a_4;1.11616392037e-08;Q14_7;YES;Amont_C;0.901;0.0138;0.312;7.82
sim_0232;scenario1;1_2a;1_1a-1_1a_1__1_1b-1_1b_1__1_2a-1_2a_1+1_2a_2+1_2a_3+1_2a_4;1.0136705634e-10;Q14_7;YES;Amont_C, Syst_Est_interm;0.904;0.0151;0.315;7.9
sim_0233;scenario1;1_2a;1_1a-1_1a_1__1_1b-1_1b_2__1_2a-1_2a_0;0.0149864418;Q14_7;YES;Amont_C;1.34;0.0295;0.416;0.422
sim_0234;scenario1;1_2a;1_1a-1_1a_1__1_1b-1_1b_2__1_2a-1_2a_1;0.000135328812232;Q14_7;YES;Amont_C;1.34;0.0301;0.416;0.208
sim_0235;scenario1;1_2a;1_1a-1_1a_1__1_1b-1_1b_2__1_2a-1_2a_2;0.000135328812232;Q14_7;YES;Amont_C;1.34;0.0309;0.416;0.188
sim_0236;scenario1;1_2a;1_1a-1_1a_1__1_1b-1_1b_2__1_2a-1_2a_3;0.000135328812232;Q14_7;YES;Amont_C;1.3;0.0294;0.416;0.421
sim_0237;scenario1;1_2a;1_1a-1_1a_1__1_1b-1_1b_2__1_2a-1_2a_4;0.000135328812232;Q14_7;YES;Amont_C;0.903;0.0127;0.31;6.96
sim_0238;scenario1;1_2a;1_1a-1_1a_1__1_1b-1_1b_2__1_2a-1_2a_1+1_2a_2;1.22902049454e-06;Q14_7;YES;Amont_C;1.45;0.0338;0.416;0.0497
sim_0239;scenario1;1_2a;1_1a-1_1a_1__1_1b-1_1b_2__1_2a-1_2a_1+1_2a_3;1.22902049454e-06;Q14_7;YES;Amont_C;1.31;0.0302;0.416;0.224
sim_0240;scenario1;1_2a;1_1a-1_1a_1__1_1b-1_1b_2__1_2a-1_2a_1+1_2a_4;1.22902049454e-06;Q14_7;YES;Amont_C;0.903;0.0133;0.311;7
sim_0241;scenario1;1_2a;1_1a-1_1a_1__1_1b-1_1b_2__1_2a-1_2a_2+1_2a_3;1.22902049454e-06;Q14_7;YES;Amont_C;1.31;0.031;0.416;0.196
sim_0242;scenario1;1_2a;1_1a-1_1a_1__1_1b-1_1b_2__1_2a-1_2a_2+1_2a_4;1.22902049454e-06;Q14_7;YES;Amont_C;0.911;0.014;0.312;6.76
sim_0243;scenario1;1_2a;1_1a-1_1a_1__1_1b-1_1b_2__1_2a-1_2a_3+1_2a_4;1.22902049454e-06;Q14_7;YES;Amont_C;0.889;0.0125;0.309;6.93
sim_0244;scenario1;1_2a;1_1a-1_1a_1__1_1b-1_1b_2__1_2a-1_2a_1+1_2a_2+1_2a_3;1.11616392037e-08;Q14_7;YES;Amont_C;1.42;0.0338;0.416;0.0497
sim_0245;scenario1;1_2a;1_1a-1_1a_1__1_1b-1_1b_2__1_2a-1_2a_1+1_2a_2+1_2a_4;1.11616392037e-08;Q14_7;YES;Amont_C;0.917;0.015;0.314;6.8
sim_0246;scenario1;1_2a;1_1a-1_1a_1__1_1b-1_1b_2__1_2a-1_2a_1+1_2a_3+1_2a_4;1.11616392037e-08;Q14_7;YES;Amont_C;0.89;0.0133;0.311;7
sim_0247;scenario1;1_2a;1_1a-1_1a_1__1_1b-1_1b_2__1_2a-1_2a_2+1_2a_3+1_2a_4;1.11616392037e-08;Q14_7;YES;Amont_C;0.898;0.014;0.312;6.76
sim_0248;scenario1;1_2a;1_1a-1_1a_1__1_1b-1_1b_2__1_2a-1_2a_1+1_2a_2+1_2a_3+1_2a_4;1.0136705634e-10;Q14_7;YES;Amont_C;0.904;0.0151;0.315;6.81
sim_0249;scenario1;1_2a;1_1a-1_1a_1__1_1b-1_1b_3__1_2a-1_2a_0;0.003538465425;Q14_7;YES;Amont_C;1.31;0.0311;0.413;1.3
sim_0250;scenario1;1_2a;1_1a-1_1a_1__1_1b-1_1b_3__1_2a-1_2a_1;3.19526362214e-05;Q14_7;YES;Amont_C;1.31;0.0314;0.413;1.15
sim_0251;scenario1;1_2a;1_1a-1_1a_1__1_1b-1_1b_3__1_2a-1_2a_2;3.19526362214e-05;Q14_7;YES;Amont_C;1.31;0.0314;0.413;1.01
sim_0252;scenario1;1_2a;1_1a-1_1a_1__1_1b-1_1b_3__1_2a-1_2a_3;3.19526362214e-05;Q14_7;YES;Amont_C;1.28;0.0311;0.413;1.32
sim_0253;scenario1;1_2a;1_1a-1_1a_1__1_1b-1_1b_3__1_2a-1_2a_4;3.19526362214e-05;Q14_7;YES;Amont_C;0.86;0.0142;0.309;10.8
sim_0254;scenario1;1_2a;1_1a-1_1a_1__1_1b-1_1b_3__1_2a-1_2a_1+1_2a_2;2.90185394543e-07;Q14_7;YES;Amont_C;1.31;0.0326;0.413;0.838
sim_0255;scenario1;1_2a;1_1a-1_1a_1__1_1b-1_1b_3__1_2a-1_2a_1+1_2a_3;2.90185394543e-07;Q14_7;YES;Amont_C;1.28;0.0314;0.413;1.18
sim_0256;scenario1;1_2a;1_1a-1_1a_1__1_1b-1_1b_3__1_2a-1_2a_1+1_2a_4;2.90185394543e-07;Q14_7;YES;Amont_C;0.857;0.0147;0.309;10.9
sim_0257;scenario1;1_2a;1_1a-1_1a_1__1_1b-1_1b_3__1_2a-1_2a_2+1_2a_3;2.90185394543e-07;Q14_7;YES;Amont_C;1.28;0.0314;0.413;1.02
sim_0258;scenario1;1_2a;1_1a-1_1a_1__1_1b-1_1b_3__1_2a-1_2a_2+1_2a_4;2.90185394543e-07;Q14_7;YES;Amont_C;0.853;0.0145;0.308;9.91
sim_0259;scenario1;1_2a;1_1a-1_1a_1__1_1b-1_1b_3__1_2a-1_2a_3+1_2a_4;2.90185394543e-07;Q14_7;YES;Amont_C;0.847;0.0141;0.309;10.8
sim_0260;scenario1;1_2a;1_1a-1_1a_1__1_1b-1_1b_3__1_2a-1_2a_1+1_2a_2+1_2a_3;2.6353870342e-09;Q14_7;YES;Amont_C;1.28;0.0326;0.413;0.856
sim_0261;scenario1;1_2a;1_1a-1_1a_1__1_1b-1_1b_3__1_2a-1_2a_1+1_2a_2+1_2a_4;2.6353870342e-09;Q14_7;YES;Amont_C, Syst_Est_interm;0.858;0.0153;0.311;9.75
sim_0262;scenario1;1_2a;1_1a-1_1a_1__1_1b-1_1b_3__1_2a-1_2a_1+1_2a_3+1_2a_4;2.6353870342e-09;Q14_7;YES;Amont_C;0.844;0.0147;0.309;10.9
sim_0263;scenario1;1_2a;1_1a-1_1a_1__1_1b-1_1b_3__1_2a-1_2a_2+1_2a_3+1_2a_4;2.6353870342e-09;Q14_7;YES;Amont_C;0.841;0.0146;0.308;9.9
sim_0264;scenario1;1_2a;1_1a-1_1a_1__1_1b-1_1b_3__1_2a-1_2a_1+1_2a_2+1_2a_3+1_2a_4;2.39338883025e-11;Q14_7;YES;Amont_C, Syst_Est_interm;0.845;0.0153;0.311;9.74
sim_0265;scenario1;1_2a;1_1a-1_1a_1__1_1b-1_1b_1+1_1b_2__1_2a-1_2a_0;0.0026446662;Q14_7;YES;Amont_C;1.34;0.0295;0.416;0.414
sim_0266;scenario1;1_2a;1_1a-1_1a_1__1_1b-1_1b_1+1_1b_2__1_2a-1_2a_1;2.38815550997e-05;Q14_7;YES;Amont_C;1.34;0.0301;0.416;0.203
sim_0267;scenario1;1_2a;1_1a-1_1a_1__1_1b-1_1b_1+1_1b_2__1_2a-1_2a_2;2.38815550997e-05;Q14_7;YES;Amont_C;1.34;0.031;0.416;0.181
sim_0268;scenario1;1_2a;1_1a-1_1a_1__1_1b-1_1b_1+1_1b_2__1_2a-1_2a_3;2.38815550997e-05;Q14_7;YES;Amont_C;1.3;0.0294;0.416;0.414
sim_0269;scenario1;1_2a;1_1a-1_1a_1__1_1b-1_1b_1+1_1b_2__1_2a-1_2a_4;2.38815550997e-05;Q14_7;YES;Amont_C;0.9;0.0121;0.308;6.92
sim_0270;scenario1;1_2a;1_1a-1_1a_1__1_1b-1_1b_1+1_1b_2__1_2a-1_2a_1+1_2a_2;2.16885969624e-07;Q14_7;YES;Amont_C;1.45;0.0341;0.416;0.0497
sim_0271;scenario1;1_2a;1_1a-1_1a_1__1_1b-1_1b_1+1_1b_2__1_2a-1_2a_1+1_2a_3;2.16885969624e-07;Q14_7;YES;Amont_C;1.31;0.0303;0.416;0.219
sim_0272;scenario1;1_2a;1_1a-1_1a_1__1_1b-1_1b_1+1_1b_2__1_2a-1_2a_1+1_2a_4;2.16885969624e-07;Q14_7;YES;Amont_C;0.902;0.0129;0.31;6.99
sim_0273;scenario1;1_2a;1_1a-1_1a_1__1_1b-1_1b_1+1_1b_2__1_2a-1_2a_2+1_2a_3;2.16885969624e-07;Q14_7;YES;Amont_C;1.31;0.031;0.416;0.184
sim_0274;scenario1;1_2a;1_1a-1_1a_1__1_1b-1_1b_1+1_1b_2__1_2a-1_2a_2+1_2a_4;2.16885969624e-07;Q14_7;YES;Amont_C;0.907;0.0136;0.312;6.65
sim_0275;scenario1;1_2a;1_1a-1_1a_1__1_1b-1_1b_1+1_1b_2__1_2a-1_2a_3+1_2a_4;2.16885969624e-07;Q14_7;YES;Amont_C;0.887;0.012;0.308;6.9
sim_0276;scenario1;1_2a;1_1a-1_1a_1__1_1b-1_1b_1+1_1b_2__1_2a-1_2a_1+1_2a_2+1_2a_3;1.96970103594e-09;Q14_7;YES;Amont_C;1.42;0.034;0.416;0.0499
sim_0277;scenario1;1_2a;1_1a-1_1a_1__1_1b-1_1b_1+1_1b_2__1_2a-1_2a_1+1_2a_2+1_2a_4;1.96970103594e-09;Q14_7;YES;Amont_C;0.918;0.0148;0.314;6.7
sim_0278;scenario1;1_2a;1_1a-1_1a_1__1_1b-1_1b_1+1_1b_2__1_2a-1_2a_1+1_2a_3+1_2a_4;1.96970103594e-09;Q14_7;YES;Amont_C;0.889;0.013;0.31;7
sim_0279;scenario1;1_2a;1_1a-1_1a_1__1_1b-1_1b_1+1_1b_2__1_2a-1_2a_2+1_2a_3+1_2a_4;1.96970103594e-09;Q14_7;YES;Amont_C;0.894;0.0136;0.312;6.66
sim_0280;scenario1;1_2a;1_1a-1_1a_1__1_1b-1_1b_1+1_1b_2__1_2a-1_2a_1+1_2a_2+1_2a_3+1_2a_4;1.788830406e-11;Q14_7;YES;Amont_C;0.905;0.0149;0.315;6.72
sim_0281;scenario1;1_2a;1_1a-1_1a_1__1_1b-1_1b_1+1_1b_3__1_2a-1_2a_0;0.000624435075;Q14_7;YES;Amont_C;1.31;0.0311;0.413;1.32
sim_0282;scenario1;1_2a;1_1a-1_1a_1__1_1b-1_1b_1+1_1b_3__1_2a-1_2a_1;5.63870050966e-06;Q14_7;YES;Amont_C;1.31;0.0311;0.413;1.21
sim_0283;scenario1;1_2a;1_1a-1_1a_1__1_1b-1_1b_1+1_1b_3__1_2a-1_2a_2;5.63870050966e-06;Q14_7;YES;Amont_C;1.31;0.0312;0.413;1.09
sim_0284;scenario1;1_2a;1_1a-1_1a_1__1_1b-1_1b_1+1_1b_3__1_2a-1_2a_3;5.63870050966e-06;Q14_7;YES;Amont_C;1.28;0.0311;0.413;1.35
sim_0285;scenario1;1_2a;1_1a-1_1a_1__1_1b-1_1b_1+1_1b_3__1_2a-1_2a_4;5.63870050966e-06;Q14_7;YES;Amont_C;0.869;0.015;0.311;10.4
sim_0286;scenario1;1_2a;1_1a-1_1a_1__1_1b-1_1b_1+1_1b_3__1_2a-1_2a_1+1_2a_2;5.12091872723e-08;Q14_7;YES;Amont_C;1.31;0.0318;0.413;0.936
sim_0287;scenario1;1_2a;1_1a-1_1a_1__1_1b-1_1b_1+1_1b_3__1_2a-1_2a_1+1_2a_3;5.12091872723e-08;Q14_7;YES;Amont_C;1.28;0.0311;0.413;1.22
sim_0288;scenario1;1_2a;1_1a-1_1a_1__1_1b-1_1b_1+1_1b_3__1_2a-1_2a_1+1_2a_4;5.12091872723e-08;Q14_7;YES;Amont_C;0.865;0.0152;0.311;10.5
sim_0289;scenario1;1_2a;1_1a-1_1a_1__1_1b-1_1b_1+1_1b_3__1_2a-1_2a_2+1_2a_3;5.12091872723e-08;Q14_7;YES;Amont_C;1.28;0.0312;0.413;1.1
sim_0290;scenario1;1_2a;1_1a-1_1a_1__1_1b-1_1b_1+1_1b_3__1_2a-1_2a_2+1_2a_4;5.12091872723e-08;Q14_7;YES;Amont_C, Syst_Est_interm;0.855;0.0145;0.308;9.64
sim_0291;scenario1;1_2a;1_1a-1_1a_1__1_1b-1_1b_1+1_1b_3__1_2a-1_2a_3+1_2a_4;5.12091872723e-08;Q14_7;YES;Amont_C;0.856;0.0149;0.311;10.5
sim_0292;scenario1;1_2a;1_1a-1_1a_1__1_1b-1_1b_1+1_1b_3__1_2a-1_2a_1+1_2a_2+1_2a_3;4.65068300152e-10;Q14_7;YES;Amont_C;1.28;0.0318;0.413;0.949
sim_0293;scenario1;1_2a;1_1a-1_1a_1__1_1b-1_1b_1+1_1b_3__1_2a-1_2a_1+1_2a_2+1_2a_4;4.65068300152e-10;Q14_7;YES;Amont_C, Syst_Est_interm;0.861;0.0151;0.311;9.5
sim_0294;scenario1;1_2a;1_1a-1_1a_1__1_1b-1_1b_1+1_1b_3__1_2a-1_2a_1+1_2a_3+1_2a_4;4.65068300152e-10;Q14_7;YES;Amont_C;0.852;0.0152;0.311;10.5
sim_0295;scenario1;1_2a;1_1a-1_1a_1__1_1b-1_1b_1+1_1b_3__1_2a-1_2a_2+1_2a_3+1_2a_4;4.65068300152e-10;Q14_7;YES;Amont_C, Syst_Est_interm;0.843;0.0145;0.308;9.64
sim_0296;scenario1;1_2a;1_1a-1_1a_1__1_1b-1_1b_1+1_1b_3__1_2a-1_2a_1+1_2a_2+1_2a_3+1_2a_4;4.2236273475e-12;Q14_7;YES;Amont_C, Syst_Est_interm;0.848;0.0152;0.311;9.5
sim_0297;scenario1;1_2a;1_1a-1_1a_1__1_1b-1_1b_2+1_1b_3__1_2a-1_2a_0;0.000624435075;Q14_7;YES;Amont_C;1.31;0.0311;0.413;0.999
sim_0298;scenario1;1_2a;1_1a-1_1a_1__1_1b-1_1b_2+1_1b_3__1_2a-1_2a_1;5.63870050966e-06;Q14_7;YES;Amont_C;1.31;0.0311;0.413;0.902
sim_0299;scenario1;1_2a;1_1a-1_1a_1__1_1b-1_1b_2+1_1b_3__1_2a-1_2a_2;5.63870050966e-06;Q14_7;YES;Amont_C;1.31;0.0311;0.413;0.833
sim_0300;scenario1;1_2a;1_1a-1_1a_1__1_1b-1_1b_2+1_1b_3__1_2a-1_2a_3;5.63870050966e-06;Q14_7;YES;Amont_C;1.28;0.0311;0.413;1.01
sim_0301;scenario1;1_2a;1_1a-1_1a_1__1_1b-1_1b_2+1_1b_3__1_2a-1_2a_4;5.63870050966e-06;Q14_7;YES;Amont_C;0.864;0.0143;0.309;8.59
sim_0302;scenario1;1_2a;1_1a-1_1a_1__1_1b-1_1b_2+1_1b_3__1_2a-1_2a_1+1_2a_2;5.12091872723e-08;Q14_7;YES;Amont_C;1.31;0.0317;0.413;0.679
sim_0303;scenario1;1_2a;1_1a-1_1a_1__1_1b-1_1b_2+1_1b_3__1_2a-1_2a_1+1_2a_3;5.12091872723e-08;Q14_7;YES;Amont_C;1.28;0.0311;0.413;0.916
sim_0304;scenario1;1_2a;1_1a-1_1a_1__1_1b-1_1b_2+1_1b_3__1_2a-1_2a_1+1_2a_4;5.12091872723e-08;Q14_7;YES;Amont_C;0.861;0.0149;0.309;8.6
sim_0305;scenario1;1_2a;1_1a-1_1a_1__1_1b-1_1b_2+1_1b_3__1_2a-1_2a_2+1_2a_3;5.12091872723e-08;Q14_7;YES;Amont_C;1.28;0.0311;0.413;0.837
sim_0306;scenario1;1_2a;1_1a-1_1a_1__1_1b-1_1b_2+1_1b_3__1_2a-1_2a_2+1_2a_4;5.12091872723e-08;Q14_7;YES;Amont_C;0.863;0.0149;0.31;8.32
sim_0307;scenario1;1_2a;1_1a-1_1a_1__1_1b-1_1b_2+1_1b_3__1_2a-1_2a_3+1_2a_4;5.12091872723e-08;Q14_7;YES;Amont_C;0.851;0.0143;0.309;8.6
sim_0308;scenario1;1_2a;1_1a-1_1a_1__1_1b-1_1b_2+1_1b_3__1_2a-1_2a_1+1_2a_2+1_2a_3;4.65068300152e-10;Q14_7;YES;Amont_C;1.28;0.0317;0.413;0.693
sim_0309;scenario1;1_2a;1_1a-1_1a_1__1_1b-1_1b_2+1_1b_3__1_2a-1_2a_1+1_2a_2+1_2a_4;4.65068300152e-10;Q14_7;YES;Amont_C;0.864;0.0154;0.312;8.27
sim_0310;scenario1;1_2a;1_1a-1_1a_1__1_1b-1_1b_2+1_1b_3__1_2a-1_2a_1+1_2a_3+1_2a_4;4.65068300152e-10;Q14_7;YES;Amont_C;0.848;0.0149;0.31;8.6
sim_0311;scenario1;1_2a;1_1a-1_1a_1__1_1b-1_1b_2+1_1b_3__1_2a-1_2a_2+1_2a_3+1_2a_4;4.65068300152e-10;Q14_7;YES;Amont_C;0.85;0.0149;0.31;8.32
sim_0312;scenario1;1_2a;1_1a-1_1a_1__1_1b-1_1b_2+1_1b_3__1_2a-1_2a_1+1_2a_2+1_2a_3+1_2a_4;4.2236273475e-12;Q14_7;YES;Amont_C;0.851;0.0155;0.312;8.28
sim_0313;scenario1;1_2a;1_1a-1_1a_1__1_1b-1_1b_1+1_1b_2+1_1b_3__1_2a-1_2a_0;0.000110194425;Q14_7;YES;Amont_C;1.31;0.0311;0.413;1.08
sim_0314;scenario1;1_2a;1_1a-1_1a_1__1_1b-1_1b_1+1_1b_2+1_1b_3__1_2a-1_2a_1;9.95064795821e-07;Q14_7;YES;Amont_C;1.31;0.0311;0.413;0.986
sim_0315;scenario1;1_2a;1_1a-1_1a_1__1_1b-1_1b_1+1_1b_2+1_1b_3__1_2a-1_2a_2;9.95064795821e-07;Q14_7;YES;Amont_C;1.31;0.0311;0.413;0.927
sim_0316;scenario1;1_2a;1_1a-1_1a_1__1_1b-1_1b_1+1_1b_2+1_1b_3__1_2a-1_2a_3;9.95064795821e-07;Q14_7;YES;Amont_C;1.28;0.0311;0.413;1.1
sim_0317;scenario1;1_2a;1_1a-1_1a_1__1_1b-1_1b_1+1_1b_2+1_1b_3__1_2a-1_2a_4;9.95064795821e-07;Q14_7;YES;Amont_C;0.87;0.0143;0.31;8.33
sim_0318;scenario1;1_2a;1_1a-1_1a_1__1_1b-1_1b_1+1_1b_2+1_1b_3__1_2a-1_2a_1+1_2a_2;9.036915401e-09;Q14_7;YES;Amont_C;1.31;0.0315;0.413;0.776
sim_0319;scenario1;1_2a;1_1a-1_1a_1__1_1b-1_1b_1+1_1b_2+1_1b_3__1_2a-1_2a_1+1_2a_3;9.036915401e-09;Q14_7;YES;Amont_C;1.28;0.031;0.413;0.998
sim_0320;scenario1;1_2a;1_1a-1_1a_1__1_1b-1_1b_1+1_1b_2+1_1b_3__1_2a-1_2a_1+1_2a_4;9.036915401e-09;Q14_7;YES;Amont_C;0.866;0.0149;0.31;8.49
sim_0321;scenario1;1_2a;1_1a-1_1a_1__1_1b-1_1b_1+1_1b_2+1_1b_3__1_2a-1_2a_2+1_2a_3;9.036915401e-09;Q14_7;YES;Amont_C;1.28;0.031;0.413;0.93
sim_0322;scenario1;1_2a;1_1a-1_1a_1__1_1b-1_1b_1+1_1b_2+1_1b_3__1_2a-1_2a_2+1_2a_4;9.036915401e-09;Q14_7;YES;Amont_C;0.866;0.0148;0.31;8.12
sim_0323;scenario1;1_2a;1_1a-1_1a_1__1_1b-1_1b_1+1_1b_2+1_1b_3__1_2a-1_2a_3+1_2a_4;9.036915401e-09;Q14_7;YES;Amont_C;0.857;0.0143;0.31;8.34
sim_0324;scenario1;1_2a;1_1a-1_1a_1__1_1b-1_1b_1+1_1b_2+1_1b_3__1_2a-1_2a_1+1_2a_2+1_2a_3;8.20708764975e-11;Q14_7;YES;Amont_C;1.28;0.0315;0.413;0.787
sim_0325;scenario1;1_2a;1_1a-1_1a_1__1_1b-1_1b_1+1_1b_2+1_1b_3__1_2a-1_2a_1+1_2a_2+1_2a_4;8.20708764975e-11;Q14_7;YES;Amont_C;0.867;0.0154;0.312;8.09
sim_0326;scenario1;1_2a;1_1a-1_1a_1__1_1b-1_1b_1+1_1b_2+1_1b_3__1_2a-1_2a_1+1_2a_3+1_2a_4;8.20708764975e-11;Q14_7;YES;Amont_C;0.853;0.0149;0.31;8.5
sim_0327;scenario1;1_2a;1_1a-1_1a_1__1_1b-1_1b_1+1_1b_2+1_1b_3__1_2a-1_2a_2+1_2a_3+1_2a_4;8.20708764975e-11;Q14_7;YES;Amont_C;0.853;0.0148;0.31;8.13
sim_0328;scenario1;1_2a;1_1a-1_1a_1__1_1b-1_1b_1+1_1b_2+1_1b_3__1_2a-1_2a_1+1_2a_2+1_2a_3+1_2a_4;7.453460025e-13;Q14_7;YES;Amont_C;0.855;0.0154;0.312;8.1
sim_0329;scenario1;1_2a;1_1a-1_1a_2__1_1b-1_1b_0__1_2a-1_2a_0;0.085706775;Q14_7;YES;Amont_C, Syst_Est_amont;1.34;0.0222;0.416;0.0147
sim_0330;scenario1;1_2a;1_1a-1_1a_2__1_1b-1_1b_0__1_2a-1_2a_1;0.000773939285639;Q14_7;YES;Amont_C;1.34;0.0295;0.416;0.012
sim_0331;scenario1;1_2a;1_1a-1_1a_2__1_1b-1_1b_0__1_2a-1_2a_2;0.000773939285639;Q14_7;YES;Amont_C, Syst_Est_amont;1.34;0.0285;0.416;0.0159
sim_0332;scenario1;1_2a;1_1a-1_1a_2__1_1b-1_1b_0__1_2a-1_2a_3;0.000773939285639;Q14_7;YES;Amont_C, Syst_Est_amont;1.3;0.0294;0.416;0.0173
sim_0333;scenario1;1_2a;1_1a-1_1a_2__1_1b-1_1b_0__1_2a-1_2a_4;0.000773939285639;Q14_7;YES;Amont_C, Syst_Est_amont;0.902;0.0124;0.308;7.29
sim_0334;scenario1;1_2a;1_1a-1_1a_2__1_1b-1_1b_0__1_2a-1_2a_1+1_2a_2;7.02871197856e-06;Q14_7;YES;Amont_C;1.36;0.033;0.416;0.0125
sim_0335;scenario1;1_2a;1_1a-1_1a_2__1_1b-1_1b_0__1_2a-1_2a_1+1_2a_3;7.02871197856e-06;Q14_7;YES;Amont_C;1.31;0.0294;0.416;0.012
sim_0336;scenario1;1_2a;1_1a-1_1a_2__1_1b-1_1b_0__1_2a-1_2a_1+1_2a_4;7.02871197856e-06;Q14_7;YES;Amont_C, Syst_Est_amont;0.916;0.0133;0.312;7.14
sim_0337;scenario1;1_2a;1_1a-1_1a_2__1_1b-1_1b_0__1_2a-1_2a_2+1_2a_3;7.02871197856e-06;Q14_7;YES;Amont_C, Syst_Est_amont;1.31;0.0285;0.416;0.0168
sim_0338;scenario1;1_2a;1_1a-1_1a_2__1_1b-1_1b_0__1_2a-1_2a_2+1_2a_4;7.02871197856e-06;Q14_7;YES;Amont_C, Syst_Est_amont;0.924;0.0146;0.314;7.23
sim_0339;scenario1;1_2a;1_1a-1_1a_2__1_1b-1_1b_0__1_2a-1_2a_3+1_2a_4;7.02871197856e-06;Q14_7;YES;Amont_C, Syst_Est_amont;0.887;0.012;0.307;7.22
sim_0340;scenario1;1_2a;1_1a-1_1a_2__1_1b-1_1b_0__1_2a-1_2a_1+1_2a_2+1_2a_3;6.38329039425e-08;Q14_7;YES;Amont_C;1.33;0.0329;0.416;0.0126
sim_0341;scenario1;1_2a;1_1a-1_1a_2__1_1b-1_1b_0__1_2a-1_2a_1+1_2a_2+1_2a_4;6.38329039425e-08;Q14_7;YES;Amont_C;0.925;0.0163;0.319;7.24
sim_0342;scenario1;1_2a;1_1a-1_1a_2__1_1b-1_1b_0__1_2a-1_2a_1+1_2a_3+1_2a_4;6.38329039425e-08;Q14_7;YES;Amont_C, Syst_Est_amont;0.903;0.0133;0.312;7.16
sim_0343;scenario1;1_2a;1_1a-1_1a_2__1_1b-1_1b_0__1_2a-1_2a_2+1_2a_3+1_2a_4;6.38329039425e-08;Q14_7;YES;Amont_C, Syst_Est_amont;0.911;0.0144;0.314;7.22
sim_0344;scenario1;1_2a;1_1a-1_1a_2__1_1b-1_1b_0__1_2a-1_2a_1+1_2a_2+1_2a_3+1_2a_4;5.797135575e-10;Q14_7;YES;Amont_C;0.912;0.0163;0.319;7.25
sim_0345;scenario1;1_2a;1_1a-1_1a_2__1_1b-1_1b_1__1_2a-1_2a_0;0.0149864418;Q14_7;YES;Amont_C;1.34;0.0295;0.416;0.0607
sim_0346;scenario1;1_2a;1_1a-1_1a_2__1_1b-1_1b_1__1_2a-1_2a_1;0.000135328812232;Q14_7;YES;Amont_C;1.34;0.0295;0.416;0.0161
sim_0347;scenario1;1_2a;1_1a-1_1a_2__1_1b-1_1b_1__1_2a-1_2a_2;0.000135328812232;Q14_7;YES;Amont_C;1.34;0.0295;0.416;0.0128
sim_0348;scenario1;1_2a;1_1a-1_1a_2__1_1b-1_1b_1__1_2a-1_2a_3;0.000135328812232;Q14_7;YES;Amont_C;1.3;0.0294;0.416;0.0579
sim_0349;scenario1;1_2a;1_1a-1_1a_2__1_1b-1_1b_1__1_2a-1_2a_4;0.000135328812232;Q14_7;YES;Amont_C;0.917;0.0135;0.312;7.45
sim_0350;scenario1;1_2a;1_1a-1_1a_2__1_1b-1_1b_1__1_2a-1_2a_1+1_2a_2;1.22902049454e-06;Q14_7;YES;Amont_C;1.39;0.0333;0.416;0.0132
sim_0351;scenario1;1_2a;1_1a-1_1a_2__1_1b-1_1b_1__1_2a-1_2a_1+1_2a_3;1.22902049454e-06;Q14_7;YES;Amont_C;1.31;0.0294;0.416;0.0157
sim_0352;scenario1;1_2a;1_1a-1_1a_2__1_1b-1_1b_1__1_2a-1_2a_1+1_2a_4;1.22902049454e-06;Q14_7;YES;Amont_C;0.916;0.0133;0.312;7.25
sim_0353;scenario1;1_2a;1_1a-1_1a_2__1_1b-1_1b_1__1_2a-1_2a_2+1_2a_3;1.22902049454e-06;Q14_7;YES;Amont_C;1.31;0.0294;0.416;0.0131
sim_0354;scenario1;1_2a;1_1a-1_1a_2__1_1b-1_1b_1__1_2a-1_2a_2+1_2a_4;1.22902049454e-06;Q14_7;YES;Amont_C;0.923;0.0152;0.316;7.29
sim_0355;scenario1;1_2a;1_1a-1_1a_2__1_1b-1_1b_1__1_2a-1_2a_3+1_2a_4;1.22902049454e-06;Q14_7;YES;Amont_C;0.904;0.0134;0.312;7.42
sim_0356;scenario1;1_2a;1_1a-1_1a_2__1_1b-1_1b_1__1_2a-1_2a_1+1_2a_2+1_2a_3;1.11616392037e-08;Q14_7;YES;Amont_C;1.36;0.0332;0.416;0.0127
sim_0357;scenario1;1_2a;1_1a-1_1a_2__1_1b-1_1b_1__1_2a-1_2a_1+1_2a_2+1_2a_4;1.11616392037e-08;Q14_7;YES;Amont_C;0.92;0.0159;0.317;7.31
sim_0358;scenario1;1_2a;1_1a-1_1a_2__1_1b-1_1b_1__1_2a-1_2a_1+1_2a_3+1_2a_4;1.11616392037e-08;Q14_7;YES;Amont_C;0.901;0.0133;0.312;7.24
sim_0359;scenario1;1_2a;1_1a-1_1a_2__1_1b-1_1b_1__1_2a-1_2a_2+1_2a_3+1_2a_4;1.11616392037e-08;Q14_7;YES;Amont_C;0.91;0.0151;0.316;7.28
sim_0360;scenario1;1_2a;1_1a-1_1a_2__1_1b-1_1b_1__1_2a-1_2a_1+1_2a_2+1_2a_3+1_2a_4;1.0136705634e-10;Q14_7;YES;Amont_C;0.907;0.016;0.318;7.32
sim_0361;scenario1;1_2a;1_1a-1_1a_2__1_1b-1_1b_2__1_2a-1_2a_0;0.0149864418;Q14_7;YES;Amont_C, Syst_Est_amont;1.34;0.0225;0.416;0.0131
sim_0362;scenario1;1_2a;1_1a-1_1a_2__1_1b-1_1b_2__1_2a-1_2a_1;0.000135328812232;Q14_7;YES;Amont_C;1.34;0.0295;0.416;0.00932
sim_0363;scenario1;1_2a;1_1a-1_1a_2__1_1b-1_1b_2__1_2a-1_2a_2;0.000135328812232;Q14_7;YES;Amont_C, Syst_Est_amont;1.34;0.0288;0.416;0.0141
sim_0364;scenario1;1_2a;1_1a-1_1a_2__1_1b-1_1b_2__1_2a-1_2a_3;0.000135328812232;Q14_7;YES;Amont_C, Syst_Est_amont;1.3;0.0225;0.416;0.0151
sim_0365;scenario1;1_2a;1_1a-1_1a_2__1_1b-1_1b_2__1_2a-1_2a_4;0.000135328812232;Q14_7;YES;Amont_C, Syst_Est_amont;0.903;0.0127;0.31;6.96
sim_0366;scenario1;1_2a;1_1a-1_1a_2__1_1b-1_1b_2__1_2a-1_2a_1+1_2a_2;1.22902049454e-06;Q14_7;YES;Amont_C;1.39;0.0333;0.416;0.0108
sim_0367;scenario1;1_2a;1_1a-1_1a_2__1_1b-1_1b_2__1_2a-1_2a_1+1_2a_3;1.22902049454e-06;Q14_7;YES;Amont_C;1.31;0.0294;0.416;0.0106
sim_0368;scenario1;1_2a;1_1a-1_1a_2__1_1b-1_1b_2__1_2a-1_2a_1+1_2a_4;1.22902049454e-06;Q14_7;YES;Amont_C;0.927;0.0134;0.313;6.75
sim_0369;scenario1;1_2a;1_1a-1_1a_2__1_1b-1_1b_2__1_2a-1_2a_2+1_2a_3;1.22902049454e-06;Q14_7;YES;Amont_C, Syst_Est_amont;1.31;0.0287;0.416;0.0141
sim_0370;scenario1;1_2a;1_1a-1_1a_2__1_1b-1_1b_2__1_2a-1_2a_2+1_2a_4;1.22902049454e-06;Q14_7;YES;Amont_C, Syst_Est_amont;0.91;0.014;0.312;6.92
sim_0371;scenario1;1_2a;1_1a-1_1a_2__1_1b-1_1b_2__1_2a-1_2a_3+1_2a_4;1.22902049454e-06;Q14_7;YES;Amont_C, Syst_Est_amont;0.89;0.0126;0.31;6.94
sim_0372;scenario1;1_2a;1_1a-1_1a_2__1_1b-1_1b_2__1_2a-1_2a_1+1_2a_2+1_2a_3;1.11616392037e-08;Q14_7;YES;Amont_C;1.36;0.0332;0.416;0.0108
sim_0373;scenario1;1_2a;1_1a-1_1a_2__1_1b-1_1b_2__1_2a-1_2a_1+1_2a_2+1_2a_4;1.11616392037e-08;Q14_7;YES;Amont_C;0.921;0.0157;0.318;6.92
sim_0374;scenario1;1_2a;1_1a-1_1a_2__1_1b-1_1b_2__1_2a-1_2a_1+1_2a_3+1_2a_4;1.11616392037e-08;Q14_7;YES;Amont_C;0.914;0.0135;0.313;6.76
sim_0375;scenario1;1_2a;1_1a-1_1a_2__1_1b-1_1b_2__1_2a-1_2a_2+1_2a_3+1_2a_4;1.11616392037e-08;Q14_7;YES;Amont_C, Syst_Est_amont;0.896;0.0139;0.312;6.92
sim_0376;scenario1;1_2a;1_1a-1_1a_2__1_1b-1_1b_2__1_2a-1_2a_1+1_2a_2+1_2a_3+1_2a_4;1.0136705634e-10;Q14_7;YES;Amont_C;0.908;0.0158;0.318;6.93
sim_0377;scenario1;1_2a;1_1a-1_1a_2__1_1b-1_1b_3__1_2a-1_2a_0;0.003538465425;Q14_7;YES;Amont_C, Syst_Est_amont;1.31;0.0311;0.413;0.431
sim_0378;scenario1;1_2a;1_1a-1_1a_2__1_1b-1_1b_3__1_2a-1_2a_1;3.19526362214e-05;Q14_7;YES;Amont_C;1.31;0.0318;0.413;0.395
sim_0379;scenario1;1_2a;1_1a-1_1a_2__1_1b-1_1b_3__1_2a-1_2a_2;3.19526362214e-05;Q14_7;YES;Amont_C, Syst_Est_amont;1.31;0.0311;0.413;0.393
sim_0380;scenario1;1_2a;1_1a-1_1a_2__1_1b-1_1b_3__1_2a-1_2a_3;3.19526362214e-05;Q14_7;YES;Amont_C, Syst_Est_amont;1.28;0.0311;0.413;0.44
sim_0381;scenario1;1_2a;1_1a-1_1a_2__1_1b-1_1b_3__1_2a-1_2a_4;3.19526362214e-05;Q14_7;YES;Amont_C, Syst_Est_amont;0.855;0.0137;0.307;9.22
sim_0382;scenario1;1_2a;1_1a-1_1a_2__1_1b-1_1b_3__1_2a-1_2a_1+1_2a_2;2.90185394543e-07;Q14_7;YES;Amont_C;1.31;0.0312;0.413;0.391
sim_0383;scenario1;1_2a;1_1a-1_1a_2__1_1b-1_1b_3__1_2a-1_2a_1+1_2a_3;2.90185394543e-07;Q14_7;YES;Amont_C;1.28;0.0319;0.413;0.397
sim_0384;scenario1;1_2a;1_1a-1_1a_2__1_1b-1_1b_3__1_2a-1_2a_1+1_2a_4;2.90185394543e-07;Q14_7;YES;Amont_C, Syst_Est_amont;0.871;0.0148;0.311;8.98
sim_0385;scenario1;1_2a;1_1a-1_1a_2__1_1b-1_1b_3__1_2a-1_2a_2+1_2a_3;2.90185394543e-07;Q14_7;YES;Amont_C, Syst_Est_amont;1.28;0.0311;0.413;0.394
sim_0386;scenario1;1_2a;1_1a-1_1a_2__1_1b-1_1b_3__1_2a-1_2a_2+1_2a_4;2.90185394543e-07;Q14_7;YES;Amont_C, Syst_Est_amont;0.857;0.0148;0.309;9.11
sim_0387;scenario1;1_2a;1_1a-1_1a_2__1_1b-1_1b_3__1_2a-1_2a_3+1_2a_4;2.90185394543e-07;Q14_7;YES;Amont_C, Syst_Est_amont;0.842;0.0137;0.307;9.23
sim_0388;scenario1;1_2a;1_1a-1_1a_2__1_1b-1_1b_3__1_2a-1_2a_1+1_2a_2+1_2a_3;2.6353870342e-09;Q14_7;YES;Amont_C;1.28;0.0312;0.413;0.392
sim_0389;scenario1;1_2a;1_1a-1_1a_2__1_1b-1_1b_3__1_2a-1_2a_1+1_2a_2+1_2a_4;2.6353870342e-09;Q14_7;YES;Amont_C;0.873;0.0158;0.314;8.81
sim_0390;scenario1;1_2a;1_1a-1_1a_2__1_1b-1_1b_3__1_2a-1_2a_1+1_2a_3+1_2a_4;2.6353870342e-09;Q14_7;YES;Amont_C, Syst_Est_amont;0.858;0.0148;0.311;8.98
sim_0391;scenario1;1_2a;1_1a-1_1a_2__1_1b-1_1b_3__1_2a-1_2a_2+1_2a_3+1_2a_4;2.6353870342e-09;Q14_7;YES;Amont_C, Syst_Est_amont;0.844;0.0149;0.309;9.11
sim_0392;scenario1;1_2a;1_1a-1_1a_2__1_1b-1_1b_3__1_2a-1_2a_1+1_2a_2+1_2a_3+1_2a_4;2.39338883025e-11;Q14_7;YES;Amont_C;0.86;0.0158;0.314;8.81
sim_0393;scenario1;1_2a;1_1a-1_1a_2__1_1b-1_1b_1+1_1b_2__1_2a-1_2a_0;0.0026446662;Q14_7;YES;Amont_C;1.34;0.0295;0.416;0.048
sim_0394;scenario1;1_2a;1_1a-1_1a_2__1_1b-1_1b_1+1_1b_2__1_2a-1_2a_1;2.38815550997e-05;Q14_7;YES;Amont_C;1.34;0.0295;0.416;0.013
sim_0395;scenario1;1_2a;1_1a-1_1a_2__1_1b-1_1b_1+1_1b_2__1_2a-1_2a_2;2.38815550997e-05;Q14_7;YES;Amont_C;1.34;0.0295;0.416;0.0109
sim_0396;scenario1;1_2a;1_1a-1_1a_2__1_1b-1_1b_1+1_1b_2__1_2a-1_2a_3;2.38815550997e-05;Q14_7;YES;Amont_C;1.3;0.0294;0.416;0.0467
sim_0397;scenario1;1_2a;1_1a-1_1a_2__1_1b-1_1b_1+1_1b_2__1_2a-1_2a_4;2.38815550997e-05;Q14_7;YES;Amont_C;0.906;0.0129;0.31;7.01
sim_0398;scenario1;1_2a;1_1a-1_1a_2__1_1b-1_1b_1+1_1b_2__1_2a-1_2a_1+1_2a_2;2.16885969624e-07;Q14_7;YES;Amont_C;1.42;0.0335;0.416;0.0108
sim_0399;scenario1;1_2a;1_1a-1_1a_2__1_1b-1_1b_1+1_1b_2__1_2a-1_2a_1+1_2a_3;2.16885969624e-07;Q14_7;YES;Amont_C;1.31;0.0294;0.416;0.013
sim_0400;scenario1;1_2a;1_1a-1_1a_2__1_1b-1_1b_1+1_1b_2__1_2a-1_2a_1+1_2a_4;2.16885969624e-07;Q14_7;YES;Amont_C;0.916;0.0135;0.312;6.92
sim_0401;scenario1;1_2a;1_1a-1_1a_2__1_1b-1_1b_1+1_1b_2__1_2a-1_2a_2+1_2a_3;2.16885969624e-07;Q14_7;YES;Amont_C;1.31;0.0294;0.416;0.0105
sim_0402;scenario1;1_2a;1_1a-1_1a_2__1_1b-1_1b_1+1_1b_2__1_2a-1_2a_2+1_2a_4;2.16885969624e-07;Q14_7;YES;Amont_C;0.91;0.014;0.312;7.02
sim_0403;scenario1;1_2a;1_1a-1_1a_2__1_1b-1_1b_1+1_1b_2__1_2a-1_2a_3+1_2a_4;2.16885969624e-07;Q14_7;YES;Amont_C;0.893;0.0128;0.31;7
sim_0404;scenario1;1_2a;1_1a-1_1a_2__1_1b-1_1b_1+1_1b_2__1_2a-1_2a_1+1_2a_2+1_2a_3;1.96970103594e-09;Q14_7;YES;Amont_C;1.39;0.0334;0.416;0.0107
sim_0405;scenario1;1_2a;1_1a-1_1a_2__1_1b-1_1b_1+1_1b_2__1_2a-1_2a_1+1_2a_2+1_2a_4;1.96970103594e-09;Q14_7;YES;Amont_C;0.918;0.0153;0.316;7.03
sim_0406;scenario1;1_2a;1_1a-1_1a_2__1_1b-1_1b_1+1_1b_2__1_2a-1_2a_1+1_2a_3+1_2a_4;1.96970103594e-09;Q14_7;YES;Amont_C;0.901;0.0134;0.312;6.91
sim_0407;scenario1;1_2a;1_1a-1_1a_2__1_1b-1_1b_1+1_1b_2__1_2a-1_2a_2+1_2a_3+1_2a_4;1.96970103594e-09;Q14_7;YES;Amont_C;0.897;0.014;0.312;7.03
sim_0408;scenario1;1_2a;1_1a-1_1a_2__1_1b-1_1b_1+1_1b_2__1_2a-1_2a_1+1_2a_2+1_2a_3+1_2a_4;1.788830406e-11;Q14_7;YES;Amont_C;0.905;0.0154;0.316;7.04
sim_0409;scenario1;1_2a;1_1a-1_1a_2__1_1b-1_1b_1+1_1b_3__1_2a-1_2a_0;0.000624435075;Q14_7;YES;Amont_C;1.31;0.0315;0.413;0.497
sim_0410;scenario1;1_2a;1_1a-1_1a_2__1_1b-1_1b_1+1_1b_3__1_2a-1_2a_1;5.63870050966e-06;Q14_7;YES;Amont_C;1.31;0.032;0.413;0.399
sim_0411;scenario1;1_2a;1_1a-1_1a_2__1_1b-1_1b_1+1_1b_3__1_2a-1_2a_2;5.63870050966e-06;Q14_7;YES;Amont_C;1.31;0.0316;0.413;0.394
sim_0412;scenario1;1_2a;1_1a-1_1a_2__1_1b-1_1b_1+1_1b_3__1_2a-1_2a_3;5.63870050966e-06;Q14_7;YES;Amont_C;1.28;0.0315;0.413;0.512
sim_0413;scenario1;1_2a;1_1a-1_1a_2__1_1b-1_1b_1+1_1b_3__1_2a-1_2a_4;5.63870050966e-06;Q14_7;YES;Amont_C;0.86;0.0141;0.309;9.21
sim_0414;scenario1;1_2a;1_1a-1_1a_2__1_1b-1_1b_1+1_1b_3__1_2a-1_2a_1+1_2a_2;5.12091872723e-08;Q14_7;YES;Amont_C;1.31;0.032;0.413;0.326
sim_0415;scenario1;1_2a;1_1a-1_1a_2__1_1b-1_1b_1+1_1b_3__1_2a-1_2a_1+1_2a_3;5.12091872723e-08;Q14_7;YES;Amont_C;1.28;0.0322;0.413;0.403
sim_0416;scenario1;1_2a;1_1a-1_1a_2__1_1b-1_1b_1+1_1b_3__1_2a-1_2a_1+1_2a_4;5.12091872723e-08;Q14_7;YES;Amont_C;0.865;0.0146;0.31;9.11
sim_0417;scenario1;1_2a;1_1a-1_1a_2__1_1b-1_1b_1+1_1b_3__1_2a-1_2a_2+1_2a_3;5.12091872723e-08;Q14_7;YES;Amont_C;1.28;0.0316;0.413;0.396
sim_0418;scenario1;1_2a;1_1a-1_1a_2__1_1b-1_1b_1+1_1b_3__1_2a-1_2a_2+1_2a_4;5.12091872723e-08;Q14_7;YES;Amont_C;0.859;0.015;0.31;9.11
sim_0419;scenario1;1_2a;1_1a-1_1a_2__1_1b-1_1b_1+1_1b_3__1_2a-1_2a_3+1_2a_4;5.12091872723e-08;Q14_7;YES;Amont_C;0.847;0.0142;0.309;9.22
sim_0420;scenario1;1_2a;1_1a-1_1a_2__1_1b-1_1b_1+1_1b_3__1_2a-1_2a_1+1_2a_2+1_2a_3;4.65068300152e-10;Q14_7;YES;Amont_C;1.28;0.032;0.413;0.329
sim_0421;scenario1;1_2a;1_1a-1_1a_2__1_1b-1_1b_1+1_1b_3__1_2a-1_2a_1+1_2a_2+1_2a_4;4.65068300152e-10;Q14_7;YES;Amont_C;0.868;0.0157;0.313;8.95
sim_0422;scenario1;1_2a;1_1a-1_1a_2__1_1b-1_1b_1+1_1b_3__1_2a-1_2a_1+1_2a_3+1_2a_4;4.65068300152e-10;Q14_7;YES;Amont_C;0.853;0.0146;0.31;9.11
sim_0423;scenario1;1_2a;1_1a-1_1a_2__1_1b-1_1b_1+1_1b_3__1_2a-1_2a_2+1_2a_3+1_2a_4;4.65068300152e-10;Q14_7;YES;Amont_C;0.846;0.0151;0.31;9.1
sim_0424;scenario1;1_2a;1_1a-1_1a_2__1_1b-1_1b_1+1_1b_3__1_2a-1_2a_1+1_2a_2+1_2a_3+1_2a_4;4.2236273475e-12;Q14_7;YES;Amont_C;0.855;0.0158;0.313;8.95
sim_0425;scenario1;1_2a;1_1a-1_1a_2__1_1b-1_1b_2+1_1b_3__1_2a-1_2a_0;0.000624435075;Q14_7;YES;Amont_C, Syst_Est_amont;1.31;0.0311;0.413;0.217
sim_0426;scenario1;1_2a;1_1a-1_1a_2__1_1b-1_1b_2+1_1b_3__1_2a-1_2a_1;5.63870050966e-06;Q14_7;YES;Amont_C;1.31;0.0312;0.413;0.21
sim_0427;scenario1;1_2a;1_1a-1_1a_2__1_1b-1_1b_2+1_1b_3__1_2a-1_2a_2;5.63870050966e-06;Q14_7;YES;Amont_C, Syst_Est_amont;1.31;0.0311;0.413;0.212
sim_0428;scenario1;1_2a;1_1a-1_1a_2__1_1b-1_1b_2+1_1b_3__1_2a-1_2a_3;5.63870050966e-06;Q14_7;YES;Amont_C, Syst_Est_amont;1.28;0.0311;0.413;0.223
sim_0429;scenario1;1_2a;1_1a-1_1a_2__1_1b-1_1b_2+1_1b_3__1_2a-1_2a_4;5.63870050966e-06;Q14_7;YES;Amont_C, Syst_Est_amont;0.864;0.0143;0.309;8.63
sim_0430;scenario1;1_2a;1_1a-1_1a_2__1_1b-1_1b_2+1_1b_3__1_2a-1_2a_1+1_2a_2;5.12091872723e-08;Q14_7;YES;Amont_C, Syst_Est_amont;1.31;0.0311;0.413;0.213
sim_0431;scenario1;1_2a;1_1a-1_1a_2__1_1b-1_1b_2+1_1b_3__1_2a-1_2a_1+1_2a_3;5.12091872723e-08;Q14_7;YES;Amont_C;1.28;0.0313;0.413;0.212
sim_0432;scenario1;1_2a;1_1a-1_1a_2__1_1b-1_1b_2+1_1b_3__1_2a-1_2a_1+1_2a_4;5.12091872723e-08;Q14_7;YES;Amont_C, Syst_Est_amont;0.872;0.0143;0.31;8.43
sim_0433;scenario1;1_2a;1_1a-1_1a_2__1_1b-1_1b_2+1_1b_3__1_2a-1_2a_2+1_2a_3;5.12091872723e-08;Q14_7;YES;Amont_C, Syst_Est_amont;1.28;0.0311;0.413;0.212
sim_0434;scenario1;1_2a;1_1a-1_1a_2__1_1b-1_1b_2+1_1b_3__1_2a-1_2a_2+1_2a_4;5.12091872723e-08;Q14_7;YES;Amont_C, Syst_Est_amont;0.861;0.0148;0.309;8.55
sim_0435;scenario1;1_2a;1_1a-1_1a_2__1_1b-1_1b_2+1_1b_3__1_2a-1_2a_3+1_2a_4;5.12091872723e-08;Q14_7;YES;Amont_C, Syst_Est_amont;0.851;0.0143;0.309;8.64
sim_0436;scenario1;1_2a;1_1a-1_1a_2__1_1b-1_1b_2+1_1b_3__1_2a-1_2a_1+1_2a_2+1_2a_3;4.65068300152e-10;Q14_7;YES;Amont_C, Syst_Est_amont;1.28;0.0311;0.413;0.213
sim_0437;scenario1;1_2a;1_1a-1_1a_2__1_1b-1_1b_2+1_1b_3__1_2a-1_2a_1+1_2a_2+1_2a_4;4.65068300152e-10;Q14_7;YES;Amont_C;0.875;0.0154;0.314;8.35
sim_0438;scenario1;1_2a;1_1a-1_1a_2__1_1b-1_1b_2+1_1b_3__1_2a-1_2a_1+1_2a_3+1_2a_4;4.65068300152e-10;Q14_7;YES;Amont_C, Syst_Est_amont;0.859;0.0143;0.31;8.44
sim_0439;scenario1;1_2a;1_1a-1_1a_2__1_1b-1_1b_2+1_1b_3__1_2a-1_2a_2+1_2a_3+1_2a_4;4.65068300152e-10;Q14_7;YES;Amont_C, Syst_Est_amont;0.848;0.0148;0.309;8.55
sim_0440;scenario1;1_2a;1_1a-1_1a_2__1_1b-1_1b_2+1_1b_3__1_2a-1_2a_1+1_2a_2+1_2a_3+1_2a_4;4.2236273475e-12;Q14_7;YES;Amont_C;0.862;0.0154;0.314;8.34
sim_0441;scenario1;1_2a;1_1a-1_1a_2__1_1b-1_1b_1+1_1b_2+1_1b_3__1_2a-1_2a_0;0.000110194425;Q14_7;YES;Amont_C;1.31;0.0311;0.413;0.284
sim_0442;scenario1;1_2a;1_1a-1_1a_2__1_1b-1_1b_1+1_1b_2+1_1b_3__1_2a-1_2a_1;9.95064795821e-07;Q14_7;YES;Amont_C;1.31;0.0311;0.413;0.235
sim_0443;scenario1;1_2a;1_1a-1_1a_2__1_1b-1_1b_1+1_1b_2+1_1b_3__1_2a-1_2a_2;9.95064795821e-07;Q14_7;YES;Amont_C;1.31;0.0311;0.413;0.248
sim_0444;scenario1;1_2a;1_1a-1_1a_2__1_1b-1_1b_1+1_1b_2+1_1b_3__1_2a-1_2a_3;9.95064795821e-07;Q14_7;YES;Amont_C;1.28;0.0311;0.413;0.292
sim_0445;scenario1;1_2a;1_1a-1_1a_2__1_1b-1_1b_1+1_1b_2+1_1b_3__1_2a-1_2a_4;9.95064795821e-07;Q14_7;YES;Amont_C;0.863;0.0143;0.309;8.71
sim_0446;scenario1;1_2a;1_1a-1_1a_2__1_1b-1_1b_1+1_1b_2+1_1b_3__1_2a-1_2a_1+1_2a_2;9.036915401e-09;Q14_7;YES;Amont_C;1.31;0.0311;0.413;0.203
sim_0447;scenario1;1_2a;1_1a-1_1a_2__1_1b-1_1b_1+1_1b_2+1_1b_3__1_2a-1_2a_1+1_2a_3;9.036915401e-09;Q14_7;YES;Amont_C;1.28;0.0311;0.413;0.235
sim_0448;scenario1;1_2a;1_1a-1_1a_2__1_1b-1_1b_1+1_1b_2+1_1b_3__1_2a-1_2a_1+1_2a_4;9.036915401e-09;Q14_7;YES;Amont_C;0.866;0.0145;0.309;8.66
sim_0449;scenario1;1_2a;1_1a-1_1a_2__1_1b-1_1b_1+1_1b_2+1_1b_3__1_2a-1_2a_2+1_2a_3;9.036915401e-09;Q14_7;YES;Amont_C;1.28;0.0311;0.413;0.247
sim_0450;scenario1;1_2a;1_1a-1_1a_2__1_1b-1_1b_1+1_1b_2+1_1b_3__1_2a-1_2a_2+1_2a_4;9.036915401e-09;Q14_7;YES;Amont_C;0.861;0.0148;0.309;8.66
sim_0451;scenario1;1_2a;1_1a-1_1a_2__1_1b-1_1b_1+1_1b_2+1_1b_3__1_2a-1_2a_3+1_2a_4;9.036915401e-09;Q14_7;YES;Amont_C;0.85;0.0143;0.309;8.72
sim_0452;scenario1;1_2a;1_1a-1_1a_2__1_1b-1_1b_1+1_1b_2+1_1b_3__1_2a-1_2a_1+1_2a_2+1_2a_3;8.20708764975e-11;Q14_7;YES;Amont_C;1.28;0.0311;0.413;0.204
sim_0453;scenario1;1_2a;1_1a-1_1a_2__1_1b-1_1b_1+1_1b_2+1_1b_3__1_2a-1_2a_1+1_2a_2+1_2a_4;8.20708764975e-11;Q14_7;YES;Amont_C;0.87;0.0153;0.312;8.5
sim_0454;scenario1;1_2a;1_1a-1_1a_2__1_1b-1_1b_1+1_1b_2+1_1b_3__1_2a-1_2a_1+1_2a_3+1_2a_4;8.20708764975e-11;Q14_7;YES;Amont_C;0.853;0.0145;0.31;8.66
sim_0455;scenario1;1_2a;1_1a-1_1a_2__1_1b-1_1b_1+1_1b_2+1_1b_3__1_2a-1_2a_2+1_2a_3+1_2a_4;8.20708764975e-11;Q14_7;YES;Amont_C;0.849;0.0148;0.31;8.66
sim_0456;scenario1;1_2a;1_1a-1_1a_2__1_1b-1_1b_1+1_1b_2+1_1b_3__1_2a-1_2a_1+1_2a_2+1_2a_3+1_2a_4;7.453460025e-13;Q14_7;YES;Amont_C;0.857;0.0154;0.313;8.5
sim_0457;scenario1;1_2a;1_1a-1_1a_3__1_1b-1_1b_0__1_2a-1_2a_0;0.004905775;Q14_7;YES;Amont_C, Syst_Est_amont;1.31;0.0313;0.412;1.19
sim_0458;scenario1;1_2a;1_1a-1_1a_3__1_1b-1_1b_0__1_2a-1_2a_1;4.42995550702e-05;Q14_7;YES;Amont_C;1.31;0.0313;0.412;1.19
sim_0459;scenario1;1_2a;1_1a-1_1a_3__1_1b-1_1b_0__1_2a-1_2a_2;4.42995550702e-05;Q14_7;YES;Amont_C, Syst_Est_amont;1.31;0.0313;0.412;1.19
sim_0460;scenario1;1_2a;1_1a-1_1a_3__1_1b-1_1b_0__1_2a-1_2a_3;4.42995550702e-05;Q14_7;YES;Amont_C, Syst_Est_amont;1.27;0.0312;0.412;1.19
sim_0461;scenario1;1_2a;1_1a-1_1a_3__1_1b-1_1b_0__1_2a-1_2a_4;4.42995550702e-05;Q14_7;YES;Amont_C, Syst_Est_amont;0.857;0.0142;0.308;10.3
sim_0462;scenario1;1_2a;1_1a-1_1a_3__1_1b-1_1b_0__1_2a-1_2a_1+1_2a_2;4.02316847257e-07;Q14_7;YES;Amont_C;1.31;0.0314;0.412;1.19
sim_0463;scenario1;1_2a;1_1a-1_1a_3__1_1b-1_1b_0__1_2a-1_2a_1+1_2a_3;4.02316847257e-07;Q14_7;YES;Amont_C;1.28;0.0312;0.412;1.19
sim_0464;scenario1;1_2a;1_1a-1_1a_3__1_1b-1_1b_0__1_2a-1_2a_1+1_2a_4;4.02316847257e-07;Q14_7;YES;Amont_C, Syst_Est_amont, Syst_Est_interm;0.876;0.0157;0.314;10.1
sim_0465;scenario1;1_2a;1_1a-1_1a_3__1_1b-1_1b_0__1_2a-1_2a_2+1_2a_3;4.02316847257e-07;Q14_7;YES;Amont_C, Syst_Est_amont;1.28;0.0312;0.412;1.19
sim_0466;scenario1;1_2a;1_1a-1_1a_3__1_1b-1_1b_0__1_2a-1_2a_2+1_2a_4;4.02316847257e-07;Q14_7;YES;Amont_C, Syst_Est_amont;0.861;0.0156;0.311;9.06
sim_0467;scenario1;1_2a;1_1a-1_1a_3__1_1b-1_1b_0__1_2a-1_2a_3+1_2a_4;4.02316847257e-07;Q14_7;YES;Amont_C, Syst_Est_amont;0.843;0.0142;0.308;10.3
sim_0468;scenario1;1_2a;1_1a-1_1a_3__1_1b-1_1b_0__1_2a-1_2a_1+1_2a_2+1_2a_3;3.6537352425e-09;Q14_7;YES;Amont_C;1.28;0.0313;0.412;1.19
sim_0469;scenario1;1_2a;1_1a-1_1a_3__1_1b-1_1b_0__1_2a-1_2a_1+1_2a_2+1_2a_4;3.6537352425e-09;Q14_7;YES;Amont_C, Syst_Est_interm;0.87;0.016;0.314;9.23
sim_0470;scenario1;1_2a;1_1a-1_1a_3__1_1b-1_1b_0__1_2a-1_2a_1+1_2a_3+1_2a_4;3.6537352425e-09;Q14_7;YES;Amont_C, Syst_Est_amont;0.863;0.0157;0.314;10.1
sim_0471;scenario1;1_2a;1_1a-1_1a_3__1_1b-1_1b_0__1_2a-1_2a_2+1_2a_3+1_2a_4;3.6537352425e-09;Q14_7;YES;Amont_C, Syst_Est_amont;0.848;0.0157;0.311;9.06
sim_0472;scenario1;1_2a;1_1a-1_1a_3__1_1b-1_1b_0__1_2a-1_2a_1+1_2a_2+1_2a_3+1_2a_4;3.31822575e-11;Q14_7;YES;Amont_C, Syst_Est_interm;0.858;0.0161;0.314;9.23
sim_0473;scenario1;1_2a;1_1a-1_1a_3__1_1b-1_1b_1__1_2a-1_2a_0;0.0008578098;Q14_7;YES;Amont_C;1.31;0.0313;0.412;1.3
sim_0474;scenario1;1_2a;1_1a-1_1a_3__1_1b-1_1b_1__1_2a-1_2a_1;7.74609362943e-06;Q14_7;YES;Amont_C;1.31;0.0313;0.412;1.22
sim_0475;scenario1;1_2a;1_1a-1_1a_3__1_1b-1_1b_1__1_2a-1_2a_2;7.74609362943e-06;Q14_7;YES;Amont_C;1.31;0.0313;0.412;1.21
sim_0476;scenario1;1_2a;1_1a-1_1a_3__1_1b-1_1b_1__1_2a-1_2a_3;7.74609362943e-06;Q14_7;YES;Amont_C;1.27;0.0312;0.412;1.29
sim_0477;scenario1;1_2a;1_1a-1_1a_3__1_1b-1_1b_1__1_2a-1_2a_4;7.74609362943e-06;Q14_7;YES;Amont_C, Syst_Est_interm;0.87;0.0155;0.313;10.3
sim_0478;scenario1;1_2a;1_1a-1_1a_3__1_1b-1_1b_1__1_2a-1_2a_1+1_2a_2;7.03479744347e-08;Q14_7;YES;Amont_C;1.31;0.0317;0.412;1.19
sim_0479;scenario1;1_2a;1_1a-1_1a_3__1_1b-1_1b_1__1_2a-1_2a_1+1_2a_3;7.03479744347e-08;Q14_7;YES;Amont_C;1.28;0.0313;0.412;1.22
sim_0480;scenario1;1_2a;1_1a-1_1a_3__1_1b-1_1b_1__1_2a-1_2a_1+1_2a_4;7.03479744347e-08;Q14_7;YES;Amont_C, Syst_Est_interm;0.87;0.0156;0.313;10.3
sim_0481;scenario1;1_2a;1_1a-1_1a_3__1_1b-1_1b_1__1_2a-1_2a_2+1_2a_3;7.03479744347e-08;Q14_7;YES;Amont_C;1.28;0.0312;0.412;1.21
sim_0482;scenario1;1_2a;1_1a-1_1a_3__1_1b-1_1b_1__1_2a-1_2a_2+1_2a_4;7.03479744347e-08;Q14_7;YES;Amont_C, Syst_Est_interm;0.859;0.0155;0.311;9.49
sim_0483;scenario1;1_2a;1_1a-1_1a_3__1_1b-1_1b_1__1_2a-1_2a_3+1_2a_4;7.03479744347e-08;Q14_7;YES;Amont_C;0.856;0.0155;0.313;10.3
sim_0484;scenario1;1_2a;1_1a-1_1a_3__1_1b-1_1b_1__1_2a-1_2a_1+1_2a_2+1_2a_3;6.3888170526e-10;Q14_7;YES;Amont_C;1.28;0.0317;0.412;1.19
sim_0485;scenario1;1_2a;1_1a-1_1a_3__1_1b-1_1b_1__1_2a-1_2a_1+1_2a_2+1_2a_4;6.3888170526e-10;Q14_7;YES;Amont_C, Syst_Est_interm;0.866;0.016;0.313;9.39
sim_0486;scenario1;1_2a;1_1a-1_1a_3__1_1b-1_1b_1__1_2a-1_2a_1+1_2a_3+1_2a_4;6.3888170526e-10;Q14_7;YES;Amont_C;0.857;0.0156;0.313;10.3
sim_0487;scenario1;1_2a;1_1a-1_1a_3__1_1b-1_1b_1__1_2a-1_2a_2+1_2a_3+1_2a_4;6.3888170526e-10;Q14_7;YES;Amont_C, Syst_Est_interm;0.846;0.0155;0.311;9.49
sim_0488;scenario1;1_2a;1_1a-1_1a_3__1_1b-1_1b_1__1_2a-1_2a_1+1_2a_2+1_2a_3+1_2a_4;5.80215474e-12;Q14_7;YES;Amont_C, Syst_Est_interm;0.853;0.0161;0.314;9.39
sim_0489;scenario1;1_2a;1_1a-1_1a_3__1_1b-1_1b_2__1_2a-1_2a_0;0.0008578098;Q14_7;YES;Amont_C, Syst_Est_amont;1.31;0.0313;0.412;1.19
sim_0490;scenario1;1_2a;1_1a-1_1a_3__1_1b-1_1b_2__1_2a-1_2a_1;7.74609362943e-06;Q14_7;YES;Amont_C, Syst_Est_amont;1.31;0.0313;0.412;1.19
sim_0491;scenario1;1_2a;1_1a-1_1a_3__1_1b-1_1b_2__1_2a-1_2a_2;7.74609362943e-06;Q14_7;YES;Amont_C, Syst_Est_amont;1.31;0.0274;0.412;1.15
sim_0492;scenario1;1_2a;1_1a-1_1a_3__1_1b-1_1b_2__1_2a-1_2a_3;7.74609362943e-06;Q14_7;YES;Amont_C, Syst_Est_amont;1.27;0.0312;0.412;1.19
sim_0493;scenario1;1_2a;1_1a-1_1a_3__1_1b-1_1b_2__1_2a-1_2a_4;7.74609362943e-06;Q14_7;YES;Amont_C, Syst_Est_amont;0.873;0.0156;0.313;7.7
sim_0494;scenario1;1_2a;1_1a-1_1a_3__1_1b-1_1b_2__1_2a-1_2a_1+1_2a_2;7.03479744347e-08;Q14_7;YES;Amont_C, Syst_Est_amont;1.31;0.0314;0.412;1.19
sim_0495;scenario1;1_2a;1_1a-1_1a_3__1_1b-1_1b_2__1_2a-1_2a_1+1_2a_3;7.03479744347e-08;Q14_7;YES;Amont_C;1.28;0.0312;0.412;1.19
sim_0496;scenario1;1_2a;1_1a-1_1a_3__1_1b-1_1b_2__1_2a-1_2a_1+1_2a_4;7.03479744347e-08;Q14_7;YES;Amont_C, Syst_Est_amont;0.883;0.0155;0.314;7.68
sim_0497;scenario1;1_2a;1_1a-1_1a_3__1_1b-1_1b_2__1_2a-1_2a_2+1_2a_3;7.03479744347e-08;Q14_7;YES;Amont_C, Syst_Est_amont;1.28;0.0274;0.412;1.15
sim_0498;scenario1;1_2a;1_1a-1_1a_3__1_1b-1_1b_2__1_2a-1_2a_2+1_2a_4;7.03479744347e-08;Q14_7;YES;Amont_C, Syst_Est_amont;0.872;0.0162;0.314;7.51
sim_0499;scenario1;1_2a;1_1a-1_1a_3__1_1b-1_1b_2__1_2a-1_2a_3+1_2a_4;7.03479744347e-08;Q14_7;YES;Amont_C, Syst_Est_amont;0.86;0.0157;0.313;7.7
sim_0500;scenario1;1_2a;1_1a-1_1a_3__1_1b-1_1b_2__1_2a-1_2a_1+1_2a_2+1_2a_3;6.3888170526e-10;Q14_7;YES;Amont_C;1.28;0.0315;0.412;1.19
sim_0501;scenario1;1_2a;1_1a-1_1a_3__1_1b-1_1b_2__1_2a-1_2a_1+1_2a_2+1_2a_4;6.3888170526e-10;Q14_7;YES;Amont_C;0.887;0.0164;0.317;7.46
sim_0502;scenario1;1_2a;1_1a-1_1a_3__1_1b-1_1b_2__1_2a-1_2a_1+1_2a_3+1_2a_4;6.3888170526e-10;Q14_7;YES;Amont_C, Syst_Est_amont;0.87;0.0155;0.314;7.69
sim_0503;scenario1;1_2a;1_1a-1_1a_3__1_1b-1_1b_2__1_2a-1_2a_2+1_2a_3+1_2a_4;6.3888170526e-10;Q14_7;YES;Amont_C, Syst_Est_amont;0.859;0.0162;0.314;7.51
sim_0504;scenario1;1_2a;1_1a-1_1a_3__1_1b-1_1b_2__1_2a-1_2a_1+1_2a_2+1_2a_3+1_2a_4;5.80215474e-12;Q14_7;YES;Amont_C;0.874;0.0164;0.317;7.47
sim_0505;scenario1;1_2a;1_1a-1_1a_3__1_1b-1_1b_3__1_2a-1_2a_0;0.000202538425;Q14_7;YES;Amont_C, Syst_Est_amont;1.29;0.0331;0.41;1.89
sim_0506;scenario1;1_2a;1_1a-1_1a_3__1_1b-1_1b_3__1_2a-1_2a_1;1.82893877361e-06;Q14_7;YES;Amont_C, Syst_Est_amont;1.29;0.0334;0.41;1.85
sim_0507;scenario1;1_2a;1_1a-1_1a_3__1_1b-1_1b_3__1_2a-1_2a_2;1.82893877361e-06;Q14_7;YES;Amont_C, Syst_Est_amont;1.29;0.0331;0.41;1.84
sim_0508;scenario1;1_2a;1_1a-1_1a_3__1_1b-1_1b_3__1_2a-1_2a_3;1.82893877361e-06;Q14_7;YES;Amont_C, Syst_Est_amont;1.25;0.0331;0.41;1.91
sim_0509;scenario1;1_2a;1_1a-1_1a_3__1_1b-1_1b_3__1_2a-1_2a_4;1.82893877361e-06;Q14_7;YES;Amont_C, Syst_Est_amont;0.768;0.0137;0.3;11.5
sim_0510;scenario1;1_2a;1_1a-1_1a_3__1_1b-1_1b_3__1_2a-1_2a_1+1_2a_2;1.66099384082e-08;Q14_7;YES;Amont_C, Syst_Est_amont;1.29;0.0331;0.41;1.84
sim_0511;scenario1;1_2a;1_1a-1_1a_3__1_1b-1_1b_3__1_2a-1_2a_1+1_2a_3;1.66099384082e-08;Q14_7;YES;Amont_C, Syst_Est_amont;1.25;0.0335;0.41;1.86
sim_0512;scenario1;1_2a;1_1a-1_1a_3__1_1b-1_1b_3__1_2a-1_2a_1+1_2a_4;1.66099384082e-08;Q14_7;YES;Amont_C, Syst_Est_amont, Syst_Est_interm;0.805;0.017;0.31;11.7
sim_0513;scenario1;1_2a;1_1a-1_1a_3__1_1b-1_1b_3__1_2a-1_2a_2+1_2a_3;1.66099384082e-08;Q14_7;YES;Amont_C, Syst_Est_amont;1.25;0.0331;0.41;1.84
sim_0514;scenario1;1_2a;1_1a-1_1a_3__1_1b-1_1b_3__1_2a-1_2a_2+1_2a_4;1.66099384082e-08;Q14_7;YES;Amont_C, Syst_Est_amont;0.778;0.0156;0.303;10.3
sim_0515;scenario1;1_2a;1_1a-1_1a_3__1_1b-1_1b_3__1_2a-1_2a_3+1_2a_4;1.66099384082e-08;Q14_7;YES;Amont_C, Syst_Est_amont;0.756;0.0138;0.3;11.5
sim_0516;scenario1;1_2a;1_1a-1_1a_3__1_1b-1_1b_3__1_2a-1_2a_1+1_2a_2+1_2a_3;1.50847069297e-10;Q14_7;YES;Amont_C, Syst_Est_amont;1.25;0.0331;0.41;1.84
sim_0517;scenario1;1_2a;1_1a-1_1a_3__1_1b-1_1b_3__1_2a-1_2a_1+1_2a_2+1_2a_4;1.50847069297e-10;Q14_7;YES;Amont_C, Syst_Est_interm;0.787;0.0161;0.306;10.6
sim_0518;scenario1;1_2a;1_1a-1_1a_3__1_1b-1_1b_3__1_2a-1_2a_1+1_2a_3+1_2a_4;1.50847069297e-10;Q14_7;YES;Amont_C;0.793;0.0171;0.31;11.7
sim_0519;scenario1;1_2a;1_1a-1_1a_3__1_1b-1_1b_3__1_2a-1_2a_2+1_2a_3+1_2a_4;1.50847069297e-10;Q14_7;YES;Amont_C, Syst_Est_amont;0.765;0.0155;0.304;10.4
sim_0520;scenario1;1_2a;1_1a-1_1a_3__1_1b-1_1b_3__1_2a-1_2a_1+1_2a_2+1_2a_3+1_2a_4;1.3699532025e-12;Q14_7;YES;Amont_C, Syst_Est_interm;0.775;0.0162;0.307;10.7
sim_0521;scenario1;1_2a;1_1a-1_1a_3__1_1b-1_1b_1+1_1b_2__1_2a-1_2a_0;0.0001513782;Q14_7;YES;Amont_C;1.31;0.0313;0.412;1.28
sim_0522;scenario1;1_2a;1_1a-1_1a_3__1_1b-1_1b_1+1_1b_2__1_2a-1_2a_1;1.36695769931e-06;Q14_7;YES;Amont_C;1.31;0.0313;0.412;1.22
sim_0523;scenario1;1_2a;1_1a-1_1a_3__1_1b-1_1b_1+1_1b_2__1_2a-1_2a_2;1.36695769931e-06;Q14_7;YES;Amont_C;1.31;0.0313;0.412;1.21
sim_0524;scenario1;1_2a;1_1a-1_1a_3__1_1b-1_1b_1+1_1b_2__1_2a-1_2a_3;1.36695769931e-06;Q14_7;YES;Amont_C;1.27;0.0312;0.412;1.27
sim_0525;scenario1;1_2a;1_1a-1_1a_3__1_1b-1_1b_1+1_1b_2__1_2a-1_2a_4;1.36695769931e-06;Q14_7;YES;Amont_C;0.872;0.0155;0.313;8.03
sim_0526;scenario1;1_2a;1_1a-1_1a_3__1_1b-1_1b_1+1_1b_2__1_2a-1_2a_1+1_2a_2;1.24143484297e-08;Q14_7;YES;Amont_C;1.31;0.0318;0.412;1.19
sim_0527;scenario1;1_2a;1_1a-1_1a_3__1_1b-1_1b_1+1_1b_2__1_2a-1_2a_1+1_2a_3;1.24143484297e-08;Q14_7;YES;Amont_C;1.28;0.0312;0.412;1.21
sim_0528;scenario1;1_2a;1_1a-1_1a_3__1_1b-1_1b_1+1_1b_2__1_2a-1_2a_1+1_2a_4;1.24143484297e-08;Q14_7;YES;Amont_C;0.875;0.0159;0.314;7.99
sim_0529;scenario1;1_2a;1_1a-1_1a_3__1_1b-1_1b_1+1_1b_2__1_2a-1_2a_2+1_2a_3;1.24143484297e-08;Q14_7;YES;Amont_C;1.28;0.0312;0.412;1.21
sim_0530;scenario1;1_2a;1_1a-1_1a_3__1_1b-1_1b_1+1_1b_2__1_2a-1_2a_2+1_2a_4;1.24143484297e-08;Q14_7;YES;Amont_C;0.871;0.0161;0.313;7.81
sim_0531;scenario1;1_2a;1_1a-1_1a_3__1_1b-1_1b_1+1_1b_2__1_2a-1_2a_3+1_2a_4;1.24143484297e-08;Q14_7;YES;Amont_C;0.858;0.0155;0.313;8.04
sim_0532;scenario1;1_2a;1_1a-1_1a_3__1_1b-1_1b_1+1_1b_2__1_2a-1_2a_1+1_2a_2+1_2a_3;1.1274383034e-10;Q14_7;YES;Amont_C;1.28;0.0318;0.412;1.19
sim_0533;scenario1;1_2a;1_1a-1_1a_3__1_1b-1_1b_1+1_1b_2__1_2a-1_2a_1+1_2a_2+1_2a_4;1.1274383034e-10;Q14_7;YES;Amont_C;0.879;0.0167;0.316;7.71
sim_0534;scenario1;1_2a;1_1a-1_1a_3__1_1b-1_1b_1+1_1b_2__1_2a-1_2a_1+1_2a_3+1_2a_4;1.1274383034e-10;Q14_7;YES;Amont_C;0.862;0.0159;0.314;8
sim_0535;scenario1;1_2a;1_1a-1_1a_3__1_1b-1_1b_1+1_1b_2__1_2a-1_2a_2+1_2a_3+1_2a_4;1.1274383034e-10;Q14_7;YES;Amont_C;0.858;0.0161;0.313;7.81
sim_0536;scenario1;1_2a;1_1a-1_1a_3__1_1b-1_1b_1+1_1b_2__1_2a-1_2a_1+1_2a_2+1_2a_3+1_2a_4;1.02390966e-12;Q14_7;YES;Amont_C;0.866;0.0167;0.316;7.71
sim_0537;scenario1;1_2a;1_1a-1_1a_3__1_1b-1_1b_1+1_1b_3__1_2a-1_2a_0;3.5742075e-05;Q14_7;YES;Amont_C;1.29;0.0331;0.41;2.06
sim_0538;scenario1;1_2a;1_1a-1_1a_3__1_1b-1_1b_1+1_1b_3__1_2a-1_2a_1;3.22753901226e-07;Q14_7;YES;Amont_C;1.29;0.0335;0.41;1.88
sim_0539;scenario1;1_2a;1_1a-1_1a_3__1_1b-1_1b_1+1_1b_3__1_2a-1_2a_2;3.22753901226e-07;Q14_7;YES;Amont_C;1.29;0.0331;0.41;1.89
sim_0540;scenario1;1_2a;1_1a-1_1a_3__1_1b-1_1b_1+1_1b_3__1_2a-1_2a_3;3.22753901226e-07;Q14_7;YES;Amont_C;1.25;0.0331;0.41;2.08
sim_0541;scenario1;1_2a;1_1a-1_1a_3__1_1b-1_1b_1+1_1b_3__1_2a-1_2a_4;3.22753901226e-07;Q14_7;YES;Amont_C, Syst_Est_interm;0.785;0.0154;0.305;11.8
sim_0542;scenario1;1_2a;1_1a-1_1a_3__1_1b-1_1b_1+1_1b_3__1_2a-1_2a_1+1_2a_2;2.93116560145e-09;Q14_7;YES;Amont_C;1.29;0.0335;0.41;1.76
sim_0543;scenario1;1_2a;1_1a-1_1a_3__1_1b-1_1b_1+1_1b_3__1_2a-1_2a_1+1_2a_3;2.93116560145e-09;Q14_7;YES;Amont_C;1.25;0.0336;0.41;1.89
sim_0544;scenario1;1_2a;1_1a-1_1a_3__1_1b-1_1b_1+1_1b_3__1_2a-1_2a_1+1_2a_4;2.93116560145e-09;Q14_7;YES;Amont_C, Syst_Est_interm;0.784;0.0155;0.304;11.8
sim_0545;scenario1;1_2a;1_1a-1_1a_3__1_1b-1_1b_1+1_1b_3__1_2a-1_2a_2+1_2a_3;2.93116560145e-09;Q14_7;YES;Amont_C;1.25;0.0331;0.41;1.89
sim_0546;scenario1;1_2a;1_1a-1_1a_3__1_1b-1_1b_1+1_1b_3__1_2a-1_2a_2+1_2a_4;2.93116560145e-09;Q14_7;YES;Amont_C, Syst_Est_interm;0.774;0.0152;0.302;10.7
sim_0547;scenario1;1_2a;1_1a-1_1a_3__1_1b-1_1b_1+1_1b_3__1_2a-1_2a_3+1_2a_4;2.93116560145e-09;Q14_7;YES;Amont_C, Syst_Est_interm;0.772;0.0154;0.305;11.8
sim_0548;scenario1;1_2a;1_1a-1_1a_3__1_1b-1_1b_1+1_1b_3__1_2a-1_2a_1+1_2a_2+1_2a_3;2.66200710525e-11;Q14_7;YES;Amont_C;1.25;0.0335;0.41;1.76
sim_0549;scenario1;1_2a;1_1a-1_1a_3__1_1b-1_1b_1+1_1b_3__1_2a-1_2a_1+1_2a_2+1_2a_4;2.66200710525e-11;Q14_7;YES;Amont_C, Syst_Est_interm;0.781;0.016;0.305;10.7
sim_0550;scenario1;1_2a;1_1a-1_1a_3__1_1b-1_1b_1+1_1b_3__1_2a-1_2a_1+1_2a_3+1_2a_4;2.66200710525e-11;Q14_7;YES;Amont_C, Syst_Est_interm;0.771;0.0155;0.305;11.8
sim_0551;scenario1;1_2a;1_1a-1_1a_3__1_1b-1_1b_1+1_1b_3__1_2a-1_2a_2+1_2a_3+1_2a_4;2.66200710525e-11;Q14_7;YES;Amont_C, Syst_Est_interm;0.762;0.0152;0.303;10.8
sim_0552;scenario1;1_2a;1_1a-1_1a_3__1_1b-1_1b_1+1_1b_3__1_2a-1_2a_1+1_2a_2+1_2a_3+1_2a_4;2.417564475e-13;Q14_7;YES;Amont_C, Syst_Est_interm;0.768;0.016;0.305;10.7
sim_0553;scenario1;1_2a;1_1a-1_1a_3__1_1b-1_1b_2+1_1b_3__1_2a-1_2a_0;3.5742075e-05;Q14_7;YES;Amont_C, Syst_Est_amont;1.29;0.0331;0.41;1.57
sim_0554;scenario1;1_2a;1_1a-1_1a_3__1_1b-1_1b_2+1_1b_3__1_2a-1_2a_1;3.22753901226e-07;Q14_7;YES;Amont_C, Syst_Est_amont;1.29;0.0331;0.41;1.57
sim_0555;scenario1;1_2a;1_1a-1_1a_3__1_1b-1_1b_2+1_1b_3__1_2a-1_2a_2;3.22753901226e-07;Q14_7;YES;Amont_C, Syst_Est_amont;1.29;0.0331;0.41;1.56
sim_0556;scenario1;1_2a;1_1a-1_1a_3__1_1b-1_1b_2+1_1b_3__1_2a-1_2a_3;3.22753901226e-07;Q14_7;YES;Amont_C, Syst_Est_amont;1.25;0.033;0.41;1.58
sim_0557;scenario1;1_2a;1_1a-1_1a_3__1_1b-1_1b_2+1_1b_3__1_2a-1_2a_4;3.22753901226e-07;Q14_7;YES;Amont_C, Syst_Est_amont;0.855;0.0223;0.322;8.98
sim_0558;scenario1;1_2a;1_1a-1_1a_3__1_1b-1_1b_2+1_1b_3__1_2a-1_2a_1+1_2a_2;2.93116560145e-09;Q14_7;YES;Amont_C;1.29;0.0331;0.41;1.56
sim_0559;scenario1;1_2a;1_1a-1_1a_3__1_1b-1_1b_2+1_1b_3__1_2a-1_2a_1+1_2a_3;2.93116560145e-09;Q14_7;YES;Amont_C, Syst_Est_amont;1.25;0.033;0.41;1.57
sim_0560;scenario1;1_2a;1_1a-1_1a_3__1_1b-1_1b_2+1_1b_3__1_2a-1_2a_1+1_2a_4;2.93116560145e-09;Q14_7;YES;Amont_C, Syst_Est_amont;0.865;0.0217;0.322;9.13
sim_0561;scenario1;1_2a;1_1a-1_1a_3__1_1b-1_1b_2+1_1b_3__1_2a-1_2a_2+1_2a_3;2.93116560145e-09;Q14_7;YES;Amont_C, Syst_Est_amont;1.25;0.033;0.41;1.56
sim_0562;scenario1;1_2a;1_1a-1_1a_3__1_1b-1_1b_2+1_1b_3__1_2a-1_2a_2+1_2a_4;2.93116560145e-09;Q14_7;YES;Amont_C, Syst_Est_amont;0.807;0.0183;0.312;8.88
sim_0563;scenario1;1_2a;1_1a-1_1a_3__1_1b-1_1b_2+1_1b_3__1_2a-1_2a_3+1_2a_4;2.93116560145e-09;Q14_7;YES;Amont_C, Syst_Est_amont;0.842;0.0222;0.322;8.99
sim_0564;scenario1;1_2a;1_1a-1_1a_3__1_1b-1_1b_2+1_1b_3__1_2a-1_2a_1+1_2a_2+1_2a_3;2.66200710525e-11;Q14_7;YES;Amont_C;1.25;0.033;0.41;1.56
sim_0565;scenario1;1_2a;1_1a-1_1a_3__1_1b-1_1b_2+1_1b_3__1_2a-1_2a_1+1_2a_2+1_2a_4;2.66200710525e-11;Q14_7;YES;Amont_C;0.824;0.019;0.315;9.03
sim_0566;scenario1;1_2a;1_1a-1_1a_3__1_1b-1_1b_2+1_1b_3__1_2a-1_2a_1+1_2a_3+1_2a_4;2.66200710525e-11;Q14_7;YES;Amont_C, Syst_Est_amont;0.852;0.0216;0.322;9.14
sim_0567;scenario1;1_2a;1_1a-1_1a_3__1_1b-1_1b_2+1_1b_3__1_2a-1_2a_2+1_2a_3+1_2a_4;2.66200710525e-11;Q14_7;YES;Amont_C, Syst_Est_amont;0.794;0.0183;0.312;8.9
sim_0568;scenario1;1_2a;1_1a-1_1a_3__1_1b-1_1b_2+1_1b_3__1_2a-1_2a_1+1_2a_2+1_2a_3+1_2a_4;2.417564475e-13;Q14_7;YES;Amont_C;0.811;0.019;0.315;9.04
sim_0569;scenario1;1_2a;1_1a-1_1a_3__1_1b-1_1b_1+1_1b_2+1_1b_3__1_2a-1_2a_0;6.307425e-06;Q14_7;YES;Amont_C;1.29;0.0331;0.41;1.71
sim_0570;scenario1;1_2a;1_1a-1_1a_3__1_1b-1_1b_1+1_1b_2+1_1b_3__1_2a-1_2a_1;5.69565708046e-08;Q14_7;YES;Amont_C;1.29;0.0331;0.41;1.62
sim_0571;scenario1;1_2a;1_1a-1_1a_3__1_1b-1_1b_1+1_1b_2+1_1b_3__1_2a-1_2a_2;5.69565708046e-08;Q14_7;YES;Amont_C;1.29;0.0331;0.41;1.65
sim_0572;scenario1;1_2a;1_1a-1_1a_3__1_1b-1_1b_1+1_1b_2+1_1b_3__1_2a-1_2a_3;5.69565708046e-08;Q14_7;YES;Amont_C;1.25;0.0331;0.41;1.72
sim_0573;scenario1;1_2a;1_1a-1_1a_3__1_1b-1_1b_1+1_1b_2+1_1b_3__1_2a-1_2a_4;5.69565708046e-08;Q14_7;YES;Amont_C;0.852;0.0222;0.321;9.33
sim_0574;scenario1;1_2a;1_1a-1_1a_3__1_1b-1_1b_1+1_1b_2+1_1b_3__1_2a-1_2a_1+1_2a_2;5.17264517902e-10;Q14_7;YES;Amont_C;1.29;0.0331;0.41;1.57
sim_0575;scenario1;1_2a;1_1a-1_1a_3__1_1b-1_1b_1+1_1b_2+1_1b_3__1_2a-1_2a_1+1_2a_3;5.17264517902e-10;Q14_7;YES;Amont_C;1.25;0.033;0.41;1.62
sim_0576;scenario1;1_2a;1_1a-1_1a_3__1_1b-1_1b_1+1_1b_2+1_1b_3__1_2a-1_2a_1+1_2a_4;5.17264517902e-10;Q14_7;YES;Amont_C;0.833;0.0207;0.318;9.37
sim_0577;scenario1;1_2a;1_1a-1_1a_3__1_1b-1_1b_1+1_1b_2+1_1b_3__1_2a-1_2a_2+1_2a_3;5.17264517902e-10;Q14_7;YES;Amont_C;1.25;0.033;0.41;1.65
sim_0578;scenario1;1_2a;1_1a-1_1a_3__1_1b-1_1b_1+1_1b_2+1_1b_3__1_2a-1_2a_2+1_2a_4;5.17264517902e-10;Q14_7;YES;Amont_C;0.799;0.0176;0.31;9.17
sim_0579;scenario1;1_2a;1_1a-1_1a_3__1_1b-1_1b_1+1_1b_2+1_1b_3__1_2a-1_2a_3+1_2a_4;5.17264517902e-10;Q14_7;YES;Amont_C;0.839;0.0222;0.321;9.34
sim_0580;scenario1;1_2a;1_1a-1_1a_3__1_1b-1_1b_1+1_1b_2+1_1b_3__1_2a-1_2a_1+1_2a_2+1_2a_3;4.6976595975e-12;Q14_7;YES;Amont_C;1.26;0.033;0.41;1.57
sim_0581;scenario1;1_2a;1_1a-1_1a_3__1_1b-1_1b_1+1_1b_2+1_1b_3__1_2a-1_2a_1+1_2a_2+1_2a_4;4.6976595975e-12;Q14_7;YES;Amont_C;0.805;0.0179;0.311;9.15
sim_0582;scenario1;1_2a;1_1a-1_1a_3__1_1b-1_1b_1+1_1b_2+1_1b_3__1_2a-1_2a_1+1_2a_3+1_2a_4;4.6976595975e-12;Q14_7;YES;Amont_C;0.82;0.0206;0.318;9.38
sim_0583;scenario1;1_2a;1_1a-1_1a_3__1_1b-1_1b_1+1_1b_2+1_1b_3__1_2a-1_2a_2+1_2a_3+1_2a_4;4.6976595975e-12;Q14_7;YES;Amont_C;0.786;0.0176;0.31;9.18
sim_0584;scenario1;1_2a;1_1a-1_1a_3__1_1b-1_1b_1+1_1b_2+1_1b_3__1_2a-1_2a_1+1_2a_2+1_2a_3+1_2a_4;4.26629025e-14;Q14_7;YES;Amont_C;0.793;0.018;0.312;9.16
sim_0585;scenario1;1_2a;1_1a-1_1a_1+1_1a_2__1_1b-1_1b_0__1_2a-1_2a_0;0.015124725;Q14_7;YES;Amont_C;1.34;0.0295;0.416;0.336
sim_0586;scenario1;1_2a;1_1a-1_1a_1+1_1a_2__1_1b-1_1b_0__1_2a-1_2a_1;0.000136577520995;Q14_7;YES;Amont_C;1.34;0.0296;0.416;0.164
sim_0587;scenario1;1_2a;1_1a-1_1a_1+1_1a_2__1_1b-1_1b_0__1_2a-1_2a_2;0.000136577520995;Q14_7;YES;Amont_C;1.34;0.0301;0.416;0.121
sim_0588;scenario1;1_2a;1_1a-1_1a_1+1_1a_2__1_1b-1_1b_0__1_2a-1_2a_3;0.000136577520995;Q14_7;YES;Amont_C;1.3;0.0294;0.416;0.336
sim_0589;scenario1;1_2a;1_1a-1_1a_1+1_1a_2__1_1b-1_1b_0__1_2a-1_2a_4;0.000136577520995;Q14_7;YES;Amont_C;0.903;0.0125;0.309;7.7
sim_0590;scenario1;1_2a;1_1a-1_1a_1+1_1a_2__1_1b-1_1b_0__1_2a-1_2a_1+1_2a_2;1.24036093739e-06;Q14_7;YES;Amont_C;1.45;0.0338;0.416;0.0468
sim_0591;scenario1;1_2a;1_1a-1_1a_1+1_1a_2__1_1b-1_1b_0__1_2a-1_2a_1+1_2a_3;1.24036093739e-06;Q14_7;YES;Amont_C;1.31;0.0297;0.416;0.169
sim_0592;scenario1;1_2a;1_1a-1_1a_1+1_1a_2__1_1b-1_1b_0__1_2a-1_2a_1+1_2a_4;1.24036093739e-06;Q14_7;YES;Amont_C;0.9;0.0128;0.309;7.64
sim_0593;scenario1;1_2a;1_1a-1_1a_1+1_1a_2__1_1b-1_1b_0__1_2a-1_2a_2+1_2a_3;1.24036093739e-06;Q14_7;YES;Amont_C;1.31;0.0301;0.416;0.125
sim_0594;scenario1;1_2a;1_1a-1_1a_1+1_1a_2__1_1b-1_1b_0__1_2a-1_2a_2+1_2a_4;1.24036093739e-06;Q14_7;YES;Amont_C;0.923;0.0143;0.314;7.29
sim_0595;scenario1;1_2a;1_1a-1_1a_1+1_1a_2__1_1b-1_1b_0__1_2a-1_2a_3+1_2a_4;1.24036093739e-06;Q14_7;YES;Amont_C;0.889;0.0123;0.308;7.64
sim_0596;scenario1;1_2a;1_1a-1_1a_1+1_1a_2__1_1b-1_1b_0__1_2a-1_2a_1+1_2a_2+1_2a_3;1.12646301075e-08;Q14_7;YES;Amont_C;1.42;0.0337;0.416;0.0453
sim_0597;scenario1;1_2a;1_1a-1_1a_1+1_1a_2__1_1b-1_1b_0__1_2a-1_2a_1+1_2a_2+1_2a_4;1.12646301075e-08;Q14_7;YES;Amont_C;0.918;0.0152;0.315;7.42
sim_0598;scenario1;1_2a;1_1a-1_1a_1+1_1a_2__1_1b-1_1b_0__1_2a-1_2a_1+1_2a_3+1_2a_4;1.12646301075e-08;Q14_7;YES;Amont_C;0.887;0.0128;0.309;7.65
sim_0599;scenario1;1_2a;1_1a-1_1a_1+1_1a_2__1_1b-1_1b_0__1_2a-1_2a_2+1_2a_3+1_2a_4;1.12646301075e-08;Q14_7;YES;Amont_C;0.91;0.0142;0.313;7.28
sim_0600;scenario1;1_2a;1_1a-1_1a_1+1_1a_2__1_1b-1_1b_0__1_2a-1_2a_1+1_2a_2+1_2a_3+1_2a_4;1.023023925e-10;Q14_7;YES;Amont_C;0.904;0.0152;0.315;7.43
sim_0601;scenario1;1_2a;1_1a-1_1a_1+1_1a_2__1_1b-1_1b_1__1_2a-1_2a_0;0.0026446662;Q14_7;YES;Amont_C;1.34;0.0295;0.416;0.331
sim_0602;scenario1;1_2a;1_1a-1_1a_1+1_1a_2__1_1b-1_1b_1__1_2a-1_2a_1;2.38815550997e-05;Q14_7;YES;Amont_C;1.34;0.0297;0.416;0.158
sim_0603;scenario1;1_2a;1_1a-1_1a_1+1_1a_2__1_1b-1_1b_1__1_2a-1_2a_2;2.38815550997e-05;Q14_7;YES;Amont_C;1.34;0.0302;0.416;0.117
sim_0604;scenario1;1_2a;1_1a-1_1a_1+1_1a_2__1_1b-1_1b_1__1_2a-1_2a_3;2.38815550997e-05;Q14_7;YES;Amont_C;1.3;0.0294;0.416;0.331
sim_0605;scenario1;1_2a;1_1a-1_1a_1+1_1a_2__1_1b-1_1b_1__1_2a-1_2a_4;2.38815550997e-05;Q14_7;YES;Amont_C;0.899;0.0122;0.308;7.57
sim_0606;scenario1;1_2a;1_1a-1_1a_1+1_1a_2__1_1b-1_1b_1__1_2a-1_2a_1+1_2a_2;2.16885969624e-07;Q14_7;YES;Amont_C;1.45;0.034;0.416;0.0451
sim_0607;scenario1;1_2a;1_1a-1_1a_1+1_1a_2__1_1b-1_1b_1__1_2a-1_2a_1+1_2a_3;2.16885969624e-07;Q14_7;YES;Amont_C;1.31;0.0297;0.416;0.162
sim_0608;scenario1;1_2a;1_1a-1_1a_1+1_1a_2__1_1b-1_1b_1__1_2a-1_2a_1+1_2a_4;2.16885969624e-07;Q14_7;YES;Amont_C;0.898;0.0126;0.309;7.55
sim_0609;scenario1;1_2a;1_1a-1_1a_1+1_1a_2__1_1b-1_1b_1__1_2a-1_2a_2+1_2a_3;2.16885969624e-07;Q14_7;YES;Amont_C;1.31;0.0303;0.416;0.121
sim_0610;scenario1;1_2a;1_1a-1_1a_1+1_1a_2__1_1b-1_1b_1__1_2a-1_2a_2+1_2a_4;2.16885969624e-07;Q14_7;YES;Amont_C;0.915;0.0139;0.312;7.28
sim_0611;scenario1;1_2a;1_1a-1_1a_1+1_1a_2__1_1b-1_1b_1__1_2a-1_2a_3+1_2a_4;2.16885969624e-07;Q14_7;YES;Amont_C;0.886;0.0119;0.307;7.53
sim_0612;scenario1;1_2a;1_1a-1_1a_1+1_1a_2__1_1b-1_1b_1__1_2a-1_2a_1+1_2a_2+1_2a_3;1.96970103594e-09;Q14_7;YES;Amont_C;1.42;0.0339;0.416;0.0476
sim_0613;scenario1;1_2a;1_1a-1_1a_1+1_1a_2__1_1b-1_1b_1__1_2a-1_2a_1+1_2a_2+1_2a_4;1.96970103594e-09;Q14_7;YES;Amont_C;0.918;0.0149;0.314;7.39
sim_0614;scenario1;1_2a;1_1a-1_1a_1+1_1a_2__1_1b-1_1b_1__1_2a-1_2a_1+1_2a_3+1_2a_4;1.96970103594e-09;Q14_7;YES;Amont_C;0.885;0.0126;0.309;7.55
sim_0615;scenario1;1_2a;1_1a-1_1a_1+1_1a_2__1_1b-1_1b_1__1_2a-1_2a_2+1_2a_3+1_2a_4;1.96970103594e-09;Q14_7;YES;Amont_C;0.9;0.0138;0.312;7.28
sim_0616;scenario1;1_2a;1_1a-1_1a_1+1_1a_2__1_1b-1_1b_1__1_2a-1_2a_1+1_2a_2+1_2a_3+1_2a_4;1.788830406e-11;Q14_7;YES;Amont_C;0.904;0.015;0.315;7.41
sim_0617;scenario1;1_2a;1_1a-1_1a_1+1_1a_2__1_1b-1_1b_2__1_2a-1_2a_0;0.0026446662;Q14_7;YES;Amont_C;1.34;0.0295;0.416;0.33
sim_0618;scenario1;1_2a;1_1a-1_1a_1+1_1a_2__1_1b-1_1b_2__1_2a-1_2a_1;2.38815550997e-05;Q14_7;YES;Amont_C;1.34;0.0297;0.416;0.155
sim_0619;scenario1;1_2a;1_1a-1_1a_1+1_1a_2__1_1b-1_1b_2__1_2a-1_2a_2;2.38815550997e-05;Q14_7;YES;Amont_C;1.34;0.0303;0.416;0.116
sim_0620;scenario1;1_2a;1_1a-1_1a_1+1_1a_2__1_1b-1_1b_2__1_2a-1_2a_3;2.38815550997e-05;Q14_7;YES;Amont_C;1.3;0.0294;0.416;0.33
sim_0621;scenario1;1_2a;1_1a-1_1a_1+1_1a_2__1_1b-1_1b_2__1_2a-1_2a_4;2.38815550997e-05;Q14_7;YES;Amont_C;0.902;0.0126;0.309;7.14
sim_0622;scenario1;1_2a;1_1a-1_1a_1+1_1a_2__1_1b-1_1b_2__1_2a-1_2a_1+1_2a_2;2.16885969624e-07;Q14_7;YES;Amont_C;1.45;0.034;0.416;0.0468
sim_0623;scenario1;1_2a;1_1a-1_1a_1+1_1a_2__1_1b-1_1b_2__1_2a-1_2a_1+1_2a_3;2.16885969624e-07;Q14_7;YES;Amont_C;1.31;0.0297;0.416;0.161
sim_0624;scenario1;1_2a;1_1a-1_1a_1+1_1a_2__1_1b-1_1b_2__1_2a-1_2a_1+1_2a_4;2.16885969624e-07;Q14_7;YES;Amont_C;0.902;0.0132;0.31;7.23
sim_0625;scenario1;1_2a;1_1a-1_1a_1+1_1a_2__1_1b-1_1b_2__1_2a-1_2a_2+1_2a_3;2.16885969624e-07;Q14_7;YES;Amont_C;1.31;0.0303;0.416;0.122
sim_0626;scenario1;1_2a;1_1a-1_1a_1+1_1a_2__1_1b-1_1b_2__1_2a-1_2a_2+1_2a_4;2.16885969624e-07;Q14_7;YES;Amont_C;0.907;0.0138;0.312;7.16
sim_0627;scenario1;1_2a;1_1a-1_1a_1+1_1a_2__1_1b-1_1b_2__1_2a-1_2a_3+1_2a_4;2.16885969624e-07;Q14_7;YES;Amont_C;0.89;0.0125;0.309;7.12
sim_0628;scenario1;1_2a;1_1a-1_1a_1+1_1a_2__1_1b-1_1b_2__1_2a-1_2a_1+1_2a_2+1_2a_3;1.96970103594e-09;Q14_7;YES;Amont_C;1.42;0.034;0.416;0.0471
sim_0629;scenario1;1_2a;1_1a-1_1a_1+1_1a_2__1_1b-1_1b_2__1_2a-1_2a_1+1_2a_2+1_2a_4;1.96970103594e-09;Q14_7;YES;Amont_C;0.915;0.0147;0.314;7.24
sim_0630;scenario1;1_2a;1_1a-1_1a_1+1_1a_2__1_1b-1_1b_2__1_2a-1_2a_1+1_2a_3+1_2a_4;1.96970103594e-09;Q14_7;YES;Amont_C;0.889;0.0132;0.31;7.23
sim_0631;scenario1;1_2a;1_1a-1_1a_1+1_1a_2__1_1b-1_1b_2__1_2a-1_2a_2+1_2a_3+1_2a_4;1.96970103594e-09;Q14_7;YES;Amont_C;0.895;0.0139;0.312;7.17
sim_0632;scenario1;1_2a;1_1a-1_1a_1+1_1a_2__1_1b-1_1b_2__1_2a-1_2a_1+1_2a_2+1_2a_3+1_2a_4;1.788830406e-11;Q14_7;YES;Amont_C;0.903;0.0148;0.314;7.25
sim_0633;scenario1;1_2a;1_1a-1_1a_1+1_1a_2__1_1b-1_1b_3__1_2a-1_2a_0;0.000624435075;Q14_7;YES;Amont_C;1.31;0.0311;0.413;0.868
sim_0634;scenario1;1_2a;1_1a-1_1a_1+1_1a_2__1_1b-1_1b_3__1_2a-1_2a_1;5.63870050966e-06;Q14_7;YES;Amont_C;1.31;0.0311;0.413;0.805
sim_0635;scenario1;1_2a;1_1a-1_1a_1+1_1a_2__1_1b-1_1b_3__1_2a-1_2a_2;5.63870050966e-06;Q14_7;YES;Amont_C;1.31;0.0311;0.413;0.718
sim_0636;scenario1;1_2a;1_1a-1_1a_1+1_1a_2__1_1b-1_1b_3__1_2a-1_2a_3;5.63870050966e-06;Q14_7;YES;Amont_C;1.28;0.0311;0.413;0.879
sim_0637;scenario1;1_2a;1_1a-1_1a_1+1_1a_2__1_1b-1_1b_3__1_2a-1_2a_4;5.63870050966e-06;Q14_7;YES;Amont_C;0.852;0.0134;0.306;9.62
sim_0638;scenario1;1_2a;1_1a-1_1a_1+1_1a_2__1_1b-1_1b_3__1_2a-1_2a_1+1_2a_2;5.12091872723e-08;Q14_7;YES;Amont_C;1.31;0.0317;0.413;0.599
sim_0639;scenario1;1_2a;1_1a-1_1a_1+1_1a_2__1_1b-1_1b_3__1_2a-1_2a_1+1_2a_3;5.12091872723e-08;Q14_7;YES;Amont_C;1.28;0.0311;0.413;0.815
sim_0640;scenario1;1_2a;1_1a-1_1a_1+1_1a_2__1_1b-1_1b_3__1_2a-1_2a_1+1_2a_4;5.12091872723e-08;Q14_7;YES;Amont_C;0.851;0.0142;0.307;9.61
sim_0641;scenario1;1_2a;1_1a-1_1a_1+1_1a_2__1_1b-1_1b_3__1_2a-1_2a_2+1_2a_3;5.12091872723e-08;Q14_7;YES;Amont_C;1.28;0.0311;0.413;0.722
sim_0642;scenario1;1_2a;1_1a-1_1a_1+1_1a_2__1_1b-1_1b_3__1_2a-1_2a_2+1_2a_4;5.12091872723e-08;Q14_7;YES;Amont_C;0.856;0.0148;0.309;9.2
sim_0643;scenario1;1_2a;1_1a-1_1a_1+1_1a_2__1_1b-1_1b_3__1_2a-1_2a_3+1_2a_4;5.12091872723e-08;Q14_7;YES;Amont_C;0.839;0.0134;0.306;9.64
sim_0644;scenario1;1_2a;1_1a-1_1a_1+1_1a_2__1_1b-1_1b_3__1_2a-1_2a_1+1_2a_2+1_2a_3;4.65068300152e-10;Q14_7;YES;Amont_C;1.28;0.0317;0.413;0.609
sim_0645;scenario1;1_2a;1_1a-1_1a_1+1_1a_2__1_1b-1_1b_3__1_2a-1_2a_1+1_2a_2+1_2a_4;4.65068300152e-10;Q14_7;YES;Amont_C;0.86;0.0154;0.312;9.08
sim_0646;scenario1;1_2a;1_1a-1_1a_1+1_1a_2__1_1b-1_1b_3__1_2a-1_2a_1+1_2a_3+1_2a_4;4.65068300152e-10;Q14_7;YES;Amont_C;0.839;0.0142;0.307;9.62
sim_0647;scenario1;1_2a;1_1a-1_1a_1+1_1a_2__1_1b-1_1b_3__1_2a-1_2a_2+1_2a_3+1_2a_4;4.65068300152e-10;Q14_7;YES;Amont_C;0.844;0.0148;0.309;9.2
sim_0648;scenario1;1_2a;1_1a-1_1a_1+1_1a_2__1_1b-1_1b_3__1_2a-1_2a_1+1_2a_2+1_2a_3+1_2a_4;4.2236273475e-12;Q14_7;YES;Amont_C;0.847;0.0155;0.312;9.09
sim_0649;scenario1;1_2a;1_1a-1_1a_1+1_1a_2__1_1b-1_1b_1+1_1b_2__1_2a-1_2a_0;0.0004667058;Q14_7;YES;Amont_C;1.34;0.0295;0.416;0.325
sim_0650;scenario1;1_2a;1_1a-1_1a_1+1_1a_2__1_1b-1_1b_1+1_1b_2__1_2a-1_2a_1;4.21439207642e-06;Q14_7;YES;Amont_C;1.34;0.0297;0.416;0.149
sim_0651;scenario1;1_2a;1_1a-1_1a_1+1_1a_2__1_1b-1_1b_1+1_1b_2__1_2a-1_2a_2;4.21439207642e-06;Q14_7;YES;Amont_C;1.34;0.0304;0.416;0.114
sim_0652;scenario1;1_2a;1_1a-1_1a_1+1_1a_2__1_1b-1_1b_1+1_1b_2__1_2a-1_2a_3;4.21439207642e-06;Q14_7;YES;Amont_C;1.3;0.0294;0.416;0.325
sim_0653;scenario1;1_2a;1_1a-1_1a_1+1_1a_2__1_1b-1_1b_1+1_1b_2__1_2a-1_2a_4;4.21439207642e-06;Q14_7;YES;Amont_C;0.9;0.0121;0.308;7.12
sim_0654;scenario1;1_2a;1_1a-1_1a_1+1_1a_2__1_1b-1_1b_1+1_1b_2__1_2a-1_2a_1+1_2a_2;3.82739946395e-08;Q14_7;YES;Amont_C;1.45;0.0342;0.416;0.0468
sim_0655;scenario1;1_2a;1_1a-1_1a_1+1_1a_2__1_1b-1_1b_1+1_1b_2__1_2a-1_2a_1+1_2a_3;3.82739946395e-08;Q14_7;YES;Amont_C;1.31;0.0298;0.416;0.154
sim_0656;scenario1;1_2a;1_1a-1_1a_1+1_1a_2__1_1b-1_1b_1+1_1b_2__1_2a-1_2a_1+1_2a_4;3.82739946395e-08;Q14_7;YES;Amont_C;0.901;0.0128;0.31;7.19
sim_0657;scenario1;1_2a;1_1a-1_1a_1+1_1a_2__1_1b-1_1b_1+1_1b_2__1_2a-1_2a_2+1_2a_3;3.82739946395e-08;Q14_7;YES;Amont_C;1.31;0.0304;0.416;0.12
sim_0658;scenario1;1_2a;1_1a-1_1a_1+1_1a_2__1_1b-1_1b_1+1_1b_2__1_2a-1_2a_2+1_2a_4;3.82739946395e-08;Q14_7;YES;Amont_C;0.904;0.0135;0.311;7.16
sim_0659;scenario1;1_2a;1_1a-1_1a_1+1_1a_2__1_1b-1_1b_1+1_1b_2__1_2a-1_2a_3+1_2a_4;3.82739946395e-08;Q14_7;YES;Amont_C;0.887;0.012;0.308;7.1
sim_0660;scenario1;1_2a;1_1a-1_1a_1+1_1a_2__1_1b-1_1b_1+1_1b_2__1_2a-1_2a_1+1_2a_2+1_2a_3;3.4759430046e-10;Q14_7;YES;Amont_C;1.42;0.0342;0.416;0.0469
sim_0661;scenario1;1_2a;1_1a-1_1a_1+1_1a_2__1_1b-1_1b_1+1_1b_2__1_2a-1_2a_1+1_2a_2+1_2a_4;3.4759430046e-10;Q14_7;YES;Amont_C;0.915;0.0145;0.313;7.24
sim_0662;scenario1;1_2a;1_1a-1_1a_1+1_1a_2__1_1b-1_1b_1+1_1b_2__1_2a-1_2a_1+1_2a_3+1_2a_4;3.4759430046e-10;Q14_7;YES;Amont_C;0.887;0.0128;0.31;7.2
sim_0663;scenario1;1_2a;1_1a-1_1a_1+1_1a_2__1_1b-1_1b_1+1_1b_2__1_2a-1_2a_2+1_2a_3+1_2a_4;3.4759430046e-10;Q14_7;YES;Amont_C;0.892;0.0135;0.311;7.17
sim_0664;scenario1;1_2a;1_1a-1_1a_1+1_1a_2__1_1b-1_1b_1+1_1b_2__1_2a-1_2a_1+1_2a_2+1_2a_3+1_2a_4;3.15675954e-12;Q14_7;YES;Amont_C;0.903;0.0146;0.314;7.26
sim_0665;scenario1;1_2a;1_1a-1_1a_1+1_1a_2__1_1b-1_1b_1+1_1b_3__1_2a-1_2a_0;0.000110194425;Q14_7;YES;Amont_C;1.31;0.0311;0.413;0.88
sim_0666;scenario1;1_2a;1_1a-1_1a_1+1_1a_2__1_1b-1_1b_1+1_1b_3__1_2a-1_2a_1;9.95064795821e-07;Q14_7;YES;Amont_C;1.31;0.0311;0.413;0.837
sim_0667;scenario1;1_2a;1_1a-1_1a_1+1_1a_2__1_1b-1_1b_1+1_1b_3__1_2a-1_2a_2;9.95064795821e-07;Q14_7;YES;Amont_C;1.31;0.0311;0.413;0.776
sim_0668;scenario1;1_2a;1_1a-1_1a_1+1_1a_2__1_1b-1_1b_1+1_1b_3__1_2a-1_2a_3;9.95064795821e-07;Q14_7;YES;Amont_C;1.28;0.0311;0.413;0.896
sim_0669;scenario1;1_2a;1_1a-1_1a_1+1_1a_2__1_1b-1_1b_1+1_1b_3__1_2a-1_2a_4;9.95064795821e-07;Q14_7;YES;Amont_C;0.858;0.0139;0.308;9.32
sim_0670;scenario1;1_2a;1_1a-1_1a_1+1_1a_2__1_1b-1_1b_1+1_1b_3__1_2a-1_2a_1+1_2a_2;9.036915401e-09;Q14_7;YES;Amont_C;1.31;0.0311;0.413;0.671
sim_0671;scenario1;1_2a;1_1a-1_1a_1+1_1a_2__1_1b-1_1b_1+1_1b_3__1_2a-1_2a_1+1_2a_3;9.036915401e-09;Q14_7;YES;Amont_C;1.28;0.0311;0.413;0.847
sim_0672;scenario1;1_2a;1_1a-1_1a_1+1_1a_2__1_1b-1_1b_1+1_1b_3__1_2a-1_2a_1+1_2a_4;9.036915401e-09;Q14_7;YES;Amont_C;0.857;0.0144;0.308;9.35
sim_0673;scenario1;1_2a;1_1a-1_1a_1+1_1a_2__1_1b-1_1b_1+1_1b_3__1_2a-1_2a_2+1_2a_3;9.036915401e-09;Q14_7;YES;Amont_C;1.28;0.0311;0.413;0.78
sim_0674;scenario1;1_2a;1_1a-1_1a_1+1_1a_2__1_1b-1_1b_1+1_1b_3__1_2a-1_2a_2+1_2a_4;9.036915401e-09;Q14_7;YES;Amont_C;0.857;0.0146;0.309;9.07
sim_0675;scenario1;1_2a;1_1a-1_1a_1+1_1a_2__1_1b-1_1b_1+1_1b_3__1_2a-1_2a_3+1_2a_4;9.036915401e-09;Q14_7;YES;Amont_C;0.845;0.0139;0.308;9.33
sim_0676;scenario1;1_2a;1_1a-1_1a_1+1_1a_2__1_1b-1_1b_1+1_1b_3__1_2a-1_2a_1+1_2a_2+1_2a_3;8.20708764975e-11;Q14_7;YES;Amont_C;1.28;0.0312;0.413;0.679
sim_0677;scenario1;1_2a;1_1a-1_1a_1+1_1a_2__1_1b-1_1b_1+1_1b_3__1_2a-1_2a_1+1_2a_2+1_2a_4;8.20708764975e-11;Q14_7;YES;Amont_C;0.861;0.0152;0.311;8.99
sim_0678;scenario1;1_2a;1_1a-1_1a_1+1_1a_2__1_1b-1_1b_1+1_1b_3__1_2a-1_2a_1+1_2a_3+1_2a_4;8.20708764975e-11;Q14_7;YES;Amont_C;0.844;0.0144;0.308;9.35
sim_0679;scenario1;1_2a;1_1a-1_1a_1+1_1a_2__1_1b-1_1b_1+1_1b_3__1_2a-1_2a_2+1_2a_3+1_2a_4;8.20708764975e-11;Q14_7;YES;Amont_C;0.845;0.0146;0.309;9.08
sim_0680;scenario1;1_2a;1_1a-1_1a_1+1_1a_2__1_1b-1_1b_1+1_1b_3__1_2a-1_2a_1+1_2a_2+1_2a_3+1_2a_4;7.453460025e-13;Q14_7;YES;Amont_C;0.849;0.0152;0.311;8.99
sim_0681;scenario1;1_2a;1_1a-1_1a_1+1_1a_2__1_1b-1_1b_2+1_1b_3__1_2a-1_2a_0;0.000110194425;Q14_7;YES;Amont_C;1.31;0.0311;0.413;0.669
sim_0682;scenario1;1_2a;1_1a-1_1a_1+1_1a_2__1_1b-1_1b_2+1_1b_3__1_2a-1_2a_1;9.95064795821e-07;Q14_7;YES;Amont_C;1.31;0.0311;0.413;0.639
sim_0683;scenario1;1_2a;1_1a-1_1a_1+1_1a_2__1_1b-1_1b_2+1_1b_3__1_2a-1_2a_2;9.95064795821e-07;Q14_7;YES;Amont_C;1.31;0.0311;0.413;0.604
sim_0684;scenario1;1_2a;1_1a-1_1a_1+1_1a_2__1_1b-1_1b_2+1_1b_3__1_2a-1_2a_3;9.95064795821e-07;Q14_7;YES;Amont_C;1.28;0.0311;0.413;0.678
sim_0685;scenario1;1_2a;1_1a-1_1a_1+1_1a_2__1_1b-1_1b_2+1_1b_3__1_2a-1_2a_4;9.95064795821e-07;Q14_7;YES;Amont_C;0.863;0.0142;0.309;8.82
sim_0686;scenario1;1_2a;1_1a-1_1a_1+1_1a_2__1_1b-1_1b_2+1_1b_3__1_2a-1_2a_1+1_2a_2;9.036915401e-09;Q14_7;YES;Amont_C;1.31;0.0311;0.413;0.504
sim_0687;scenario1;1_2a;1_1a-1_1a_1+1_1a_2__1_1b-1_1b_2+1_1b_3__1_2a-1_2a_1+1_2a_3;9.036915401e-09;Q14_7;YES;Amont_C;1.28;0.0311;0.413;0.648
sim_0688;scenario1;1_2a;1_1a-1_1a_1+1_1a_2__1_1b-1_1b_2+1_1b_3__1_2a-1_2a_1+1_2a_4;9.036915401e-09;Q14_7;YES;Amont_C;0.86;0.0147;0.309;8.92
sim_0689;scenario1;1_2a;1_1a-1_1a_1+1_1a_2__1_1b-1_1b_2+1_1b_3__1_2a-1_2a_2+1_2a_3;9.036915401e-09;Q14_7;YES;Amont_C;1.28;0.0311;0.413;0.607
sim_0690;scenario1;1_2a;1_1a-1_1a_1+1_1a_2__1_1b-1_1b_2+1_1b_3__1_2a-1_2a_2+1_2a_4;9.036915401e-09;Q14_7;YES;Amont_C;0.86;0.0147;0.309;8.81
sim_0691;scenario1;1_2a;1_1a-1_1a_1+1_1a_2__1_1b-1_1b_2+1_1b_3__1_2a-1_2a_3+1_2a_4;9.036915401e-09;Q14_7;YES;Amont_C;0.85;0.0142;0.309;8.83
sim_0692;scenario1;1_2a;1_1a-1_1a_1+1_1a_2__1_1b-1_1b_2+1_1b_3__1_2a-1_2a_1+1_2a_2+1_2a_3;8.20708764975e-11;Q14_7;YES;Amont_C;1.28;0.0311;0.413;0.512
sim_0693;scenario1;1_2a;1_1a-1_1a_1+1_1a_2__1_1b-1_1b_2+1_1b_3__1_2a-1_2a_1+1_2a_2+1_2a_4;8.20708764975e-11;Q14_7;YES;Amont_C;0.862;0.0151;0.311;8.77
sim_0694;scenario1;1_2a;1_1a-1_1a_1+1_1a_2__1_1b-1_1b_2+1_1b_3__1_2a-1_2a_1+1_2a_3+1_2a_4;8.20708764975e-11;Q14_7;YES;Amont_C;0.847;0.0147;0.309;8.93
sim_0695;scenario1;1_2a;1_1a-1_1a_1+1_1a_2__1_1b-1_1b_2+1_1b_3__1_2a-1_2a_2+1_2a_3+1_2a_4;8.20708764975e-11;Q14_7;YES;Amont_C;0.847;0.0147;0.309;8.81
sim_0696;scenario1;1_2a;1_1a-1_1a_1+1_1a_2__1_1b-1_1b_2+1_1b_3__1_2a-1_2a_1+1_2a_2+1_2a_3+1_2a_4;7.453460025e-13;Q14_7;YES;Amont_C;0.849;0.0151;0.311;8.78
sim_0697;scenario1;1_2a;1_1a-1_1a_1+1_1a_2__1_1b-1_1b_1+1_1b_2+1_1b_3__1_2a-1_2a_0;1.9446075e-05;Q14_7;YES;Amont_C;1.31;0.0311;0.413;0.714
sim_0698;scenario1;1_2a;1_1a-1_1a_1+1_1a_2__1_1b-1_1b_1+1_1b_2+1_1b_3__1_2a-1_2a_1;1.75599669851e-07;Q14_7;YES;Amont_C;1.31;0.0311;0.413;0.684
sim_0699;scenario1;1_2a;1_1a-1_1a_1+1_1a_2__1_1b-1_1b_1+1_1b_2+1_1b_3__1_2a-1_2a_2;1.75599669851e-07;Q14_7;YES;Amont_C;1.31;0.0311;0.413;0.657
sim_0700;scenario1;1_2a;1_1a-1_1a_1+1_1a_2__1_1b-1_1b_1+1_1b_2+1_1b_3__1_2a-1_2a_3;1.75599669851e-07;Q14_7;YES;Amont_C;1.28;0.0311;0.413;0.727
sim_0701;scenario1;1_2a;1_1a-1_1a_1+1_1a_2__1_1b-1_1b_1+1_1b_2+1_1b_3__1_2a-1_2a_4;1.75599669851e-07;Q14_7;YES;Amont_C;0.869;0.0142;0.309;8.64
sim_0702;scenario1;1_2a;1_1a-1_1a_1+1_1a_2__1_1b-1_1b_1+1_1b_2+1_1b_3__1_2a-1_2a_1+1_2a_2;1.59474977665e-09;Q14_7;YES;Amont_C;1.31;0.0311;0.413;0.571
sim_0703;scenario1;1_2a;1_1a-1_1a_1+1_1a_2__1_1b-1_1b_1+1_1b_2+1_1b_3__1_2a-1_2a_1+1_2a_3;1.59474977665e-09;Q14_7;YES;Amont_C;1.28;0.031;0.413;0.691
sim_0704;scenario1;1_2a;1_1a-1_1a_1+1_1a_2__1_1b-1_1b_1+1_1b_2+1_1b_3__1_2a-1_2a_1+1_2a_4;1.59474977665e-09;Q14_7;YES;Amont_C;0.863;0.0146;0.309;8.83
sim_0705;scenario1;1_2a;1_1a-1_1a_1+1_1a_2__1_1b-1_1b_1+1_1b_2+1_1b_3__1_2a-1_2a_2+1_2a_3;1.59474977665e-09;Q14_7;YES;Amont_C;1.28;0.031;0.413;0.659
sim_0706;scenario1;1_2a;1_1a-1_1a_1+1_1a_2__1_1b-1_1b_1+1_1b_2+1_1b_3__1_2a-1_2a_2+1_2a_4;1.59474977665e-09;Q14_7;YES;Amont_C;0.863;0.0146;0.309;8.71
sim_0707;scenario1;1_2a;1_1a-1_1a_1+1_1a_2__1_1b-1_1b_1+1_1b_2+1_1b_3__1_2a-1_2a_3+1_2a_4;1.59474977665e-09;Q14_7;YES;Amont_C;0.856;0.0142;0.309;8.65
sim_0708;scenario1;1_2a;1_1a-1_1a_1+1_1a_2__1_1b-1_1b_1+1_1b_2+1_1b_3__1_2a-1_2a_1+1_2a_2+1_2a_3;1.44830958525e-11;Q14_7;YES;Amont_C;1.28;0.031;0.413;0.575
sim_0709;scenario1;1_2a;1_1a-1_1a_1+1_1a_2__1_1b-1_1b_1+1_1b_2+1_1b_3__1_2a-1_2a_1+1_2a_2+1_2a_4;1.44830958525e-11;Q14_7;YES;Amont_C;0.864;0.0149;0.311;8.72
sim_0710;scenario1;1_2a;1_1a-1_1a_1+1_1a_2__1_1b-1_1b_1+1_1b_2+1_1b_3__1_2a-1_2a_1+1_2a_3+1_2a_4;1.44830958525e-11;Q14_7;YES;Amont_C;0.85;0.0146;0.309;8.83
sim_0711;scenario1;1_2a;1_1a-1_1a_1+1_1a_2__1_1b-1_1b_1+1_1b_2+1_1b_3__1_2a-1_2a_2+1_2a_3+1_2a_4;1.44830958525e-11;Q14_7;YES;Amont_C;0.85;0.0146;0.309;8.72
sim_0712;scenario1;1_2a;1_1a-1_1a_1+1_1a_2__1_1b-1_1b_1+1_1b_2+1_1b_3__1_2a-1_2a_1+1_2a_2+1_2a_3+1_2a_4;1.315316475e-13;Q14_7;YES;Amont_C;0.851;0.0149;0.311;8.73
sim_0713;scenario1;1_2a;1_1a-1_1a_1+1_1a_3__1_1b-1_1b_0__1_2a-1_2a_0;0.000865725;Q14_7;YES;Amont_C;1.31;0.0313;0.412;1.78
sim_0714;scenario1;1_2a;1_1a-1_1a_1+1_1a_3__1_1b-1_1b_0__1_2a-1_2a_1;7.81756854181e-06;Q14_7;YES;Amont_C;1.31;0.0313;0.412;1.65
sim_0715;scenario1;1_2a;1_1a-1_1a_1+1_1a_3__1_1b-1_1b_0__1_2a-1_2a_2;7.81756854181e-06;Q14_7;YES;Amont_C;1.31;0.0313;0.412;1.57
sim_0716;scenario1;1_2a;1_1a-1_1a_1+1_1a_3__1_1b-1_1b_0__1_2a-1_2a_3;7.81756854181e-06;Q14_7;YES;Amont_C;1.27;0.0312;0.412;1.78
sim_0717;scenario1;1_2a;1_1a-1_1a_1+1_1a_3__1_1b-1_1b_0__1_2a-1_2a_4;7.81756854181e-06;Q14_7;YES;Amont_C;0.87;0.0155;0.313;10.7
sim_0718;scenario1;1_2a;1_1a-1_1a_1+1_1a_3__1_1b-1_1b_0__1_2a-1_2a_1+1_2a_2;7.09970906925e-08;Q14_7;YES;Amont_C;1.31;0.0319;0.412;1.39
sim_0719;scenario1;1_2a;1_1a-1_1a_1+1_1a_3__1_1b-1_1b_0__1_2a-1_2a_1+1_2a_3;7.09970906925e-08;Q14_7;YES;Amont_C;1.28;0.0312;0.412;1.65
sim_0720;scenario1;1_2a;1_1a-1_1a_1+1_1a_3__1_1b-1_1b_0__1_2a-1_2a_1+1_2a_4;7.09970906925e-08;Q14_7;YES;Amont_C;0.864;0.0161;0.312;10.8
sim_0721;scenario1;1_2a;1_1a-1_1a_1+1_1a_3__1_1b-1_1b_0__1_2a-1_2a_2+1_2a_3;7.09970906925e-08;Q14_7;YES;Amont_C;1.28;0.0313;0.412;1.57
sim_0722;scenario1;1_2a;1_1a-1_1a_1+1_1a_3__1_1b-1_1b_0__1_2a-1_2a_2+1_2a_4;7.09970906925e-08;Q14_7;YES;Amont_C, Syst_Est_interm;0.858;0.0154;0.311;9.89
sim_0723;scenario1;1_2a;1_1a-1_1a_1+1_1a_3__1_1b-1_1b_0__1_2a-1_2a_3+1_2a_4;7.09970906925e-08;Q14_7;YES;Amont_C;0.857;0.0155;0.313;10.7
sim_0724;scenario1;1_2a;1_1a-1_1a_1+1_1a_3__1_1b-1_1b_0__1_2a-1_2a_1+1_2a_2+1_2a_3;6.447768075e-10;Q14_7;YES;Amont_C;1.28;0.0319;0.412;1.38
sim_0725;scenario1;1_2a;1_1a-1_1a_1+1_1a_3__1_1b-1_1b_0__1_2a-1_2a_1+1_2a_2+1_2a_4;6.447768075e-10;Q14_7;YES;Amont_C, Syst_Est_interm;0.86;0.0161;0.313;9.81
sim_0726;scenario1;1_2a;1_1a-1_1a_1+1_1a_3__1_1b-1_1b_0__1_2a-1_2a_1+1_2a_3+1_2a_4;6.447768075e-10;Q14_7;YES;Amont_C;0.852;0.0161;0.312;10.9
sim_0727;scenario1;1_2a;1_1a-1_1a_1+1_1a_3__1_1b-1_1b_0__1_2a-1_2a_2+1_2a_3+1_2a_4;6.447768075e-10;Q14_7;YES;Amont_C, Syst_Est_interm;0.845;0.0155;0.311;9.89
sim_0728;scenario1;1_2a;1_1a-1_1a_1+1_1a_3__1_1b-1_1b_0__1_2a-1_2a_1+1_2a_2+1_2a_3+1_2a_4;5.8556925e-12;Q14_7;YES;Amont_C, Syst_Est_interm;0.847;0.0162;0.313;9.82
sim_0729;scenario1;1_2a;1_1a-1_1a_1+1_1a_3__1_1b-1_1b_1__1_2a-1_2a_0;0.0001513782;Q14_7;YES;Amont_C;1.31;0.0313;0.412;1.78
sim_0730;scenario1;1_2a;1_1a-1_1a_1+1_1a_3__1_1b-1_1b_1__1_2a-1_2a_1;1.36695769931e-06;Q14_7;YES;Amont_C;1.31;0.0313;0.412;1.64
sim_0731;scenario1;1_2a;1_1a-1_1a_1+1_1a_3__1_1b-1_1b_1__1_2a-1_2a_2;1.36695769931e-06;Q14_7;YES;Amont_C;1.31;0.0313;0.412;1.56
sim_0732;scenario1;1_2a;1_1a-1_1a_1+1_1a_3__1_1b-1_1b_1__1_2a-1_2a_3;1.36695769931e-06;Q14_7;YES;Amont_C;1.27;0.0312;0.412;1.78
sim_0733;scenario1;1_2a;1_1a-1_1a_1+1_1a_3__1_1b-1_1b_1__1_2a-1_2a_4;1.36695769931e-06;Q14_7;YES;Amont_C;0.873;0.0159;0.314;10.5
sim_0734;scenario1;1_2a;1_1a-1_1a_1+1_1a_3__1_1b-1_1b_1__1_2a-1_2a_1+1_2a_2;1.24143484297e-08;Q14_7;YES;Amont_C;1.31;0.0319;0.412;1.37
sim_0735;scenario1;1_2a;1_1a-1_1a_1+1_1a_3__1_1b-1_1b_1__1_2a-1_2a_1+1_2a_3;1.24143484297e-08;Q14_7;YES;Amont_C;1.28;0.0312;0.412;1.64
sim_0736;scenario1;1_2a;1_1a-1_1a_1+1_1a_3__1_1b-1_1b_1__1_2a-1_2a_1+1_2a_4;1.24143484297e-08;Q14_7;YES;Amont_C;0.868;0.0164;0.313;10.6
sim_0737;scenario1;1_2a;1_1a-1_1a_1+1_1a_3__1_1b-1_1b_1__1_2a-1_2a_2+1_2a_3;1.24143484297e-08;Q14_7;YES;Amont_C;1.28;0.0313;0.412;1.57
sim_0738;scenario1;1_2a;1_1a-1_1a_1+1_1a_3__1_1b-1_1b_1__1_2a-1_2a_2+1_2a_4;1.24143484297e-08;Q14_7;YES;Amont_C, Syst_Est_interm;0.861;0.0158;0.311;9.68
sim_0739;scenario1;1_2a;1_1a-1_1a_1+1_1a_3__1_1b-1_1b_1__1_2a-1_2a_3+1_2a_4;1.24143484297e-08;Q14_7;YES;Amont_C;0.86;0.0159;0.314;10.5
sim_0740;scenario1;1_2a;1_1a-1_1a_1+1_1a_3__1_1b-1_1b_1__1_2a-1_2a_1+1_2a_2+1_2a_3;1.1274383034e-10;Q14_7;YES;Amont_C;1.28;0.0319;0.412;1.37
sim_0741;scenario1;1_2a;1_1a-1_1a_1+1_1a_3__1_1b-1_1b_1__1_2a-1_2a_1+1_2a_2+1_2a_4;1.1274383034e-10;Q14_7;YES;Amont_C, Syst_Est_interm;0.862;0.0163;0.313;9.64
sim_0742;scenario1;1_2a;1_1a-1_1a_1+1_1a_3__1_1b-1_1b_1__1_2a-1_2a_1+1_2a_3+1_2a_4;1.1274383034e-10;Q14_7;YES;Amont_C;0.855;0.0164;0.314;10.6
sim_0743;scenario1;1_2a;1_1a-1_1a_1+1_1a_3__1_1b-1_1b_1__1_2a-1_2a_2+1_2a_3+1_2a_4;1.1274383034e-10;Q14_7;YES;Amont_C, Syst_Est_interm;0.848;0.0158;0.312;9.69
sim_0744;scenario1;1_2a;1_1a-1_1a_1+1_1a_3__1_1b-1_1b_1__1_2a-1_2a_1+1_2a_2+1_2a_3+1_2a_4;1.02390966e-12;Q14_7;YES;Amont_C, Syst_Est_interm;0.849;0.0163;0.314;9.65
sim_0745;scenario1;1_2a;1_1a-1_1a_1+1_1a_3__1_1b-1_1b_2__1_2a-1_2a_0;0.0001513782;Q14_7;YES;Amont_C;1.31;0.0313;0.412;1.78
sim_0746;scenario1;1_2a;1_1a-1_1a_1+1_1a_3__1_1b-1_1b_2__1_2a-1_2a_1;1.36695769931e-06;Q14_7;YES;Amont_C;1.31;0.0313;0.412;1.64
sim_0747;scenario1;1_2a;1_1a-1_1a_1+1_1a_3__1_1b-1_1b_2__1_2a-1_2a_2;1.36695769931e-06;Q14_7;YES;Amont_C;1.31;0.0313;0.412;1.57
sim_0748;scenario1;1_2a;1_1a-1_1a_1+1_1a_3__1_1b-1_1b_2__1_2a-1_2a_3;1.36695769931e-06;Q14_7;YES;Amont_C;1.27;0.0312;0.412;1.78
sim_0749;scenario1;1_2a;1_1a-1_1a_1+1_1a_3__1_1b-1_1b_2__1_2a-1_2a_4;1.36695769931e-06;Q14_7;YES;Amont_C;0.871;0.0154;0.313;8.58
sim_0750;scenario1;1_2a;1_1a-1_1a_1+1_1a_3__1_1b-1_1b_2__1_2a-1_2a_1+1_2a_2;1.24143484297e-08;Q14_7;YES;Amont_C;1.31;0.0319;0.412;1.37
sim_0751;scenario1;1_2a;1_1a-1_1a_1+1_1a_3__1_1b-1_1b_2__1_2a-1_2a_1+1_2a_3;1.24143484297e-08;Q14_7;YES;Amont_C;1.28;0.0312;0.412;1.64
sim_0752;scenario1;1_2a;1_1a-1_1a_1+1_1a_3__1_1b-1_1b_2__1_2a-1_2a_1+1_2a_4;1.24143484297e-08;Q14_7;YES;Amont_C;0.866;0.0162;0.313;8.75
sim_0753;scenario1;1_2a;1_1a-1_1a_1+1_1a_3__1_1b-1_1b_2__1_2a-1_2a_2+1_2a_3;1.24143484297e-08;Q14_7;YES;Amont_C;1.28;0.0313;0.412;1.57
sim_0754;scenario1;1_2a;1_1a-1_1a_1+1_1a_3__1_1b-1_1b_2__1_2a-1_2a_2+1_2a_4;1.24143484297e-08;Q14_7;YES;Amont_C;0.868;0.0161;0.313;8.43
sim_0755;scenario1;1_2a;1_1a-1_1a_1+1_1a_3__1_1b-1_1b_2__1_2a-1_2a_3+1_2a_4;1.24143484297e-08;Q14_7;YES;Amont_C;0.858;0.0154;0.313;8.58
sim_0756;scenario1;1_2a;1_1a-1_1a_1+1_1a_3__1_1b-1_1b_2__1_2a-1_2a_1+1_2a_2+1_2a_3;1.1274383034e-10;Q14_7;YES;Amont_C;1.28;0.0319;0.412;1.38
sim_0757;scenario1;1_2a;1_1a-1_1a_1+1_1a_3__1_1b-1_1b_2__1_2a-1_2a_1+1_2a_2+1_2a_4;1.1274383034e-10;Q14_7;YES;Amont_C;0.866;0.0166;0.314;8.46
sim_0758;scenario1;1_2a;1_1a-1_1a_1+1_1a_3__1_1b-1_1b_2__1_2a-1_2a_1+1_2a_3+1_2a_4;1.1274383034e-10;Q14_7;YES;Amont_C;0.854;0.0161;0.313;8.75
sim_0759;scenario1;1_2a;1_1a-1_1a_1+1_1a_3__1_1b-1_1b_2__1_2a-1_2a_2+1_2a_3+1_2a_4;1.1274383034e-10;Q14_7;YES;Amont_C;0.855;0.0161;0.313;8.44
sim_0760;scenario1;1_2a;1_1a-1_1a_1+1_1a_3__1_1b-1_1b_2__1_2a-1_2a_1+1_2a_2+1_2a_3+1_2a_4;1.02390966e-12;Q14_7;YES;Amont_C;0.853;0.0166;0.314;8.47
sim_0761;scenario1;1_2a;1_1a-1_1a_1+1_1a_3__1_1b-1_1b_3__1_2a-1_2a_0;3.5742075e-05;Q14_7;YES;Amont_C;1.29;0.0331;0.41;2.56
sim_0762;scenario1;1_2a;1_1a-1_1a_1+1_1a_3__1_1b-1_1b_3__1_2a-1_2a_1;3.22753901226e-07;Q14_7;YES;Amont_C;1.29;0.0331;0.41;2.5
sim_0763;scenario1;1_2a;1_1a-1_1a_1+1_1a_3__1_1b-1_1b_3__1_2a-1_2a_2;3.22753901226e-07;Q14_7;YES;Amont_C;1.29;0.0331;0.41;2.4
sim_0764;scenario1;1_2a;1_1a-1_1a_1+1_1a_3__1_1b-1_1b_3__1_2a-1_2a_3;3.22753901226e-07;Q14_7;YES;Amont_C;1.25;0.0331;0.41;2.58
sim_0765;scenario1;1_2a;1_1a-1_1a_1+1_1a_3__1_1b-1_1b_3__1_2a-1_2a_4;3.22753901226e-07;Q14_7;YES;Amont_C;0.775;0.0145;0.302;12.2
sim_0766;scenario1;1_2a;1_1a-1_1a_1+1_1a_3__1_1b-1_1b_3__1_2a-1_2a_1+1_2a_2;2.93116560145e-09;Q14_7;YES;Amont_C;1.29;0.0332;0.41;2.26
sim_0767;scenario1;1_2a;1_1a-1_1a_1+1_1a_3__1_1b-1_1b_3__1_2a-1_2a_1+1_2a_3;2.93116560145e-09;Q14_7;YES;Amont_C;1.25;0.0331;0.41;2.51
sim_0768;scenario1;1_2a;1_1a-1_1a_1+1_1a_3__1_1b-1_1b_3__1_2a-1_2a_1+1_2a_4;2.93116560145e-09;Q14_7;YES;Amont_C;0.767;0.0149;0.301;12.2
sim_0769;scenario1;1_2a;1_1a-1_1a_1+1_1a_3__1_1b-1_1b_3__1_2a-1_2a_2+1_2a_3;2.93116560145e-09;Q14_7;YES;Amont_C;1.25;0.0331;0.41;2.4
sim_0770;scenario1;1_2a;1_1a-1_1a_1+1_1a_3__1_1b-1_1b_3__1_2a-1_2a_2+1_2a_4;2.93116560145e-09;Q14_7;YES;Amont_C;0.773;0.0151;0.302;11.1
sim_0771;scenario1;1_2a;1_1a-1_1a_1+1_1a_3__1_1b-1_1b_3__1_2a-1_2a_3+1_2a_4;2.93116560145e-09;Q14_7;YES;Amont_C;0.762;0.0145;0.302;12.2
sim_0772;scenario1;1_2a;1_1a-1_1a_1+1_1a_3__1_1b-1_1b_3__1_2a-1_2a_1+1_2a_2+1_2a_3;2.66200710525e-11;Q14_7;YES;Amont_C;1.25;0.0332;0.41;2.27
sim_0773;scenario1;1_2a;1_1a-1_1a_1+1_1a_3__1_1b-1_1b_3__1_2a-1_2a_1+1_2a_2+1_2a_4;2.66200710525e-11;Q14_7;YES;Amont_C, Syst_Est_interm;0.776;0.0162;0.305;11
sim_0774;scenario1;1_2a;1_1a-1_1a_1+1_1a_3__1_1b-1_1b_3__1_2a-1_2a_1+1_2a_3+1_2a_4;2.66200710525e-11;Q14_7;YES;Amont_C;0.754;0.0149;0.301;12.2
sim_0775;scenario1;1_2a;1_1a-1_1a_1+1_1a_3__1_1b-1_1b_3__1_2a-1_2a_2+1_2a_3+1_2a_4;2.66200710525e-11;Q14_7;YES;Amont_C;0.76;0.0151;0.302;11.1
sim_0776;scenario1;1_2a;1_1a-1_1a_1+1_1a_3__1_1b-1_1b_3__1_2a-1_2a_1+1_2a_2+1_2a_3+1_2a_4;2.417564475e-13;Q14_7;YES;Amont_C, Syst_Est_interm;0.763;0.0162;0.305;11.1
sim_0777;scenario1;1_2a;1_1a-1_1a_1+1_1a_3__1_1b-1_1b_1+1_1b_2__1_2a-1_2a_0;2.67138e-05;Q14_7;YES;Amont_C;1.31;0.0313;0.412;1.77
sim_0778;scenario1;1_2a;1_1a-1_1a_1+1_1a_3__1_1b-1_1b_1+1_1b_2__1_2a-1_2a_1;2.4122782929e-07;Q14_7;YES;Amont_C;1.31;0.0313;0.412;1.63
sim_0779;scenario1;1_2a;1_1a-1_1a_1+1_1a_3__1_1b-1_1b_1+1_1b_2__1_2a-1_2a_2;2.4122782929e-07;Q14_7;YES;Amont_C;1.31;0.0313;0.412;1.56
sim_0780;scenario1;1_2a;1_1a-1_1a_1+1_1a_3__1_1b-1_1b_1+1_1b_2__1_2a-1_2a_3;2.4122782929e-07;Q14_7;YES;Amont_C;1.27;0.0312;0.412;1.77
sim_0781;scenario1;1_2a;1_1a-1_1a_1+1_1a_3__1_1b-1_1b_1+1_1b_2__1_2a-1_2a_4;2.4122782929e-07;Q14_7;YES;Amont_C;0.876;0.0154;0.313;8.5
sim_0782;scenario1;1_2a;1_1a-1_1a_1+1_1a_3__1_1b-1_1b_1+1_1b_2__1_2a-1_2a_1+1_2a_2;2.19076736994e-09;Q14_7;YES;Amont_C;1.31;0.0319;0.412;1.36
sim_0783;scenario1;1_2a;1_1a-1_1a_1+1_1a_3__1_1b-1_1b_1+1_1b_2__1_2a-1_2a_1+1_2a_3;2.19076736994e-09;Q14_7;YES;Amont_C;1.28;0.0312;0.412;1.63
sim_0784;scenario1;1_2a;1_1a-1_1a_1+1_1a_3__1_1b-1_1b_1+1_1b_2__1_2a-1_2a_1+1_2a_4;2.19076736994e-09;Q14_7;YES;Amont_C;0.869;0.016;0.313;8.73
sim_0785;scenario1;1_2a;1_1a-1_1a_1+1_1a_3__1_1b-1_1b_1+1_1b_2__1_2a-1_2a_2+1_2a_3;2.19076736994e-09;Q14_7;YES;Amont_C;1.28;0.0313;0.412;1.56
sim_0786;scenario1;1_2a;1_1a-1_1a_1+1_1a_3__1_1b-1_1b_1+1_1b_2__1_2a-1_2a_2+1_2a_4;2.19076736994e-09;Q14_7;YES;Amont_C;0.87;0.016;0.314;8.28
sim_0787;scenario1;1_2a;1_1a-1_1a_1+1_1a_3__1_1b-1_1b_1+1_1b_2__1_2a-1_2a_3+1_2a_4;2.19076736994e-09;Q14_7;YES;Amont_C;0.862;0.0154;0.313;8.5
sim_0788;scenario1;1_2a;1_1a-1_1a_1+1_1a_3__1_1b-1_1b_1+1_1b_2__1_2a-1_2a_1+1_2a_2+1_2a_3;1.989597006e-11;Q14_7;YES;Amont_C;1.28;0.0319;0.412;1.37
sim_0789;scenario1;1_2a;1_1a-1_1a_1+1_1a_3__1_1b-1_1b_1+1_1b_2__1_2a-1_2a_1+1_2a_2+1_2a_4;1.989597006e-11;Q14_7;YES;Amont_C;0.868;0.0165;0.315;8.34
sim_0790;scenario1;1_2a;1_1a-1_1a_1+1_1a_3__1_1b-1_1b_1+1_1b_2__1_2a-1_2a_1+1_2a_3+1_2a_4;1.989597006e-11;Q14_7;YES;Amont_C;0.856;0.016;0.313;8.73
sim_0791;scenario1;1_2a;1_1a-1_1a_1+1_1a_3__1_1b-1_1b_1+1_1b_2__1_2a-1_2a_2+1_2a_3+1_2a_4;1.989597006e-11;Q14_7;YES;Amont_C;0.857;0.016;0.314;8.29
sim_0792;scenario1;1_2a;1_1a-1_1a_1+1_1a_3__1_1b-1_1b_1+1_1b_2__1_2a-1_2a_1+1_2a_2+1_2a_3+1_2a_4;1.8068994e-13;Q14_7;YES;Amont_C;0.855;0.0165;0.315;8.35
sim_0793;scenario1;1_2a;1_1a-1_1a_1+1_1a_3__1_1b-1_1b_1+1_1b_3__1_2a-1_2a_0;6.307425e-06;Q14_7;YES;Amont_C;1.29;0.0331;0.41;2.59
sim_0794;scenario1;1_2a;1_1a-1_1a_1+1_1a_3__1_1b-1_1b_1+1_1b_3__1_2a-1_2a_1;5.69565708046e-08;Q14_7;YES;Amont_C;1.29;0.0331;0.41;2.54
sim_0795;scenario1;1_2a;1_1a-1_1a_1+1_1a_3__1_1b-1_1b_1+1_1b_3__1_2a-1_2a_2;5.69565708046e-08;Q14_7;YES;Amont_C;1.29;0.0331;0.41;2.45
sim_0796;scenario1;1_2a;1_1a-1_1a_1+1_1a_3__1_1b-1_1b_1+1_1b_3__1_2a-1_2a_3;5.69565708046e-08;Q14_7;YES;Amont_C;1.25;0.0331;0.41;2.62
sim_0797;scenario1;1_2a;1_1a-1_1a_1+1_1a_3__1_1b-1_1b_1+1_1b_3__1_2a-1_2a_4;5.69565708046e-08;Q14_7;YES;Amont_C;0.858;0.0229;0.322;11.8
sim_0798;scenario1;1_2a;1_1a-1_1a_1+1_1a_3__1_1b-1_1b_1+1_1b_3__1_2a-1_2a_1+1_2a_2;5.17264517902e-10;Q14_7;YES;Amont_C;1.29;0.0331;0.41;2.32
sim_0799;scenario1;1_2a;1_1a-1_1a_1+1_1a_3__1_1b-1_1b_1+1_1b_3__1_2a-1_2a_1+1_2a_3;5.17264517902e-10;Q14_7;YES;Amont_C;1.25;0.0331;0.41;2.56
sim_0800;scenario1;1_2a;1_1a-1_1a_1+1_1a_3__1_1b-1_1b_1+1_1b_3__1_2a-1_2a_1+1_2a_4;5.17264517903e-10;Q14_7;YES;Amont_C;0.825;0.0216;0.318;11.9
sim_0801;scenario1;1_2a;1_1a-1_1a_1+1_1a_3__1_1b-1_1b_1+1_1b_3__1_2a-1_2a_2+1_2a_3;5.17264517902e-10;Q14_7;YES;Amont_C;1.25;0.0331;0.41;2.46
sim_0802;scenario1;1_2a;1_1a-1_1a_1+1_1a_3__1_1b-1_1b_1+1_1b_3__1_2a-1_2a_2+1_2a_4;5.17264517903e-10;Q14_7;YES;Amont_C, Syst_Est_interm;0.813;0.0199;0.315;10.8
sim_0803;scenario1;1_2a;1_1a-1_1a_1+1_1a_3__1_1b-1_1b_1+1_1b_3__1_2a-1_2a_3+1_2a_4;5.17264517903e-10;Q14_7;YES;Amont_C;0.844;0.0229;0.322;11.8
sim_0804;scenario1;1_2a;1_1a-1_1a_1+1_1a_3__1_1b-1_1b_1+1_1b_3__1_2a-1_2a_1+1_2a_2+1_2a_3;4.6976595975e-12;Q14_7;YES;Amont_C;1.25;0.0331;0.41;2.33
sim_0805;scenario1;1_2a;1_1a-1_1a_1+1_1a_3__1_1b-1_1b_1+1_1b_3__1_2a-1_2a_1+1_2a_2+1_2a_4;4.6976595975e-12;Q14_7;YES;Amont_C, Syst_Est_interm;0.805;0.0192;0.313;10.8
sim_0806;scenario1;1_2a;1_1a-1_1a_1+1_1a_3__1_1b-1_1b_1+1_1b_3__1_2a-1_2a_1+1_2a_3+1_2a_4;4.6976595975e-12;Q14_7;YES;Amont_C;0.811;0.0216;0.318;11.9
sim_0807;scenario1;1_2a;1_1a-1_1a_1+1_1a_3__1_1b-1_1b_1+1_1b_3__1_2a-1_2a_2+1_2a_3+1_2a_4;4.6976595975e-12;Q14_7;YES;Amont_C, Syst_Est_interm;0.8;0.02;0.315;10.9
sim_0808;scenario1;1_2a;1_1a-1_1a_1+1_1a_3__1_1b-1_1b_1+1_1b_3__1_2a-1_2a_1+1_2a_2+1_2a_3+1_2a_4;4.26629025e-14;Q14_7;YES;Amont_C, Syst_Est_interm;0.783;0.018;0.31;10.8
sim_0809;scenario1;1_2a;1_1a-1_1a_1+1_1a_3__1_1b-1_1b_2+1_1b_3__1_2a-1_2a_0;6.307425e-06;Q14_7;YES;Amont_C;1.29;0.0331;0.41;2.29
sim_0810;scenario1;1_2a;1_1a-1_1a_1+1_1a_3__1_1b-1_1b_2+1_1b_3__1_2a-1_2a_1;5.69565708046e-08;Q14_7;YES;Amont_C;1.29;0.0331;0.41;2.25
sim_0811;scenario1;1_2a;1_1a-1_1a_1+1_1a_3__1_1b-1_1b_2+1_1b_3__1_2a-1_2a_2;5.69565708046e-08;Q14_7;YES;Amont_C;1.29;0.0331;0.41;2.2
sim_0812;scenario1;1_2a;1_1a-1_1a_1+1_1a_3__1_1b-1_1b_2+1_1b_3__1_2a-1_2a_3;5.69565708046e-08;Q14_7;YES;Amont_C;1.25;0.0331;0.41;2.3
sim_0813;scenario1;1_2a;1_1a-1_1a_1+1_1a_3__1_1b-1_1b_2+1_1b_3__1_2a-1_2a_4;5.69565708046e-08;Q14_7;YES;Amont_C;0.861;0.0226;0.322;9.78
sim_0814;scenario1;1_2a;1_1a-1_1a_1+1_1a_3__1_1b-1_1b_2+1_1b_3__1_2a-1_2a_1+1_2a_2;5.17264517902e-10;Q14_7;YES;Amont_C;1.29;0.0331;0.41;2.09
sim_0815;scenario1;1_2a;1_1a-1_1a_1+1_1a_3__1_1b-1_1b_2+1_1b_3__1_2a-1_2a_1+1_2a_3;5.17264517902e-10;Q14_7;YES;Amont_C;1.25;0.033;0.41;2.26
sim_0816;scenario1;1_2a;1_1a-1_1a_1+1_1a_3__1_1b-1_1b_2+1_1b_3__1_2a-1_2a_1+1_2a_4;5.17264517903e-10;Q14_7;YES;Amont_C;0.832;0.0221;0.319;9.84
sim_0817;scenario1;1_2a;1_1a-1_1a_1+1_1a_3__1_1b-1_1b_2+1_1b_3__1_2a-1_2a_2+1_2a_3;5.17264517902e-10;Q14_7;YES;Amont_C;1.25;0.033;0.41;2.2
sim_0818;scenario1;1_2a;1_1a-1_1a_1+1_1a_3__1_1b-1_1b_2+1_1b_3__1_2a-1_2a_2+1_2a_4;5.17264517903e-10;Q14_7;YES;Amont_C;0.826;0.021;0.318;9.61
sim_0819;scenario1;1_2a;1_1a-1_1a_1+1_1a_3__1_1b-1_1b_2+1_1b_3__1_2a-1_2a_3+1_2a_4;5.17264517903e-10;Q14_7;YES;Amont_C;0.847;0.0226;0.322;9.79
sim_0820;scenario1;1_2a;1_1a-1_1a_1+1_1a_3__1_1b-1_1b_2+1_1b_3__1_2a-1_2a_1+1_2a_2+1_2a_3;4.6976595975e-12;Q14_7;YES;Amont_C;1.25;0.033;0.41;2.1
sim_0821;scenario1;1_2a;1_1a-1_1a_1+1_1a_3__1_1b-1_1b_2+1_1b_3__1_2a-1_2a_1+1_2a_2+1_2a_4;4.6976595975e-12;Q14_7;YES;Amont_C;0.816;0.0201;0.316;9.62
sim_0822;scenario1;1_2a;1_1a-1_1a_1+1_1a_3__1_1b-1_1b_2+1_1b_3__1_2a-1_2a_1+1_2a_3+1_2a_4;4.6976595975e-12;Q14_7;YES;Amont_C;0.819;0.0221;0.319;9.85
sim_0823;scenario1;1_2a;1_1a-1_1a_1+1_1a_3__1_1b-1_1b_2+1_1b_3__1_2a-1_2a_2+1_2a_3+1_2a_4;4.6976595975e-12;Q14_7;YES;Amont_C;0.812;0.021;0.318;9.62
sim_0824;scenario1;1_2a;1_1a-1_1a_1+1_1a_3__1_1b-1_1b_2+1_1b_3__1_2a-1_2a_1+1_2a_2+1_2a_3+1_2a_4;4.26629025e-14;Q14_7;YES;Amont_C;0.803;0.0201;0.316;9.63
sim_0825;scenario1;1_2a;1_1a-1_1a_1+1_1a_3__1_1b-1_1b_1+1_1b_2+1_1b_3__1_2a-1_2a_0;1.113075e-06;Q14_7;YES;Amont_C;1.29;0.0331;0.41;2.36
sim_0826;scenario1;1_2a;1_1a-1_1a_1+1_1a_3__1_1b-1_1b_1+1_1b_2+1_1b_3__1_2a-1_2a_1;1.00511595538e-08;Q14_7;YES;Amont_C;1.29;0.0331;0.41;2.32
sim_0827;scenario1;1_2a;1_1a-1_1a_1+1_1a_3__1_1b-1_1b_1+1_1b_2+1_1b_3__1_2a-1_2a_2;1.00511595538e-08;Q14_7;YES;Amont_C;1.29;0.0331;0.41;2.27
sim_0828;scenario1;1_2a;1_1a-1_1a_1+1_1a_3__1_1b-1_1b_1+1_1b_2+1_1b_3__1_2a-1_2a_3;1.00511595538e-08;Q14_7;YES;Amont_C;1.25;0.033;0.41;2.38
sim_0829;scenario1;1_2a;1_1a-1_1a_1+1_1a_3__1_1b-1_1b_1+1_1b_2+1_1b_3__1_2a-1_2a_4;1.00511595538e-08;Q14_7;YES;Amont_C;0.866;0.0223;0.323;9.57
sim_0830;scenario1;1_2a;1_1a-1_1a_1+1_1a_3__1_1b-1_1b_1+1_1b_2+1_1b_3__1_2a-1_2a_1+1_2a_2;9.12819737475e-11;Q14_7;YES;Amont_C;1.29;0.0331;0.41;2.17
sim_0831;scenario1;1_2a;1_1a-1_1a_1+1_1a_3__1_1b-1_1b_1+1_1b_2+1_1b_3__1_2a-1_2a_1+1_2a_3;9.12819737475e-11;Q14_7;YES;Amont_C;1.25;0.033;0.41;2.34
sim_0832;scenario1;1_2a;1_1a-1_1a_1+1_1a_3__1_1b-1_1b_1+1_1b_2+1_1b_3__1_2a-1_2a_1+1_2a_4;9.12819737475e-11;Q14_7;YES;Amont_C;0.845;0.0224;0.321;9.76
sim_0833;scenario1;1_2a;1_1a-1_1a_1+1_1a_3__1_1b-1_1b_1+1_1b_2+1_1b_3__1_2a-1_2a_2+1_2a_3;9.12819737475e-11;Q14_7;YES;Amont_C;1.25;0.033;0.41;2.27
sim_0834;scenario1;1_2a;1_1a-1_1a_1+1_1a_3__1_1b-1_1b_1+1_1b_2+1_1b_3__1_2a-1_2a_2+1_2a_4;9.12819737475e-11;Q14_7;YES;Amont_C;0.842;0.0221;0.32;9.41
sim_0835;scenario1;1_2a;1_1a-1_1a_1+1_1a_3__1_1b-1_1b_1+1_1b_2+1_1b_3__1_2a-1_2a_3+1_2a_4;9.12819737475e-11;Q14_7;YES;Amont_C;0.852;0.0223;0.323;9.58
sim_0836;scenario1;1_2a;1_1a-1_1a_1+1_1a_3__1_1b-1_1b_1+1_1b_2+1_1b_3__1_2a-1_2a_1+1_2a_2+1_2a_3;8.289987525e-13;Q14_7;YES;Amont_C;1.26;0.033;0.41;2.18
sim_0837;scenario1;1_2a;1_1a-1_1a_1+1_1a_3__1_1b-1_1b_1+1_1b_2+1_1b_3__1_2a-1_2a_1+1_2a_2+1_2a_4;8.289987525e-13;Q14_7;YES;Amont_C;0.833;0.0215;0.319;9.45
sim_0838;scenario1;1_2a;1_1a-1_1a_1+1_1a_3__1_1b-1_1b_1+1_1b_2+1_1b_3__1_2a-1_2a_1+1_2a_3+1_2a_4;8.289987525e-13;Q14_7;YES;Amont_C;0.832;0.0224;0.321;9.77
sim_0839;scenario1;1_2a;1_1a-1_1a_1+1_1a_3__1_1b-1_1b_1+1_1b_2+1_1b_3__1_2a-1_2a_2+1_2a_3+1_2a_4;8.289987525e-13;Q14_7;YES;Amont_C;0.829;0.0221;0.32;9.42
sim_0840;scenario1;1_2a;1_1a-1_1a_1+1_1a_3__1_1b-1_1b_1+1_1b_2+1_1b_3__1_2a-1_2a_1+1_2a_2+1_2a_3+1_2a_4;7.5287475e-15;Q14_7;YES;Amont_C;0.82;0.0215;0.319;9.46
sim_0841;scenario1;1_2a;1_1a-1_1a_2+1_1a_3__1_1b-1_1b_0__1_2a-1_2a_0;0.000865725;Q14_7;YES;Amont_C, Syst_Est_amont;1.31;0.0179;0.412;0.629
sim_0842;scenario1;1_2a;1_1a-1_1a_2+1_1a_3__1_1b-1_1b_0__1_2a-1_2a_1;7.81756854181e-06;Q14_7;YES;Amont_C;1.31;0.0312;0.412;0.679
sim_0843;scenario1;1_2a;1_1a-1_1a_2+1_1a_3__1_1b-1_1b_0__1_2a-1_2a_2;7.81756854181e-06;Q14_7;YES;Amont_C, Syst_Est_amont;1.31;0.0299;0.412;0.681
sim_0844;scenario1;1_2a;1_1a-1_1a_2+1_1a_3__1_1b-1_1b_0__1_2a-1_2a_3;7.81756854181e-06;Q14_7;YES;Amont_C, Syst_Est_amont;1.27;0.0179;0.412;0.63
sim_0845;scenario1;1_2a;1_1a-1_1a_2+1_1a_3__1_1b-1_1b_0__1_2a-1_2a_4;7.81756854181e-06;Q14_7;YES;Amont_C, Syst_Est_amont;0.863;0.0147;0.31;9.06
sim_0846;scenario1;1_2a;1_1a-1_1a_2+1_1a_3__1_1b-1_1b_0__1_2a-1_2a_1+1_2a_2;7.09970906925e-08;Q14_7;YES;Amont_C, Syst_Est_amont;1.31;0.0312;0.412;0.683
sim_0847;scenario1;1_2a;1_1a-1_1a_2+1_1a_3__1_1b-1_1b_0__1_2a-1_2a_1+1_2a_3;7.09970906925e-08;Q14_7;YES;Amont_C, Syst_Est_amont;1.28;0.0312;0.412;0.68
sim_0848;scenario1;1_2a;1_1a-1_1a_2+1_1a_3__1_1b-1_1b_0__1_2a-1_2a_1+1_2a_4;7.09970906925e-08;Q14_7;YES;Amont_C, Syst_Est_amont;0.874;0.0153;0.313;8.9
sim_0849;scenario1;1_2a;1_1a-1_1a_2+1_1a_3__1_1b-1_1b_0__1_2a-1_2a_2+1_2a_3;7.09970906925e-08;Q14_7;YES;Amont_C, Syst_Est_amont;1.28;0.0312;0.412;0.681
sim_0850;scenario1;1_2a;1_1a-1_1a_2+1_1a_3__1_1b-1_1b_0__1_2a-1_2a_2+1_2a_4;7.09970906925e-08;Q14_7;YES;Amont_C, Syst_Est_amont;0.86;0.0155;0.311;9.12
sim_0851;scenario1;1_2a;1_1a-1_1a_2+1_1a_3__1_1b-1_1b_0__1_2a-1_2a_3+1_2a_4;7.09970906925e-08;Q14_7;YES;Amont_C, Syst_Est_amont;0.85;0.0147;0.31;9.07
sim_0852;scenario1;1_2a;1_1a-1_1a_2+1_1a_3__1_1b-1_1b_0__1_2a-1_2a_1+1_2a_2+1_2a_3;6.447768075e-10;Q14_7;YES;Amont_C, Syst_Est_amont;1.28;0.0312;0.412;0.683
sim_0853;scenario1;1_2a;1_1a-1_1a_2+1_1a_3__1_1b-1_1b_0__1_2a-1_2a_1+1_2a_2+1_2a_4;6.447768075e-10;Q14_7;YES;Amont_C;0.872;0.016;0.314;8.86
sim_0854;scenario1;1_2a;1_1a-1_1a_2+1_1a_3__1_1b-1_1b_0__1_2a-1_2a_1+1_2a_3+1_2a_4;6.447768075e-10;Q14_7;YES;Amont_C, Syst_Est_amont;0.861;0.0153;0.313;8.9
sim_0855;scenario1;1_2a;1_1a-1_1a_2+1_1a_3__1_1b-1_1b_0__1_2a-1_2a_2+1_2a_3+1_2a_4;6.447768075e-10;Q14_7;YES;Amont_C, Syst_Est_amont;0.847;0.0155;0.311;9.11
sim_0856;scenario1;1_2a;1_1a-1_1a_2+1_1a_3__1_1b-1_1b_0__1_2a-1_2a_1+1_2a_2+1_2a_3+1_2a_4;5.8556925e-12;Q14_7;YES;Amont_C;0.86;0.0161;0.315;8.86
sim_0857;scenario1;1_2a;1_1a-1_1a_2+1_1a_3__1_1b-1_1b_1__1_2a-1_2a_0;0.0001513782;Q14_7;YES;Amont_C;1.31;0.0313;0.412;0.803
sim_0858;scenario1;1_2a;1_1a-1_1a_2+1_1a_3__1_1b-1_1b_1__1_2a-1_2a_1;1.36695769931e-06;Q14_7;YES;Amont_C;1.31;0.0312;0.412;0.736
sim_0859;scenario1;1_2a;1_1a-1_1a_2+1_1a_3__1_1b-1_1b_1__1_2a-1_2a_2;1.36695769931e-06;Q14_7;YES;Amont_C;1.31;0.0312;0.412;0.756
sim_0860;scenario1;1_2a;1_1a-1_1a_2+1_1a_3__1_1b-1_1b_1__1_2a-1_2a_3;1.36695769931e-06;Q14_7;YES;Amont_C;1.27;0.0312;0.412;0.797
sim_0861;scenario1;1_2a;1_1a-1_1a_2+1_1a_3__1_1b-1_1b_1__1_2a-1_2a_4;1.36695769931e-06;Q14_7;YES;Amont_C;0.866;0.0149;0.311;9.15
sim_0862;scenario1;1_2a;1_1a-1_1a_2+1_1a_3__1_1b-1_1b_1__1_2a-1_2a_1+1_2a_2;1.24143484297e-08;Q14_7;YES;Amont_C;1.31;0.0312;0.412;0.702
sim_0863;scenario1;1_2a;1_1a-1_1a_2+1_1a_3__1_1b-1_1b_1__1_2a-1_2a_1+1_2a_3;1.24143484297e-08;Q14_7;YES;Amont_C;1.28;0.0312;0.412;0.736
sim_0864;scenario1;1_2a;1_1a-1_1a_2+1_1a_3__1_1b-1_1b_1__1_2a-1_2a_1+1_2a_4;1.24143484297e-08;Q14_7;YES;Amont_C;0.869;0.0153;0.312;9.1
sim_0865;scenario1;1_2a;1_1a-1_1a_2+1_1a_3__1_1b-1_1b_1__1_2a-1_2a_2+1_2a_3;1.24143484297e-08;Q14_7;YES;Amont_C;1.28;0.0312;0.412;0.752
sim_0866;scenario1;1_2a;1_1a-1_1a_2+1_1a_3__1_1b-1_1b_1__1_2a-1_2a_2+1_2a_4;1.24143484297e-08;Q14_7;YES;Amont_C;0.86;0.0155;0.311;9.11
sim_0867;scenario1;1_2a;1_1a-1_1a_2+1_1a_3__1_1b-1_1b_1__1_2a-1_2a_3+1_2a_4;1.24143484297e-08;Q14_7;YES;Amont_C;0.852;0.0149;0.311;9.15
sim_0868;scenario1;1_2a;1_1a-1_1a_2+1_1a_3__1_1b-1_1b_1__1_2a-1_2a_1+1_2a_2+1_2a_3;1.1274383034e-10;Q14_7;YES;Amont_C;1.28;0.0312;0.412;0.702
sim_0869;scenario1;1_2a;1_1a-1_1a_2+1_1a_3__1_1b-1_1b_1__1_2a-1_2a_1+1_2a_2+1_2a_4;1.1274383034e-10;Q14_7;YES;Amont_C;0.867;0.016;0.314;9
sim_0870;scenario1;1_2a;1_1a-1_1a_2+1_1a_3__1_1b-1_1b_1__1_2a-1_2a_1+1_2a_3+1_2a_4;1.1274383034e-10;Q14_7;YES;Amont_C;0.856;0.0153;0.312;9.1
sim_0871;scenario1;1_2a;1_1a-1_1a_2+1_1a_3__1_1b-1_1b_1__1_2a-1_2a_2+1_2a_3+1_2a_4;1.1274383034e-10;Q14_7;YES;Amont_C;0.847;0.0155;0.311;9.11
sim_0872;scenario1;1_2a;1_1a-1_1a_2+1_1a_3__1_1b-1_1b_1__1_2a-1_2a_1+1_2a_2+1_2a_3+1_2a_4;1.02390966e-12;Q14_7;YES;Amont_C;0.855;0.0161;0.314;9.01
sim_0873;scenario1;1_2a;1_1a-1_1a_2+1_1a_3__1_1b-1_1b_2__1_2a-1_2a_0;0.0001513782;Q14_7;YES;Amont_C, Syst_Est_amont;1.31;0.0182;0.412;0.629
sim_0874;scenario1;1_2a;1_1a-1_1a_2+1_1a_3__1_1b-1_1b_2__1_2a-1_2a_1;1.36695769931e-06;Q14_7;YES;Amont_C;1.31;0.0312;0.412;0.679
sim_0875;scenario1;1_2a;1_1a-1_1a_2+1_1a_3__1_1b-1_1b_2__1_2a-1_2a_2;1.36695769931e-06;Q14_7;YES;Amont_C, Syst_Est_amont;1.31;0.0235;0.412;0.667
sim_0876;scenario1;1_2a;1_1a-1_1a_2+1_1a_3__1_1b-1_1b_2__1_2a-1_2a_3;1.36695769931e-06;Q14_7;YES;Amont_C, Syst_Est_amont;1.27;0.0182;0.412;0.629
sim_0877;scenario1;1_2a;1_1a-1_1a_2+1_1a_3__1_1b-1_1b_2__1_2a-1_2a_4;1.36695769931e-06;Q14_7;YES;Amont_C, Syst_Est_amont;0.871;0.0154;0.313;8.57
sim_0878;scenario1;1_2a;1_1a-1_1a_2+1_1a_3__1_1b-1_1b_2__1_2a-1_2a_1+1_2a_2;1.24143484297e-08;Q14_7;YES;Amont_C;1.31;0.0312;0.412;0.681
sim_0879;scenario1;1_2a;1_1a-1_1a_2+1_1a_3__1_1b-1_1b_2__1_2a-1_2a_1+1_2a_3;1.24143484297e-08;Q14_7;YES;Amont_C, Syst_Est_amont;1.28;0.0312;0.412;0.68
sim_0880;scenario1;1_2a;1_1a-1_1a_2+1_1a_3__1_1b-1_1b_2__1_2a-1_2a_1+1_2a_4;1.24143484297e-08;Q14_7;YES;Amont_C, Syst_Est_amont;0.879;0.0153;0.313;8.4
sim_0881;scenario1;1_2a;1_1a-1_1a_2+1_1a_3__1_1b-1_1b_2__1_2a-1_2a_2+1_2a_3;1.24143484297e-08;Q14_7;YES;Amont_C, Syst_Est_amont;1.28;0.0312;0.412;0.68
sim_0882;scenario1;1_2a;1_1a-1_1a_2+1_1a_3__1_1b-1_1b_2__1_2a-1_2a_2+1_2a_4;1.24143484297e-08;Q14_7;YES;Amont_C, Syst_Est_amont;0.868;0.0161;0.313;8.6
sim_0883;scenario1;1_2a;1_1a-1_1a_2+1_1a_3__1_1b-1_1b_2__1_2a-1_2a_3+1_2a_4;1.24143484297e-08;Q14_7;YES;Amont_C, Syst_Est_amont;0.858;0.0154;0.313;8.58
sim_0884;scenario1;1_2a;1_1a-1_1a_2+1_1a_3__1_1b-1_1b_2__1_2a-1_2a_1+1_2a_2+1_2a_3;1.1274383034e-10;Q14_7;YES;Amont_C, Syst_Est_amont;1.28;0.0312;0.412;0.681
sim_0885;scenario1;1_2a;1_1a-1_1a_2+1_1a_3__1_1b-1_1b_2__1_2a-1_2a_1+1_2a_2+1_2a_4;1.1274383034e-10;Q14_7;YES;Amont_C;0.877;0.0162;0.315;8.47
sim_0886;scenario1;1_2a;1_1a-1_1a_2+1_1a_3__1_1b-1_1b_2__1_2a-1_2a_1+1_2a_3+1_2a_4;1.1274383034e-10;Q14_7;YES;Amont_C, Syst_Est_amont;0.866;0.0153;0.314;8.41
sim_0887;scenario1;1_2a;1_1a-1_1a_2+1_1a_3__1_1b-1_1b_2__1_2a-1_2a_2+1_2a_3+1_2a_4;1.1274383034e-10;Q14_7;YES;Amont_C, Syst_Est_amont;0.855;0.0161;0.313;8.61
sim_0888;scenario1;1_2a;1_1a-1_1a_2+1_1a_3__1_1b-1_1b_2__1_2a-1_2a_1+1_2a_2+1_2a_3+1_2a_4;1.02390966e-12;Q14_7;YES;Amont_C;0.864;0.0162;0.315;8.48
sim_0889;scenario1;1_2a;1_1a-1_1a_2+1_1a_3__1_1b-1_1b_3__1_2a-1_2a_0;3.5742075e-05;Q14_7;YES;Amont_C, Syst_Est_amont;1.29;0.0331;0.41;1.12
sim_0890;scenario1;1_2a;1_1a-1_1a_2+1_1a_3__1_1b-1_1b_3__1_2a-1_2a_1;3.22753901226e-07;Q14_7;YES;Amont_C, Syst_Est_amont;1.29;0.0333;0.41;1.11
sim_0891;scenario1;1_2a;1_1a-1_1a_2+1_1a_3__1_1b-1_1b_3__1_2a-1_2a_2;3.22753901226e-07;Q14_7;YES;Amont_C, Syst_Est_amont;1.29;0.0331;0.41;1.09
sim_0892;scenario1;1_2a;1_1a-1_1a_2+1_1a_3__1_1b-1_1b_3__1_2a-1_2a_3;3.22753901226e-07;Q14_7;YES;Amont_C, Syst_Est_amont;1.25;0.0331;0.41;1.14
sim_0893;scenario1;1_2a;1_1a-1_1a_2+1_1a_3__1_1b-1_1b_3__1_2a-1_2a_4;3.22753901226e-07;Q14_7;YES;Amont_C, Syst_Est_amont;0.775;0.0144;0.302;10.4
sim_0894;scenario1;1_2a;1_1a-1_1a_2+1_1a_3__1_1b-1_1b_3__1_2a-1_2a_1+1_2a_2;2.93116560145e-09;Q14_7;YES;Amont_C, Syst_Est_amont;1.29;0.0331;0.41;1.08
sim_0895;scenario1;1_2a;1_1a-1_1a_2+1_1a_3__1_1b-1_1b_3__1_2a-1_2a_1+1_2a_3;2.93116560145e-09;Q14_7;YES;Amont_C, Syst_Est_amont;1.25;0.0333;0.41;1.12
sim_0896;scenario1;1_2a;1_1a-1_1a_2+1_1a_3__1_1b-1_1b_3__1_2a-1_2a_1+1_2a_4;2.93116560145e-09;Q14_7;YES;Amont_C, Syst_Est_amont;0.806;0.0164;0.309;10.4
sim_0897;scenario1;1_2a;1_1a-1_1a_2+1_1a_3__1_1b-1_1b_3__1_2a-1_2a_2+1_2a_3;2.93116560145e-09;Q14_7;YES;Amont_C, Syst_Est_amont;1.25;0.0331;0.41;1.1
sim_0898;scenario1;1_2a;1_1a-1_1a_2+1_1a_3__1_1b-1_1b_3__1_2a-1_2a_2+1_2a_4;2.93116560145e-09;Q14_7;YES;Amont_C, Syst_Est_amont;0.777;0.0154;0.303;10.4
sim_0899;scenario1;1_2a;1_1a-1_1a_2+1_1a_3__1_1b-1_1b_3__1_2a-1_2a_3+1_2a_4;2.93116560145e-09;Q14_7;YES;Amont_C, Syst_Est_amont;0.762;0.0144;0.302;10.4
sim_0900;scenario1;1_2a;1_1a-1_1a_2+1_1a_3__1_1b-1_1b_3__1_2a-1_2a_1+1_2a_2+1_2a_3;2.66200710525e-11;Q14_7;YES;Amont_C, Syst_Est_amont;1.25;0.0331;0.41;1.08
sim_0901;scenario1;1_2a;1_1a-1_1a_2+1_1a_3__1_1b-1_1b_3__1_2a-1_2a_1+1_2a_2+1_2a_4;2.66200710525e-11;Q14_7;YES;Amont_C;0.79;0.0163;0.307;10.3
sim_0902;scenario1;1_2a;1_1a-1_1a_2+1_1a_3__1_1b-1_1b_3__1_2a-1_2a_1+1_2a_3+1_2a_4;2.66200710525e-11;Q14_7;YES;Amont_C, Syst_Est_amont;0.794;0.0165;0.309;10.4
sim_0903;scenario1;1_2a;1_1a-1_1a_2+1_1a_3__1_1b-1_1b_3__1_2a-1_2a_2+1_2a_3+1_2a_4;2.66200710525e-11;Q14_7;YES;Amont_C, Syst_Est_amont;0.764;0.0154;0.303;10.4
sim_0904;scenario1;1_2a;1_1a-1_1a_2+1_1a_3__1_1b-1_1b_3__1_2a-1_2a_1+1_2a_2+1_2a_3+1_2a_4;2.417564475e-13;Q14_7;YES;Amont_C;0.778;0.0163;0.307;10.3
sim_0905;scenario1;1_2a;1_1a-1_1a_2+1_1a_3__1_1b-1_1b_1+1_1b_2__1_2a-1_2a_0;2.67138e-05;Q14_7;YES;Amont_C;1.31;0.0313;0.412;0.767
sim_0906;scenario1;1_2a;1_1a-1_1a_2+1_1a_3__1_1b-1_1b_1+1_1b_2__1_2a-1_2a_1;2.4122782929e-07;Q14_7;YES;Amont_C;1.31;0.0312;0.412;0.723
sim_0907;scenario1;1_2a;1_1a-1_1a_2+1_1a_3__1_1b-1_1b_1+1_1b_2__1_2a-1_2a_2;2.4122782929e-07;Q14_7;YES;Amont_C;1.31;0.0312;0.412;0.738
sim_0908;scenario1;1_2a;1_1a-1_1a_2+1_1a_3__1_1b-1_1b_1+1_1b_2__1_2a-1_2a_3;2.4122782929e-07;Q14_7;YES;Amont_C;1.27;0.0312;0.412;0.764
sim_0909;scenario1;1_2a;1_1a-1_1a_2+1_1a_3__1_1b-1_1b_1+1_1b_2__1_2a-1_2a_4;2.4122782929e-07;Q14_7;YES;Amont_C;0.871;0.0154;0.313;8.66
sim_0910;scenario1;1_2a;1_1a-1_1a_2+1_1a_3__1_1b-1_1b_1+1_1b_2__1_2a-1_2a_1+1_2a_2;2.19076736994e-09;Q14_7;YES;Amont_C;1.31;0.0312;0.412;0.697
sim_0911;scenario1;1_2a;1_1a-1_1a_2+1_1a_3__1_1b-1_1b_1+1_1b_2__1_2a-1_2a_1+1_2a_3;2.19076736994e-09;Q14_7;YES;Amont_C;1.28;0.0312;0.412;0.722
sim_0912;scenario1;1_2a;1_1a-1_1a_2+1_1a_3__1_1b-1_1b_1+1_1b_2__1_2a-1_2a_1+1_2a_4;2.19076736994e-09;Q14_7;YES;Amont_C;0.872;0.0157;0.313;8.64
sim_0913;scenario1;1_2a;1_1a-1_1a_2+1_1a_3__1_1b-1_1b_1+1_1b_2__1_2a-1_2a_2+1_2a_3;2.19076736994e-09;Q14_7;YES;Amont_C;1.28;0.0312;0.412;0.735
sim_0914;scenario1;1_2a;1_1a-1_1a_2+1_1a_3__1_1b-1_1b_1+1_1b_2__1_2a-1_2a_2+1_2a_4;2.19076736994e-09;Q14_7;YES;Amont_C;0.867;0.016;0.313;8.71
sim_0915;scenario1;1_2a;1_1a-1_1a_2+1_1a_3__1_1b-1_1b_1+1_1b_2__1_2a-1_2a_3+1_2a_4;2.19076736994e-09;Q14_7;YES;Amont_C;0.857;0.0154;0.313;8.66
sim_0916;scenario1;1_2a;1_1a-1_1a_2+1_1a_3__1_1b-1_1b_1+1_1b_2__1_2a-1_2a_1+1_2a_2+1_2a_3;1.989597006e-11;Q14_7;YES;Amont_C;1.28;0.0312;0.412;0.697
sim_0917;scenario1;1_2a;1_1a-1_1a_2+1_1a_3__1_1b-1_1b_1+1_1b_2__1_2a-1_2a_1+1_2a_2+1_2a_4;1.989597006e-11;Q14_7;YES;Amont_C;0.871;0.0162;0.315;8.61
sim_0918;scenario1;1_2a;1_1a-1_1a_2+1_1a_3__1_1b-1_1b_1+1_1b_2__1_2a-1_2a_1+1_2a_3+1_2a_4;1.989597006e-11;Q14_7;YES;Amont_C;0.859;0.0157;0.313;8.64
sim_0919;scenario1;1_2a;1_1a-1_1a_2+1_1a_3__1_1b-1_1b_1+1_1b_2__1_2a-1_2a_2+1_2a_3+1_2a_4;1.989597006e-11;Q14_7;YES;Amont_C;0.854;0.016;0.313;8.72
sim_0920;scenario1;1_2a;1_1a-1_1a_2+1_1a_3__1_1b-1_1b_1+1_1b_2__1_2a-1_2a_1+1_2a_2+1_2a_3+1_2a_4;1.8068994e-13;Q14_7;YES;Amont_C;0.859;0.0163;0.315;8.62
sim_0921;scenario1;1_2a;1_1a-1_1a_2+1_1a_3__1_1b-1_1b_1+1_1b_3__1_2a-1_2a_0;6.307425e-06;Q14_7;YES;Amont_C;1.29;0.0331;0.41;1.3
sim_0922;scenario1;1_2a;1_1a-1_1a_2+1_1a_3__1_1b-1_1b_1+1_1b_3__1_2a-1_2a_1;5.69565708046e-08;Q14_7;YES;Amont_C;1.29;0.0332;0.41;1.18
sim_0923;scenario1;1_2a;1_1a-1_1a_2+1_1a_3__1_1b-1_1b_1+1_1b_3__1_2a-1_2a_2;5.69565708046e-08;Q14_7;YES;Amont_C;1.29;0.0331;0.41;1.22
sim_0924;scenario1;1_2a;1_1a-1_1a_2+1_1a_3__1_1b-1_1b_1+1_1b_3__1_2a-1_2a_3;5.69565708046e-08;Q14_7;YES;Amont_C;1.25;0.0331;0.41;1.31
sim_0925;scenario1;1_2a;1_1a-1_1a_2+1_1a_3__1_1b-1_1b_1+1_1b_3__1_2a-1_2a_4;5.69565708046e-08;Q14_7;YES;Amont_C;0.78;0.0147;0.303;10.5
sim_0926;scenario1;1_2a;1_1a-1_1a_2+1_1a_3__1_1b-1_1b_1+1_1b_3__1_2a-1_2a_1+1_2a_2;5.17264517902e-10;Q14_7;YES;Amont_C;1.29;0.0331;0.41;1.12
sim_0927;scenario1;1_2a;1_1a-1_1a_2+1_1a_3__1_1b-1_1b_1+1_1b_3__1_2a-1_2a_1+1_2a_3;5.17264517902e-10;Q14_7;YES;Amont_C;1.25;0.0333;0.41;1.18
sim_0928;scenario1;1_2a;1_1a-1_1a_2+1_1a_3__1_1b-1_1b_1+1_1b_3__1_2a-1_2a_1+1_2a_4;5.17264517903e-10;Q14_7;YES;Amont_C;0.786;0.0154;0.304;10.5
sim_0929;scenario1;1_2a;1_1a-1_1a_2+1_1a_3__1_1b-1_1b_1+1_1b_3__1_2a-1_2a_2+1_2a_3;5.17264517902e-10;Q14_7;YES;Amont_C;1.25;0.0331;0.41;1.22
sim_0930;scenario1;1_2a;1_1a-1_1a_2+1_1a_3__1_1b-1_1b_1+1_1b_3__1_2a-1_2a_2+1_2a_4;5.17264517903e-10;Q14_7;YES;Amont_C;0.776;0.0153;0.303;10.4
sim_0931;scenario1;1_2a;1_1a-1_1a_2+1_1a_3__1_1b-1_1b_1+1_1b_3__1_2a-1_2a_3+1_2a_4;5.17264517903e-10;Q14_7;YES;Amont_C;0.767;0.0148;0.303;10.5
sim_0932;scenario1;1_2a;1_1a-1_1a_2+1_1a_3__1_1b-1_1b_1+1_1b_3__1_2a-1_2a_1+1_2a_2+1_2a_3;4.6976595975e-12;Q14_7;YES;Amont_C;1.25;0.0331;0.41;1.13
sim_0933;scenario1;1_2a;1_1a-1_1a_2+1_1a_3__1_1b-1_1b_1+1_1b_3__1_2a-1_2a_1+1_2a_2+1_2a_4;4.6976595975e-12;Q14_7;YES;Amont_C;0.783;0.0161;0.306;10.4
sim_0934;scenario1;1_2a;1_1a-1_1a_2+1_1a_3__1_1b-1_1b_1+1_1b_3__1_2a-1_2a_1+1_2a_3+1_2a_4;4.6976595975e-12;Q14_7;YES;Amont_C;0.774;0.0154;0.305;10.5
sim_0935;scenario1;1_2a;1_1a-1_1a_2+1_1a_3__1_1b-1_1b_1+1_1b_3__1_2a-1_2a_2+1_2a_3+1_2a_4;4.6976595975e-12;Q14_7;YES;Amont_C;0.764;0.0154;0.303;10.4
sim_0936;scenario1;1_2a;1_1a-1_1a_2+1_1a_3__1_1b-1_1b_1+1_1b_3__1_2a-1_2a_1+1_2a_2+1_2a_3+1_2a_4;4.26629025e-14;Q14_7;YES;Amont_C;0.771;0.0162;0.306;10.4
sim_0937;scenario1;1_2a;1_1a-1_1a_2+1_1a_3__1_1b-1_1b_2+1_1b_3__1_2a-1_2a_0;6.307425e-06;Q14_7;YES;Amont_C, Syst_Est_amont;1.29;0.0331;0.41;0.943
sim_0938;scenario1;1_2a;1_1a-1_1a_2+1_1a_3__1_1b-1_1b_2+1_1b_3__1_2a-1_2a_1;5.69565708046e-08;Q14_7;YES;Amont_C, Syst_Est_amont;1.29;0.0331;0.41;0.927
sim_0939;scenario1;1_2a;1_1a-1_1a_2+1_1a_3__1_1b-1_1b_2+1_1b_3__1_2a-1_2a_2;5.69565708046e-08;Q14_7;YES;Amont_C, Syst_Est_amont;1.29;0.0331;0.41;0.967
sim_0940;scenario1;1_2a;1_1a-1_1a_2+1_1a_3__1_1b-1_1b_2+1_1b_3__1_2a-1_2a_3;5.69565708046e-08;Q14_7;YES;Amont_C, Syst_Est_amont;1.25;0.033;0.41;0.964
sim_0941;scenario1;1_2a;1_1a-1_1a_2+1_1a_3__1_1b-1_1b_2+1_1b_3__1_2a-1_2a_4;5.69565708046e-08;Q14_7;YES;Amont_C, Syst_Est_amont;0.861;0.0226;0.322;9.81
sim_0942;scenario1;1_2a;1_1a-1_1a_2+1_1a_3__1_1b-1_1b_2+1_1b_3__1_2a-1_2a_1+1_2a_2;5.17264517902e-10;Q14_7;YES;Amont_C, Syst_Est_amont;1.29;0.0331;0.41;0.904
sim_0943;scenario1;1_2a;1_1a-1_1a_2+1_1a_3__1_1b-1_1b_2+1_1b_3__1_2a-1_2a_1+1_2a_3;5.17264517902e-10;Q14_7;YES;Amont_C, Syst_Est_amont;1.25;0.033;0.41;0.93
sim_0944;scenario1;1_2a;1_1a-1_1a_2+1_1a_3__1_1b-1_1b_2+1_1b_3__1_2a-1_2a_1+1_2a_4;5.17264517903e-10;Q14_7;YES;Amont_C, Syst_Est_amont;0.865;0.0221;0.323;9.79
sim_0945;scenario1;1_2a;1_1a-1_1a_2+1_1a_3__1_1b-1_1b_2+1_1b_3__1_2a-1_2a_2+1_2a_3;5.17264517902e-10;Q14_7;YES;Amont_C, Syst_Est_amont;1.25;0.033;0.41;0.979
sim_0946;scenario1;1_2a;1_1a-1_1a_2+1_1a_3__1_1b-1_1b_2+1_1b_3__1_2a-1_2a_2+1_2a_4;5.17264517903e-10;Q14_7;YES;Amont_C, Syst_Est_amont;0.827;0.0211;0.318;9.81
sim_0947;scenario1;1_2a;1_1a-1_1a_2+1_1a_3__1_1b-1_1b_2+1_1b_3__1_2a-1_2a_3+1_2a_4;5.17264517903e-10;Q14_7;YES;Amont_C, Syst_Est_amont;0.847;0.0226;0.322;9.82
sim_0948;scenario1;1_2a;1_1a-1_1a_2+1_1a_3__1_1b-1_1b_2+1_1b_3__1_2a-1_2a_1+1_2a_2+1_2a_3;4.6976595975e-12;Q14_7;YES;Amont_C, Syst_Est_amont;1.25;0.033;0.41;0.904
sim_0949;scenario1;1_2a;1_1a-1_1a_2+1_1a_3__1_1b-1_1b_2+1_1b_3__1_2a-1_2a_1+1_2a_2+1_2a_4;4.6976595975e-12;Q14_7;YES;Amont_C;0.825;0.02;0.317;9.88
sim_0950;scenario1;1_2a;1_1a-1_1a_2+1_1a_3__1_1b-1_1b_2+1_1b_3__1_2a-1_2a_1+1_2a_3+1_2a_4;4.6976595975e-12;Q14_7;YES;Amont_C, Syst_Est_amont;0.851;0.0221;0.323;9.8
sim_0951;scenario1;1_2a;1_1a-1_1a_2+1_1a_3__1_1b-1_1b_2+1_1b_3__1_2a-1_2a_2+1_2a_3+1_2a_4;4.6976595975e-12;Q14_7;YES;Amont_C, Syst_Est_amont;0.813;0.0211;0.318;9.82
sim_0952;scenario1;1_2a;1_1a-1_1a_2+1_1a_3__1_1b-1_1b_2+1_1b_3__1_2a-1_2a_1+1_2a_2+1_2a_3+1_2a_4;4.26629025e-14;Q14_7;YES;Amont_C;0.812;0.0199;0.316;9.89
sim_0953;scenario1;1_2a;1_1a-1_1a_2+1_1a_3__1_1b-1_1b_1+1_1b_2+1_1b_3__1_2a-1_2a_0;1.113075e-06;Q14_7;YES;Amont_C;1.29;0.0331;0.41;1.04
sim_0954;scenario1;1_2a;1_1a-1_1a_2+1_1a_3__1_1b-1_1b_1+1_1b_2+1_1b_3__1_2a-1_2a_1;1.00511595538e-08;Q14_7;YES;Amont_C;1.29;0.0331;0.41;0.979
sim_0955;scenario1;1_2a;1_1a-1_1a_2+1_1a_3__1_1b-1_1b_1+1_1b_2+1_1b_3__1_2a-1_2a_2;1.00511595538e-08;Q14_7;YES;Amont_C;1.29;0.0331;0.41;1.01
sim_0956;scenario1;1_2a;1_1a-1_1a_2+1_1a_3__1_1b-1_1b_1+1_1b_2+1_1b_3__1_2a-1_2a_3;1.00511595538e-08;Q14_7;YES;Amont_C;1.25;0.033;0.41;1.06
sim_0957;scenario1;1_2a;1_1a-1_1a_2+1_1a_3__1_1b-1_1b_1+1_1b_2+1_1b_3__1_2a-1_2a_4;1.00511595538e-08;Q14_7;YES;Amont_C;0.859;0.0226;0.322;9.92
sim_0958;scenario1;1_2a;1_1a-1_1a_2+1_1a_3__1_1b-1_1b_1+1_1b_2+1_1b_3__1_2a-1_2a_1+1_2a_2;9.12819737475e-11;Q14_7;YES;Amont_C;1.29;0.0331;0.41;0.959
sim_0959;scenario1;1_2a;1_1a-1_1a_2+1_1a_3__1_1b-1_1b_1+1_1b_2+1_1b_3__1_2a-1_2a_1+1_2a_3;9.12819737475e-11;Q14_7;YES;Amont_C;1.25;0.033;0.41;0.98
sim_0960;scenario1;1_2a;1_1a-1_1a_2+1_1a_3__1_1b-1_1b_1+1_1b_2+1_1b_3__1_2a-1_2a_1+1_2a_4;9.12819737475e-11;Q14_7;YES;Amont_C;0.85;0.0223;0.321;9.98
sim_0961;scenario1;1_2a;1_1a-1_1a_2+1_1a_3__1_1b-1_1b_1+1_1b_2+1_1b_3__1_2a-1_2a_2+1_2a_3;9.12819737475e-11;Q14_7;YES;Amont_C;1.25;0.033;0.41;1.01
sim_0962;scenario1;1_2a;1_1a-1_1a_2+1_1a_3__1_1b-1_1b_1+1_1b_2+1_1b_3__1_2a-1_2a_2+1_2a_4;9.12819737475e-11;Q14_7;YES;Amont_C;0.813;0.0196;0.314;9.94
sim_0963;scenario1;1_2a;1_1a-1_1a_2+1_1a_3__1_1b-1_1b_1+1_1b_2+1_1b_3__1_2a-1_2a_3+1_2a_4;9.12819737475e-11;Q14_7;YES;Amont_C;0.846;0.0226;0.322;9.93
sim_0964;scenario1;1_2a;1_1a-1_1a_2+1_1a_3__1_1b-1_1b_1+1_1b_2+1_1b_3__1_2a-1_2a_1+1_2a_2+1_2a_3;8.289987525e-13;Q14_7;YES;Amont_C;1.26;0.033;0.41;0.959
sim_0965;scenario1;1_2a;1_1a-1_1a_2+1_1a_3__1_1b-1_1b_1+1_1b_2+1_1b_3__1_2a-1_2a_1+1_2a_2+1_2a_4;8.289987525e-13;Q14_7;YES;Amont_C;0.805;0.0183;0.312;9.96
sim_0966;scenario1;1_2a;1_1a-1_1a_2+1_1a_3__1_1b-1_1b_1+1_1b_2+1_1b_3__1_2a-1_2a_1+1_2a_3+1_2a_4;8.289987525e-13;Q14_7;YES;Amont_C;0.836;0.0222;0.321;9.99
sim_0967;scenario1;1_2a;1_1a-1_1a_2+1_1a_3__1_1b-1_1b_1+1_1b_2+1_1b_3__1_2a-1_2a_2+1_2a_3+1_2a_4;8.289987525e-13;Q14_7;YES;Amont_C;0.8;0.0196;0.314;9.96
sim_0968;scenario1;1_2a;1_1a-1_1a_2+1_1a_3__1_1b-1_1b_1+1_1b_2+1_1b_3__1_2a-1_2a_1+1_2a_2+1_2a_3+1_2a_4;7.5287475e-15;Q14_7;YES;Amont_C;0.792;0.0183;0.312;9.97
sim_0969;scenario1;1_2a;1_1a-1_1a_1+1_1a_2+1_1a_3__1_1b-1_1b_0__1_2a-1_2a_0;0.000152775;Q14_7;YES;Amont_C;1.31;0.0313;0.412;1.15
sim_0970;scenario1;1_2a;1_1a-1_1a_1+1_1a_2+1_1a_3__1_1b-1_1b_0__1_2a-1_2a_1;1.37957091914e-06;Q14_7;YES;Amont_C;1.31;0.0313;0.412;1.11
sim_0971;scenario1;1_2a;1_1a-1_1a_1+1_1a_2+1_1a_3__1_1b-1_1b_0__1_2a-1_2a_2;1.37957091914e-06;Q14_7;YES;Amont_C;1.31;0.0312;0.412;1.1
sim_0972;scenario1;1_2a;1_1a-1_1a_1+1_1a_2+1_1a_3__1_1b-1_1b_0__1_2a-1_2a_3;1.37957091914e-06;Q14_7;YES;Amont_C;1.27;0.0312;0.412;1.15
sim_0973;scenario1;1_2a;1_1a-1_1a_1+1_1a_2+1_1a_3__1_1b-1_1b_0__1_2a-1_2a_4;1.37957091914e-06;Q14_7;YES;Amont_C;0.862;0.0145;0.309;9.47
sim_0974;scenario1;1_2a;1_1a-1_1a_1+1_1a_2+1_1a_3__1_1b-1_1b_0__1_2a-1_2a_1+1_2a_2;1.25288983575e-08;Q14_7;YES;Amont_C;1.31;0.0312;0.412;0.999
sim_0975;scenario1;1_2a;1_1a-1_1a_1+1_1a_2+1_1a_3__1_1b-1_1b_0__1_2a-1_2a_1+1_2a_3;1.25288983575e-08;Q14_7;YES;Amont_C;1.28;0.0312;0.412;1.11
sim_0976;scenario1;1_2a;1_1a-1_1a_1+1_1a_2+1_1a_3__1_1b-1_1b_0__1_2a-1_2a_1+1_2a_4;1.25288983575e-08;Q14_7;YES;Amont_C;0.858;0.0152;0.31;9.55
sim_0977;scenario1;1_2a;1_1a-1_1a_1+1_1a_2+1_1a_3__1_1b-1_1b_0__1_2a-1_2a_2+1_2a_3;1.25288983575e-08;Q14_7;YES;Amont_C;1.28;0.0312;0.412;1.1
sim_0978;scenario1;1_2a;1_1a-1_1a_1+1_1a_2+1_1a_3__1_1b-1_1b_0__1_2a-1_2a_2+1_2a_4;1.25288983575e-08;Q14_7;YES;Amont_C;0.859;0.0155;0.311;9.2
sim_0979;scenario1;1_2a;1_1a-1_1a_1+1_1a_2+1_1a_3__1_1b-1_1b_0__1_2a-1_2a_3+1_2a_4;1.25288983575e-08;Q14_7;YES;Amont_C;0.849;0.0145;0.31;9.48
sim_0980;scenario1;1_2a;1_1a-1_1a_1+1_1a_2+1_1a_3__1_1b-1_1b_0__1_2a-1_2a_1+1_2a_2+1_2a_3;1.137841425e-10;Q14_7;YES;Amont_C;1.28;0.0312;0.412;0.999
sim_0981;scenario1;1_2a;1_1a-1_1a_1+1_1a_2+1_1a_3__1_1b-1_1b_0__1_2a-1_2a_1+1_2a_2+1_2a_4;1.137841425e-10;Q14_7;YES;Amont_C;0.861;0.0162;0.313;9.16
sim_0982;scenario1;1_2a;1_1a-1_1a_1+1_1a_2+1_1a_3__1_1b-1_1b_0__1_2a-1_2a_1+1_2a_3+1_2a_4;1.137841425e-10;Q14_7;YES;Amont_C;0.845;0.0152;0.31;9.55
sim_0983;scenario1;1_2a;1_1a-1_1a_1+1_1a_2+1_1a_3__1_1b-1_1b_0__1_2a-1_2a_2+1_2a_3+1_2a_4;1.137841425e-10;Q14_7;YES;Amont_C;0.846;0.0155;0.311;9.19
sim_0984;scenario1;1_2a;1_1a-1_1a_1+1_1a_2+1_1a_3__1_1b-1_1b_0__1_2a-1_2a_1+1_2a_2+1_2a_3+1_2a_4;1.0333575e-12;Q14_7;YES;Amont_C;0.848;0.0162;0.313;9.17
sim_0985;scenario1;1_2a;1_1a-1_1a_1+1_1a_2+1_1a_3__1_1b-1_1b_1__1_2a-1_2a_0;2.67138e-05;Q14_7;YES;Amont_C;1.31;0.0313;0.412;1.15
sim_0986;scenario1;1_2a;1_1a-1_1a_1+1_1a_2+1_1a_3__1_1b-1_1b_1__1_2a-1_2a_1;2.4122782929e-07;Q14_7;YES;Amont_C;1.31;0.0312;0.412;1.11
sim_0987;scenario1;1_2a;1_1a-1_1a_1+1_1a_2+1_1a_3__1_1b-1_1b_1__1_2a-1_2a_2;2.4122782929e-07;Q14_7;YES;Amont_C;1.31;0.0312;0.412;1.1
sim_0988;scenario1;1_2a;1_1a-1_1a_1+1_1a_2+1_1a_3__1_1b-1_1b_1__1_2a-1_2a_3;2.4122782929e-07;Q14_7;YES;Amont_C;1.27;0.0312;0.412;1.15
sim_0989;scenario1;1_2a;1_1a-1_1a_1+1_1a_2+1_1a_3__1_1b-1_1b_1__1_2a-1_2a_4;2.4122782929e-07;Q14_7;YES;Amont_C;0.869;0.0153;0.312;9.22
sim_0990;scenario1;1_2a;1_1a-1_1a_1+1_1a_2+1_1a_3__1_1b-1_1b_1__1_2a-1_2a_1+1_2a_2;2.19076736994e-09;Q14_7;YES;Amont_C;1.31;0.0312;0.412;0.992
sim_0991;scenario1;1_2a;1_1a-1_1a_1+1_1a_2+1_1a_3__1_1b-1_1b_1__1_2a-1_2a_1+1_2a_3;2.19076736994e-09;Q14_7;YES;Amont_C;1.28;0.0312;0.412;1.11
sim_0992;scenario1;1_2a;1_1a-1_1a_1+1_1a_2+1_1a_3__1_1b-1_1b_1__1_2a-1_2a_1+1_2a_4;2.19076736994e-09;Q14_7;YES;Amont_C;0.863;0.0156;0.311;9.35
sim_0993;scenario1;1_2a;1_1a-1_1a_1+1_1a_2+1_1a_3__1_1b-1_1b_1__1_2a-1_2a_2+1_2a_3;2.19076736994e-09;Q14_7;YES;Amont_C;1.28;0.0312;0.412;1.1
sim_0994;scenario1;1_2a;1_1a-1_1a_1+1_1a_2+1_1a_3__1_1b-1_1b_1__1_2a-1_2a_2+1_2a_4;2.19076736994e-09;Q14_7;YES;Amont_C;0.862;0.0158;0.312;9.08
sim_0995;scenario1;1_2a;1_1a-1_1a_1+1_1a_2+1_1a_3__1_1b-1_1b_1__1_2a-1_2a_3+1_2a_4;2.19076736994e-09;Q14_7;YES;Amont_C;0.856;0.0154;0.312;9.23
sim_0996;scenario1;1_2a;1_1a-1_1a_1+1_1a_2+1_1a_3__1_1b-1_1b_1__1_2a-1_2a_1+1_2a_2+1_2a_3;1.989597006e-11;Q14_7;YES;Amont_C;1.28;0.0312;0.412;0.993
sim_0997;scenario1;1_2a;1_1a-1_1a_1+1_1a_2+1_1a_3__1_1b-1_1b_1__1_2a-1_2a_1+1_2a_2+1_2a_4;1.989597006e-11;Q14_7;YES;Amont_C;0.863;0.0162;0.313;9.11
sim_0998;scenario1;1_2a;1_1a-1_1a_1+1_1a_2+1_1a_3__1_1b-1_1b_1__1_2a-1_2a_1+1_2a_3+1_2a_4;1.989597006e-11;Q14_7;YES;Amont_C;0.85;0.0156;0.311;9.35
sim_0999;scenario1;1_2a;1_1a-1_1a_1+1_1a_2+1_1a_3__1_1b-1_1b_1__1_2a-1_2a_2+1_2a_3+1_2a_4;1.989597006e-11;Q14_7;YES;Amont_C;0.85;0.0159;0.312;9.09
sim_1000;scenario1;1_2a;1_1a-1_1a_1+1_1a_2+1_1a_3__1_1b-1_1b_1__1_2a-1_2a_1+1_2a_2+1_2a_3+1_2a_4;1.8068994e-13;Q14_7;YES;Amont_C;0.85;0.0162;0.314;9.12
sim_1001;scenario1;1_2a;1_1a-1_1a_1+1_1a_2+1_1a_3__1_1b-1_1b_2__1_2a-1_2a_0;2.67138e-05;Q14_7;YES;Amont_C;1.31;0.0313;0.412;1.15
sim_1002;scenario1;1_2a;1_1a-1_1a_1+1_1a_2+1_1a_3__1_1b-1_1b_2__1_2a-1_2a_1;2.4122782929e-07;Q14_7;YES;Amont_C;1.31;0.0313;0.412;1.11
sim_1003;scenario1;1_2a;1_1a-1_1a_1+1_1a_2+1_1a_3__1_1b-1_1b_2__1_2a-1_2a_2;2.4122782929e-07;Q14_7;YES;Amont_C;1.31;0.0312;0.412;1.09
sim_1004;scenario1;1_2a;1_1a-1_1a_1+1_1a_2+1_1a_3__1_1b-1_1b_2__1_2a-1_2a_3;2.4122782929e-07;Q14_7;YES;Amont_C;1.27;0.0312;0.412;1.15
sim_1005;scenario1;1_2a;1_1a-1_1a_1+1_1a_2+1_1a_3__1_1b-1_1b_2__1_2a-1_2a_4;2.4122782929e-07;Q14_7;YES;Amont_C;0.871;0.0154;0.313;8.76
sim_1006;scenario1;1_2a;1_1a-1_1a_1+1_1a_2+1_1a_3__1_1b-1_1b_2__1_2a-1_2a_1+1_2a_2;2.19076736994e-09;Q14_7;YES;Amont_C;1.31;0.0312;0.412;0.992
sim_1007;scenario1;1_2a;1_1a-1_1a_1+1_1a_2+1_1a_3__1_1b-1_1b_2__1_2a-1_2a_1+1_2a_3;2.19076736994e-09;Q14_7;YES;Amont_C;1.28;0.0312;0.412;1.11
sim_1008;scenario1;1_2a;1_1a-1_1a_1+1_1a_2+1_1a_3__1_1b-1_1b_2__1_2a-1_2a_1+1_2a_4;2.19076736994e-09;Q14_7;YES;Amont_C;0.866;0.0161;0.313;8.98
sim_1009;scenario1;1_2a;1_1a-1_1a_1+1_1a_2+1_1a_3__1_1b-1_1b_2__1_2a-1_2a_2+1_2a_3;2.19076736994e-09;Q14_7;YES;Amont_C;1.28;0.0312;0.412;1.09
sim_1010;scenario1;1_2a;1_1a-1_1a_1+1_1a_2+1_1a_3__1_1b-1_1b_2__1_2a-1_2a_2+1_2a_4;2.19076736994e-09;Q14_7;YES;Amont_C;0.867;0.0161;0.313;8.85
sim_1011;scenario1;1_2a;1_1a-1_1a_1+1_1a_2+1_1a_3__1_1b-1_1b_2__1_2a-1_2a_3+1_2a_4;2.19076736994e-09;Q14_7;YES;Amont_C;0.858;0.0154;0.313;8.76
sim_1012;scenario1;1_2a;1_1a-1_1a_1+1_1a_2+1_1a_3__1_1b-1_1b_2__1_2a-1_2a_1+1_2a_2+1_2a_3;1.989597006e-11;Q14_7;YES;Amont_C;1.28;0.0312;0.412;0.993
sim_1013;scenario1;1_2a;1_1a-1_1a_1+1_1a_2+1_1a_3__1_1b-1_1b_2__1_2a-1_2a_1+1_2a_2+1_2a_4;1.989597006e-11;Q14_7;YES;Amont_C;0.865;0.0165;0.314;8.91
sim_1014;scenario1;1_2a;1_1a-1_1a_1+1_1a_2+1_1a_3__1_1b-1_1b_2__1_2a-1_2a_1+1_2a_3+1_2a_4;1.989597006e-11;Q14_7;YES;Amont_C;0.853;0.0161;0.313;8.99
sim_1015;scenario1;1_2a;1_1a-1_1a_1+1_1a_2+1_1a_3__1_1b-1_1b_2__1_2a-1_2a_2+1_2a_3+1_2a_4;1.989597006e-11;Q14_7;YES;Amont_C;0.854;0.0161;0.313;8.85
sim_1016;scenario1;1_2a;1_1a-1_1a_1+1_1a_2+1_1a_3__1_1b-1_1b_2__1_2a-1_2a_1+1_2a_2+1_2a_3+1_2a_4;1.8068994e-13;Q14_7;YES;Amont_C;0.852;0.0165;0.314;8.92
sim_1017;scenario1;1_2a;1_1a-1_1a_1+1_1a_2+1_1a_3__1_1b-1_1b_3__1_2a-1_2a_0;6.307425e-06;Q14_7;YES;Amont_C;1.29;0.0331;0.41;1.7
sim_1018;scenario1;1_2a;1_1a-1_1a_1+1_1a_2+1_1a_3__1_1b-1_1b_3__1_2a-1_2a_1;5.69565708046e-08;Q14_7;YES;Amont_C;1.29;0.0331;0.41;1.69
sim_1019;scenario1;1_2a;1_1a-1_1a_1+1_1a_2+1_1a_3__1_1b-1_1b_3__1_2a-1_2a_2;5.69565708046e-08;Q14_7;YES;Amont_C;1.29;0.0331;0.41;1.64
sim_1020;scenario1;1_2a;1_1a-1_1a_1+1_1a_2+1_1a_3__1_1b-1_1b_3__1_2a-1_2a_3;5.69565708046e-08;Q14_7;YES;Amont_C;1.25;0.0331;0.41;1.72
sim_1021;scenario1;1_2a;1_1a-1_1a_1+1_1a_2+1_1a_3__1_1b-1_1b_3__1_2a-1_2a_4;5.69565708046e-08;Q14_7;YES;Amont_C;0.77;0.0138;0.3;10.8
sim_1022;scenario1;1_2a;1_1a-1_1a_1+1_1a_2+1_1a_3__1_1b-1_1b_3__1_2a-1_2a_1+1_2a_2;5.17264517902e-10;Q14_7;YES;Amont_C;1.29;0.0331;0.41;1.59
sim_1023;scenario1;1_2a;1_1a-1_1a_1+1_1a_2+1_1a_3__1_1b-1_1b_3__1_2a-1_2a_1+1_2a_3;5.17264517902e-10;Q14_7;YES;Amont_C;1.25;0.0331;0.41;1.7
sim_1024;scenario1;1_2a;1_1a-1_1a_1+1_1a_2+1_1a_3__1_1b-1_1b_3__1_2a-1_2a_1+1_2a_4;5.17264517902e-10;Q14_7;YES;Amont_C;0.764;0.0145;0.3;10.8
sim_1025;scenario1;1_2a;1_1a-1_1a_1+1_1a_2+1_1a_3__1_1b-1_1b_3__1_2a-1_2a_2+1_2a_3;5.17264517902e-10;Q14_7;YES;Amont_C;1.25;0.0331;0.41;1.64
sim_1026;scenario1;1_2a;1_1a-1_1a_1+1_1a_2+1_1a_3__1_1b-1_1b_3__1_2a-1_2a_2+1_2a_4;5.17264517902e-10;Q14_7;YES;Amont_C;0.776;0.0154;0.303;10.4
sim_1027;scenario1;1_2a;1_1a-1_1a_1+1_1a_2+1_1a_3__1_1b-1_1b_3__1_2a-1_2a_3+1_2a_4;5.17264517902e-10;Q14_7;YES;Amont_C;0.757;0.0138;0.3;10.8
sim_1028;scenario1;1_2a;1_1a-1_1a_1+1_1a_2+1_1a_3__1_1b-1_1b_3__1_2a-1_2a_1+1_2a_2+1_2a_3;4.6976595975e-12;Q14_7;YES;Amont_C;1.25;0.0331;0.41;1.6
sim_1029;scenario1;1_2a;1_1a-1_1a_1+1_1a_2+1_1a_3__1_1b-1_1b_3__1_2a-1_2a_1+1_2a_2+1_2a_4;4.6976595975e-12;Q14_7;YES;Amont_C;0.78;0.0165;0.306;10.4
sim_1030;scenario1;1_2a;1_1a-1_1a_1+1_1a_2+1_1a_3__1_1b-1_1b_3__1_2a-1_2a_1+1_2a_3+1_2a_4;4.6976595975e-12;Q14_7;YES;Amont_C;0.751;0.0145;0.3;10.8
sim_1031;scenario1;1_2a;1_1a-1_1a_1+1_1a_2+1_1a_3__1_1b-1_1b_3__1_2a-1_2a_2+1_2a_3+1_2a_4;4.6976595975e-12;Q14_7;YES;Amont_C;0.764;0.0154;0.303;10.4
sim_1032;scenario1;1_2a;1_1a-1_1a_1+1_1a_2+1_1a_3__1_1b-1_1b_3__1_2a-1_2a_1+1_2a_2+1_2a_3+1_2a_4;4.26629025e-14;Q14_7;YES;Amont_C;0.767;0.0165;0.306;10.4
sim_1033;scenario1;1_2a;1_1a-1_1a_1+1_1a_2+1_1a_3__1_1b-1_1b_1+1_1b_2__1_2a-1_2a_0;4.7142e-06;Q14_7;YES;Amont_C;1.31;0.0313;0.412;1.15
sim_1034;scenario1;1_2a;1_1a-1_1a_1+1_1a_2+1_1a_3__1_1b-1_1b_1+1_1b_2__1_2a-1_2a_1;4.25696169335e-08;Q14_7;YES;Amont_C;1.31;0.0313;0.412;1.1
sim_1035;scenario1;1_2a;1_1a-1_1a_1+1_1a_2+1_1a_3__1_1b-1_1b_1+1_1b_2__1_2a-1_2a_2;4.25696169335e-08;Q14_7;YES;Amont_C;1.31;0.0313;0.412;1.09
sim_1036;scenario1;1_2a;1_1a-1_1a_1+1_1a_2+1_1a_3__1_1b-1_1b_1+1_1b_2__1_2a-1_2a_3;4.25696169335e-08;Q14_7;YES;Amont_C;1.27;0.0312;0.412;1.15
sim_1037;scenario1;1_2a;1_1a-1_1a_1+1_1a_2+1_1a_3__1_1b-1_1b_1+1_1b_2__1_2a-1_2a_4;4.25696169335e-08;Q14_7;YES;Amont_C;0.875;0.0153;0.313;8.67
sim_1038;scenario1;1_2a;1_1a-1_1a_1+1_1a_2+1_1a_3__1_1b-1_1b_1+1_1b_2__1_2a-1_2a_1+1_2a_2;3.8660600646e-10;Q14_7;YES;Amont_C;1.31;0.0312;0.412;0.985
sim_1039;scenario1;1_2a;1_1a-1_1a_1+1_1a_2+1_1a_3__1_1b-1_1b_1+1_1b_2__1_2a-1_2a_1+1_2a_3;3.8660600646e-10;Q14_7;YES;Amont_C;1.28;0.0312;0.412;1.11
sim_1040;scenario1;1_2a;1_1a-1_1a_1+1_1a_2+1_1a_3__1_1b-1_1b_1+1_1b_2__1_2a-1_2a_1+1_2a_4;3.8660600646e-10;Q14_7;YES;Amont_C;0.869;0.016;0.313;8.93
sim_1041;scenario1;1_2a;1_1a-1_1a_1+1_1a_2+1_1a_3__1_1b-1_1b_1+1_1b_2__1_2a-1_2a_2+1_2a_3;3.8660600646e-10;Q14_7;YES;Amont_C;1.28;0.0312;0.412;1.09
sim_1042;scenario1;1_2a;1_1a-1_1a_1+1_1a_2+1_1a_3__1_1b-1_1b_1+1_1b_2__1_2a-1_2a_2+1_2a_4;3.8660600646e-10;Q14_7;YES;Amont_C;0.868;0.0161;0.313;8.83
sim_1043;scenario1;1_2a;1_1a-1_1a_1+1_1a_2+1_1a_3__1_1b-1_1b_1+1_1b_2__1_2a-1_2a_3+1_2a_4;3.8660600646e-10;Q14_7;YES;Amont_C;0.862;0.0154;0.313;8.68
sim_1044;scenario1;1_2a;1_1a-1_1a_1+1_1a_2+1_1a_3__1_1b-1_1b_1+1_1b_2__1_2a-1_2a_1+1_2a_2+1_2a_3;3.51105354e-12;Q14_7;YES;Amont_C;1.28;0.0312;0.412;0.986
sim_1045;scenario1;1_2a;1_1a-1_1a_1+1_1a_2+1_1a_3__1_1b-1_1b_1+1_1b_2__1_2a-1_2a_1+1_2a_2+1_2a_4;3.51105354e-12;Q14_7;YES;Amont_C;0.866;0.0164;0.314;8.91
sim_1046;scenario1;1_2a;1_1a-1_1a_1+1_1a_2+1_1a_3__1_1b-1_1b_1+1_1b_2__1_2a-1_2a_1+1_2a_3+1_2a_4;3.51105354e-12;Q14_7;YES;Amont_C;0.855;0.016;0.313;8.93
sim_1047;scenario1;1_2a;1_1a-1_1a_1+1_1a_2+1_1a_3__1_1b-1_1b_1+1_1b_2__1_2a-1_2a_2+1_2a_3+1_2a_4;3.51105354e-12;Q14_7;YES;Amont_C;0.855;0.016;0.313;8.83
sim_1048;scenario1;1_2a;1_1a-1_1a_1+1_1a_2+1_1a_3__1_1b-1_1b_1+1_1b_2__1_2a-1_2a_1+1_2a_2+1_2a_3+1_2a_4;3.188646e-14;Q14_7;YES;Amont_C;0.853;0.0164;0.314;8.92
sim_1049;scenario1;1_2a;1_1a-1_1a_1+1_1a_2+1_1a_3__1_1b-1_1b_1+1_1b_3__1_2a-1_2a_0;1.113075e-06;Q14_7;YES;Amont_C;1.29;0.0331;0.41;1.73
sim_1050;scenario1;1_2a;1_1a-1_1a_1+1_1a_2+1_1a_3__1_1b-1_1b_1+1_1b_3__1_2a-1_2a_1;1.00511595538e-08;Q14_7;YES;Amont_C;1.29;0.0331;0.41;1.71
sim_1051;scenario1;1_2a;1_1a-1_1a_1+1_1a_2+1_1a_3__1_1b-1_1b_1+1_1b_3__1_2a-1_2a_2;1.00511595538e-08;Q14_7;YES;Amont_C;1.29;0.0331;0.41;1.68
sim_1052;scenario1;1_2a;1_1a-1_1a_1+1_1a_2+1_1a_3__1_1b-1_1b_1+1_1b_3__1_2a-1_2a_3;1.00511595538e-08;Q14_7;YES;Amont_C;1.25;0.0331;0.41;1.75
sim_1053;scenario1;1_2a;1_1a-1_1a_1+1_1a_2+1_1a_3__1_1b-1_1b_1+1_1b_3__1_2a-1_2a_4;1.00511595538e-08;Q14_7;YES;Amont_C;0.859;0.0227;0.322;10.4
sim_1054;scenario1;1_2a;1_1a-1_1a_1+1_1a_2+1_1a_3__1_1b-1_1b_1+1_1b_3__1_2a-1_2a_1+1_2a_2;9.12819737475e-11;Q14_7;YES;Amont_C;1.29;0.0331;0.41;1.64
sim_1055;scenario1;1_2a;1_1a-1_1a_1+1_1a_2+1_1a_3__1_1b-1_1b_1+1_1b_3__1_2a-1_2a_1+1_2a_3;9.12819737475e-11;Q14_7;YES;Amont_C;1.25;0.033;0.41;1.72
sim_1056;scenario1;1_2a;1_1a-1_1a_1+1_1a_2+1_1a_3__1_1b-1_1b_1+1_1b_3__1_2a-1_2a_1+1_2a_4;9.12819737475e-11;Q14_7;YES;Amont_C;0.825;0.0213;0.318;10.5
sim_1057;scenario1;1_2a;1_1a-1_1a_1+1_1a_2+1_1a_3__1_1b-1_1b_1+1_1b_3__1_2a-1_2a_2+1_2a_3;9.12819737475e-11;Q14_7;YES;Amont_C;1.25;0.033;0.41;1.68
sim_1058;scenario1;1_2a;1_1a-1_1a_1+1_1a_2+1_1a_3__1_1b-1_1b_1+1_1b_3__1_2a-1_2a_2+1_2a_4;9.12819737475e-11;Q14_7;YES;Amont_C;0.815;0.0199;0.315;10.3
sim_1059;scenario1;1_2a;1_1a-1_1a_1+1_1a_2+1_1a_3__1_1b-1_1b_1+1_1b_3__1_2a-1_2a_3+1_2a_4;9.12819737475e-11;Q14_7;YES;Amont_C;0.845;0.0227;0.322;10.4
sim_1060;scenario1;1_2a;1_1a-1_1a_1+1_1a_2+1_1a_3__1_1b-1_1b_1+1_1b_3__1_2a-1_2a_1+1_2a_2+1_2a_3;8.289987525e-13;Q14_7;YES;Amont_C;1.25;0.033;0.41;1.64
sim_1061;scenario1;1_2a;1_1a-1_1a_1+1_1a_2+1_1a_3__1_1b-1_1b_1+1_1b_3__1_2a-1_2a_1+1_2a_2+1_2a_4;8.289987525e-13;Q14_7;YES;Amont_C;0.799;0.0182;0.311;10.3
sim_1062;scenario1;1_2a;1_1a-1_1a_1+1_1a_2+1_1a_3__1_1b-1_1b_1+1_1b_3__1_2a-1_2a_1+1_2a_3+1_2a_4;8.289987525e-13;Q14_7;YES;Amont_C;0.811;0.0214;0.318;10.5
sim_1063;scenario1;1_2a;1_1a-1_1a_1+1_1a_2+1_1a_3__1_1b-1_1b_1+1_1b_3__1_2a-1_2a_2+1_2a_3+1_2a_4;8.289987525e-13;Q14_7;YES;Amont_C;0.802;0.02;0.315;10.3
sim_1064;scenario1;1_2a;1_1a-1_1a_1+1_1a_2+1_1a_3__1_1b-1_1b_1+1_1b_3__1_2a-1_2a_1+1_2a_2+1_2a_3+1_2a_4;7.5287475e-15;Q14_7;YES;Amont_C;0.785;0.018;0.311;10.3
sim_1065;scenario1;1_2a;1_1a-1_1a_1+1_1a_2+1_1a_3__1_1b-1_1b_2+1_1b_3__1_2a-1_2a_0;1.113075e-06;Q14_7;YES;Amont_C;1.29;0.0331;0.41;1.51
sim_1066;scenario1;1_2a;1_1a-1_1a_1+1_1a_2+1_1a_3__1_1b-1_1b_2+1_1b_3__1_2a-1_2a_1;1.00511595538e-08;Q14_7;YES;Amont_C;1.29;0.0331;0.41;1.5
sim_1067;scenario1;1_2a;1_1a-1_1a_1+1_1a_2+1_1a_3__1_1b-1_1b_2+1_1b_3__1_2a-1_2a_2;1.00511595538e-08;Q14_7;YES;Amont_C;1.29;0.0331;0.41;1.48
sim_1068;scenario1;1_2a;1_1a-1_1a_1+1_1a_2+1_1a_3__1_1b-1_1b_2+1_1b_3__1_2a-1_2a_3;1.00511595538e-08;Q14_7;YES;Amont_C;1.25;0.033;0.41;1.52
sim_1069;scenario1;1_2a;1_1a-1_1a_1+1_1a_2+1_1a_3__1_1b-1_1b_2+1_1b_3__1_2a-1_2a_4;1.00511595538e-08;Q14_7;YES;Amont_C;0.861;0.0227;0.322;9.99
sim_1070;scenario1;1_2a;1_1a-1_1a_1+1_1a_2+1_1a_3__1_1b-1_1b_2+1_1b_3__1_2a-1_2a_1+1_2a_2;9.12819737475e-11;Q14_7;YES;Amont_C;1.29;0.0331;0.41;1.43
sim_1071;scenario1;1_2a;1_1a-1_1a_1+1_1a_2+1_1a_3__1_1b-1_1b_2+1_1b_3__1_2a-1_2a_1+1_2a_3;9.12819737475e-11;Q14_7;YES;Amont_C;1.25;0.033;0.41;1.51
sim_1072;scenario1;1_2a;1_1a-1_1a_1+1_1a_2+1_1a_3__1_1b-1_1b_2+1_1b_3__1_2a-1_2a_1+1_2a_4;9.12819737475e-11;Q14_7;YES;Amont_C;0.833;0.0221;0.32;10.1
sim_1073;scenario1;1_2a;1_1a-1_1a_1+1_1a_2+1_1a_3__1_1b-1_1b_2+1_1b_3__1_2a-1_2a_2+1_2a_3;9.12819737475e-11;Q14_7;YES;Amont_C;1.25;0.033;0.41;1.48
sim_1074;scenario1;1_2a;1_1a-1_1a_1+1_1a_2+1_1a_3__1_1b-1_1b_2+1_1b_3__1_2a-1_2a_2+1_2a_4;9.12819737475e-11;Q14_7;YES;Amont_C;0.832;0.0218;0.319;10
sim_1075;scenario1;1_2a;1_1a-1_1a_1+1_1a_2+1_1a_3__1_1b-1_1b_2+1_1b_3__1_2a-1_2a_3+1_2a_4;9.12819737475e-11;Q14_7;YES;Amont_C;0.847;0.0227;0.322;10
sim_1076;scenario1;1_2a;1_1a-1_1a_1+1_1a_2+1_1a_3__1_1b-1_1b_2+1_1b_3__1_2a-1_2a_1+1_2a_2+1_2a_3;8.289987525e-13;Q14_7;YES;Amont_C;1.25;0.033;0.41;1.44
sim_1077;scenario1;1_2a;1_1a-1_1a_1+1_1a_2+1_1a_3__1_1b-1_1b_2+1_1b_3__1_2a-1_2a_1+1_2a_2+1_2a_4;8.289987525e-13;Q14_7;YES;Amont_C;0.823;0.0211;0.318;10
sim_1078;scenario1;1_2a;1_1a-1_1a_1+1_1a_2+1_1a_3__1_1b-1_1b_2+1_1b_3__1_2a-1_2a_1+1_2a_3+1_2a_4;8.289987525e-13;Q14_7;YES;Amont_C;0.819;0.0221;0.32;10.1
sim_1079;scenario1;1_2a;1_1a-1_1a_1+1_1a_2+1_1a_3__1_1b-1_1b_2+1_1b_3__1_2a-1_2a_2+1_2a_3+1_2a_4;8.289987525e-13;Q14_7;YES;Amont_C;0.818;0.0218;0.319;10
sim_1080;scenario1;1_2a;1_1a-1_1a_1+1_1a_2+1_1a_3__1_1b-1_1b_2+1_1b_3__1_2a-1_2a_1+1_2a_2+1_2a_3+1_2a_4;7.5287475e-15;Q14_7;YES;Amont_C;0.81;0.0212;0.318;10.1
sim_1081;scenario1;1_2a;1_1a-1_1a_1+1_1a_2+1_1a_3__1_1b-1_1b_1+1_1b_2+1_1b_3__1_2a-1_2a_0;1.96425e-07;Q14_7;YES;Amont_C;1.29;0.0331;0.41;1.56
sim_1082;scenario1;1_2a;1_1a-1_1a_1+1_1a_2+1_1a_3__1_1b-1_1b_1+1_1b_2+1_1b_3__1_2a-1_2a_1;1.7737340389e-09;Q14_7;YES;Amont_C;1.29;0.0331;0.41;1.55
sim_1083;scenario1;1_2a;1_1a-1_1a_1+1_1a_2+1_1a_3__1_1b-1_1b_1+1_1b_2+1_1b_3__1_2a-1_2a_2;1.7737340389e-09;Q14_7;YES;Amont_C;1.29;0.0331;0.41;1.53
sim_1084;scenario1;1_2a;1_1a-1_1a_1+1_1a_2+1_1a_3__1_1b-1_1b_1+1_1b_2+1_1b_3__1_2a-1_2a_3;1.7737340389e-09;Q14_7;YES;Amont_C;1.25;0.033;0.41;1.58
sim_1085;scenario1;1_2a;1_1a-1_1a_1+1_1a_2+1_1a_3__1_1b-1_1b_1+1_1b_2+1_1b_3__1_2a-1_2a_4;1.7737340389e-09;Q14_7;YES;Amont_C;0.866;0.0223;0.323;9.84
sim_1086;scenario1;1_2a;1_1a-1_1a_1+1_1a_2+1_1a_3__1_1b-1_1b_1+1_1b_2+1_1b_3__1_2a-1_2a_1+1_2a_2;1.61085836025e-11;Q14_7;YES;Amont_C;1.29;0.0331;0.41;1.49
sim_1087;scenario1;1_2a;1_1a-1_1a_1+1_1a_2+1_1a_3__1_1b-1_1b_1+1_1b_2+1_1b_3__1_2a-1_2a_1+1_2a_3;1.61085836025e-11;Q14_7;YES;Amont_C;1.25;0.033;0.41;1.56
sim_1088;scenario1;1_2a;1_1a-1_1a_1+1_1a_2+1_1a_3__1_1b-1_1b_1+1_1b_2+1_1b_3__1_2a-1_2a_1+1_2a_4;1.61085836025e-11;Q14_7;YES;Amont_C;0.845;0.0224;0.321;10
sim_1089;scenario1;1_2a;1_1a-1_1a_1+1_1a_2+1_1a_3__1_1b-1_1b_1+1_1b_2+1_1b_3__1_2a-1_2a_2+1_2a_3;1.61085836025e-11;Q14_7;YES;Amont_C;1.25;0.033;0.41;1.53
sim_1090;scenario1;1_2a;1_1a-1_1a_1+1_1a_2+1_1a_3__1_1b-1_1b_1+1_1b_2+1_1b_3__1_2a-1_2a_2+1_2a_4;1.61085836025e-11;Q14_7;YES;Amont_C;0.842;0.0222;0.32;9.94
sim_1091;scenario1;1_2a;1_1a-1_1a_1+1_1a_2+1_1a_3__1_1b-1_1b_1+1_1b_2+1_1b_3__1_2a-1_2a_3+1_2a_4;1.61085836025e-11;Q14_7;YES;Amont_C;0.853;0.0223;0.323;9.86
sim_1092;scenario1;1_2a;1_1a-1_1a_1+1_1a_2+1_1a_3__1_1b-1_1b_1+1_1b_2+1_1b_3__1_2a-1_2a_1+1_2a_2+1_2a_3;1.462938975e-13;Q14_7;YES;Amont_C;1.26;0.033;0.41;1.5
sim_1093;scenario1;1_2a;1_1a-1_1a_1+1_1a_2+1_1a_3__1_1b-1_1b_1+1_1b_2+1_1b_3__1_2a-1_2a_1+1_2a_2+1_2a_4;1.462938975e-13;Q14_7;YES;Amont_C;0.834;0.0218;0.319;10
sim_1094;scenario1;1_2a;1_1a-1_1a_1+1_1a_2+1_1a_3__1_1b-1_1b_1+1_1b_2+1_1b_3__1_2a-1_2a_1+1_2a_3+1_2a_4;1.462938975e-13;Q14_7;YES;Amont_C;0.832;0.0224;0.321;10.1
sim_1095;scenario1;1_2a;1_1a-1_1a_1+1_1a_2+1_1a_3__1_1b-1_1b_1+1_1b_2+1_1b_3__1_2a-1_2a_2+1_2a_3+1_2a_4;1.462938975e-13;Q14_7;YES;Amont_C;0.829;0.0222;0.32;9.95
sim_1096;scenario1;1_2a;1_1a-1_1a_1+1_1a_2+1_1a_3__1_1b-1_1b_1+1_1b_2+1_1b_3__1_2a-1_2a_1+1_2a_2+1_2a_3+1_2a_4;1.3286025e-15;Q14_7;YES;Amont_C;0.821;0.0218;0.319;10
