# SWMM conduit network exported by visualize_swmm_3d.py
# Coordinates: OBJ X=SWMM X-Coord, OBJ Y=SWMM Elevation, OBJ Z=SWMM Y-Coord
mtllib SWMM_Twannbach_network.mtl

o Brunn_Fassung_L
usemtl conduit_Brunn_Fassung_L
# Brunn_Fassung_L: 34 -> Brunnm_Fassung; shape=CIRCULAR; geom1=0.19; geom2=0; geom3=0; distance_length_ratio=0.98504
v 2578051.082715 420.078682 1215607.070834
v 2578051.071628 420.108793 1215607.089392
v 2578051.048048 420.134319 1215607.102290
v 2578051.015563 420.151375 1215607.107561
v 2578050.979119 420.157364 1215607.104405
v 2578050.944265 420.151375 1215607.093302
v 2578050.916306 420.134319 1215607.075941
v 2578050.899500 420.108793 1215607.054967
v 2578050.896404 420.078682 1215607.033572
v 2578050.907491 420.048572 1215607.015013
v 2578050.931071 420.023045 1215607.002116
v 2578050.963556 420.005989 1215606.996844
v 2578051.000000 420.000000 1215607.000000
v 2578051.034854 420.005989 1215607.011103
v 2578051.062813 420.023045 1215607.028464
v 2578051.079619 420.048572 1215607.049438
v 2578055.082715 433.878682 1215587.070834
v 2578055.071628 433.908793 1215587.089392
v 2578055.048048 433.934319 1215587.102290
v 2578055.015563 433.951375 1215587.107561
v 2578054.979119 433.957364 1215587.104405
v 2578054.944265 433.951375 1215587.093302
v 2578054.916306 433.934319 1215587.075941
v 2578054.899500 433.908793 1215587.054967
v 2578054.896404 433.878682 1215587.033572
v 2578054.907491 433.848572 1215587.015013
v 2578054.931071 433.823045 1215587.002116
v 2578054.963556 433.805989 1215586.996844
v 2578055.000000 433.800000 1215587.000000
v 2578055.034854 433.805989 1215587.011103
v 2578055.062813 433.823045 1215587.028464
v 2578055.079619 433.848572 1215587.049438
v 2578050.989559 420.078682 1215607.052203
v 2578054.989559 433.878682 1215587.052203
f 1 2 17
f 1 18 17
f 2 3 18
f 2 19 18
f 3 4 19
f 3 20 19
f 4 5 20
f 4 21 20
f 5 6 21
f 5 22 21
f 6 7 22
f 6 23 22
f 7 8 23
f 7 24 23
f 8 9 24
f 8 25 24
f 9 10 25
f 9 26 25
f 10 11 26
f 10 27 26
f 11 12 27
f 11 28 27
f 12 13 28
f 12 29 28
f 13 14 29
f 13 30 29
f 14 15 30
f 14 31 30
f 15 16 31
f 15 32 31
f 16 1 32
f 16 17 32
f 33 2 1
f 34 17 18
f 33 3 2
f 34 18 19
f 33 4 3
f 34 19 20
f 33 5 4
f 34 20 21
f 33 6 5
f 34 21 22
f 33 7 6
f 34 22 23
f 33 8 7
f 34 23 24
f 33 9 8
f 34 24 25
f 33 10 9
f 34 25 26
f 33 11 10
f 34 26 27
f 33 12 11
f 34 27 28
f 33 13 12
f 34 28 29
f 33 14 13
f 34 29 30
f 33 15 14
f 34 30 31
f 33 16 15
f 34 31 32
f 33 1 16
f 34 32 17

o 11
usemtl conduit_11
# 11: 9 -> Holiloch_sonde; shape=CIRCULAR; geom1=1.8; geom2=0; geom3=0; distance_length_ratio=1.26282
v 2578174.112797 439.399294 1215900.155370
v 2578174.176876 439.743439 1215900.127563
v 2578174.365122 440.035191 1215900.075034
v 2578174.648876 440.230134 1215900.005778
v 2578174.984939 440.298589 1215899.930341
v 2578175.322148 440.230134 1215899.860206
v 2578175.609167 440.035191 1215899.806051
v 2578175.802299 439.743439 1215899.776120
v 2578175.872142 439.399294 1215899.774971
v 2578175.808063 439.055149 1215899.802778
v 2578175.619817 438.763397 1215899.855307
v 2578175.336063 438.568455 1215899.924563
v 2578175.000000 438.500000 1215900.000000
v 2578174.662791 438.568455 1215900.070135
v 2578174.375772 438.763397 1215900.124290
v 2578174.182640 439.055149 1215900.154221
v 2578182.112797 440.899294 1215937.155370
v 2578182.176876 441.243439 1215937.127563
v 2578182.365122 441.535191 1215937.075034
v 2578182.648876 441.730134 1215937.005778
v 2578182.984939 441.798589 1215936.930341
v 2578183.322148 441.730134 1215936.860206
v 2578183.609167 441.535191 1215936.806051
v 2578183.802299 441.243439 1215936.776120
v 2578183.872142 440.899294 1215936.774971
v 2578183.808063 440.555149 1215936.802778
v 2578183.619817 440.263397 1215936.855307
v 2578183.336063 440.068455 1215936.924563
v 2578183.000000 440.000000 1215937.000000
v 2578182.662791 440.068455 1215937.070135
v 2578182.375772 440.263397 1215937.124290
v 2578182.182640 440.555149 1215937.154221
v 2578174.992469 439.399294 1215899.965170
v 2578182.992469 440.899294 1215936.965170
f 35 36 51
f 35 52 51
f 36 37 52
f 36 53 52
f 37 38 53
f 37 54 53
f 38 39 54
f 38 55 54
f 39 40 55
f 39 56 55
f 40 41 56
f 40 57 56
f 41 42 57
f 41 58 57
f 42 43 58
f 42 59 58
f 43 44 59
f 43 60 59
f 44 45 60
f 44 61 60
f 45 46 61
f 45 62 61
f 46 47 62
f 46 63 62
f 47 48 63
f 47 64 63
f 48 49 64
f 48 65 64
f 49 50 65
f 49 66 65
f 50 35 66
f 50 51 66
f 67 36 35
f 68 51 52
f 67 37 36
f 68 52 53
f 67 38 37
f 68 53 54
f 67 39 38
f 68 54 55
f 67 40 39
f 68 55 56
f 67 41 40
f 68 56 57
f 67 42 41
f 68 57 58
f 67 43 42
f 68 58 59
f 67 44 43
f 68 59 60
f 67 45 44
f 68 60 61
f 67 46 45
f 68 61 62
f 67 47 46
f 68 62 63
f 67 48 47
f 68 63 64
f 67 49 48
f 68 64 65
f 67 50 49
f 68 65 66
f 67 35 50
f 68 66 51

o 14
usemtl conduit_14
# 14: 13 -> 9; shape=CIRCULAR; geom1=1.5; geom2=0; geom3=0; distance_length_ratio=1.13142
v 2578214.474357 438.749971 1215859.464983
v 2578214.516520 439.036972 1215859.503558
v 2578214.633002 439.280280 1215859.616998
v 2578214.806069 439.442853 1215859.788034
v 2578215.009375 439.499941 1215859.990625
v 2578215.211966 439.442853 1215860.193931
v 2578215.383002 439.280280 1215860.366998
v 2578215.496442 439.036972 1215860.483480
v 2578215.535017 438.749971 1215860.525643
v 2578215.492855 438.462969 1215860.487068
v 2578215.376373 438.219661 1215860.373627
v 2578215.203305 438.057088 1215860.202592
v 2578215.000000 438.000000 1215860.000000
v 2578214.797408 438.057088 1215859.796695
v 2578214.626373 438.219661 1215859.623627
v 2578214.512932 438.462969 1215859.507145
v 2578174.474357 439.249971 1215899.464983
v 2578174.516520 439.536972 1215899.503558
v 2578174.633002 439.780280 1215899.616998
v 2578174.806069 439.942853 1215899.788034
v 2578175.009375 439.999941 1215899.990625
v 2578175.211966 439.942853 1215900.193931
v 2578175.383002 439.780280 1215900.366998
v 2578175.496442 439.536972 1215900.483480
v 2578175.535017 439.249971 1215900.525643
v 2578175.492855 438.962969 1215900.487068
v 2578175.376373 438.719661 1215900.373627
v 2578175.203305 438.557088 1215900.202592
v 2578175.000000 438.500000 1215900.000000
v 2578174.797408 438.557088 1215899.796695
v 2578174.626373 438.719661 1215899.623627
v 2578174.512932 438.962969 1215899.507145
v 2578215.004687 438.749971 1215859.995313
v 2578175.004687 439.249971 1215899.995313
f 69 70 85
f 69 86 85
f 70 71 86
f 70 87 86
f 71 72 87
f 71 88 87
f 72 73 88
f 72 89 88
f 73 74 89
f 73 90 89
f 74 75 90
f 74 91 90
f 75 76 91
f 75 92 91
f 76 77 92
f 76 93 92
f 77 78 93
f 77 94 93
f 78 79 94
f 78 95 94
f 79 80 95
f 79 96 95
f 80 81 96
f 80 97 96
f 81 82 97
f 81 98 97
f 82 83 98
f 82 99 98
f 83 84 99
f 83 100 99
f 84 69 100
f 84 85 100
f 101 70 69
f 102 85 86
f 101 71 70
f 102 86 87
f 101 72 71
f 102 87 88
f 101 73 72
f 102 88 89
f 101 74 73
f 102 89 90
f 101 75 74
f 102 90 91
f 101 76 75
f 102 91 92
f 101 77 76
f 102 92 93
f 101 78 77
f 102 93 94
f 101 79 78
f 102 94 95
f 101 80 79
f 102 95 96
f 101 81 80
f 102 96 97
f 101 82 81
f 102 97 98
f 101 83 82
f 102 98 99
f 101 84 83
f 102 99 100
f 101 69 84
f 102 100 85

o 16
usemtl conduit_16
# 16: 11 -> 51; shape=CIRCULAR; geom1=0.33; geom2=0; geom3=0; distance_length_ratio=0.980581
v 2578161.967641 410.161796 1215860.165000
v 2578161.955258 410.223712 1215860.152440
v 2578161.944759 410.276203 1215860.116673
v 2578161.937745 410.311276 1215860.063143
v 2578161.935282 410.323592 1215860.000000
v 2578161.937745 410.311276 1215859.936857
v 2578161.944759 410.276203 1215859.883327
v 2578161.955258 410.223712 1215859.847560
v 2578161.967641 410.161796 1215859.835000
v 2578161.980024 410.099879 1215859.847560
v 2578161.990522 410.047389 1215859.883327
v 2578161.997537 410.012316 1215859.936857
v 2578162.000000 410.000000 1215860.000000
v 2578161.997537 410.012316 1215860.063143
v 2578161.990522 410.047389 1215860.116673
v 2578161.980024 410.099879 1215860.152440
v 2578211.967641 420.161796 1215860.165000
v 2578211.955258 420.223712 1215860.152440
v 2578211.944759 420.276203 1215860.116673
v 2578211.937745 420.311276 1215860.063143
v 2578211.935282 420.323592 1215860.000000
v 2578211.937745 420.311276 1215859.936857
v 2578211.944759 420.276203 1215859.883327
v 2578211.955258 420.223712 1215859.847560
v 2578211.967641 420.161796 1215859.835000
v 2578211.980024 420.099879 1215859.847560
v 2578211.990522 420.047389 1215859.883327
v 2578211.997537 420.012316 1215859.936857
v 2578212.000000 420.000000 1215860.000000
v 2578211.997537 420.012316 1215860.063143
v 2578211.990522 420.047389 1215860.116673
v 2578211.980024 420.099879 1215860.152440
v 2578161.967641 410.161796 1215860.000000
v 2578211.967641 420.161796 1215860.000000
f 103 104 119
f 103 120 119
f 104 105 120
f 104 121 120
f 105 106 121
f 105 122 121
f 106 107 122
f 106 123 122
f 107 108 123
f 107 124 123
f 108 109 124
f 108 125 124
f 109 110 125
f 109 126 125
f 110 111 126
f 110 127 126
f 111 112 127
f 111 128 127
f 112 113 128
f 112 129 128
f 113 114 129
f 113 130 129
f 114 115 130
f 114 131 130
f 115 116 131
f 115 132 131
f 116 117 132
f 116 133 132
f 117 118 133
f 117 134 133
f 118 103 134
f 118 119 134
f 135 104 103
f 136 119 120
f 135 105 104
f 136 120 121
f 135 106 105
f 136 121 122
f 135 107 106
f 136 122 123
f 135 108 107
f 136 123 124
f 135 109 108
f 136 124 125
f 135 110 109
f 136 125 126
f 135 111 110
f 136 126 127
f 135 112 111
f 136 127 128
f 135 113 112
f 136 128 129
f 135 114 113
f 136 129 130
f 135 115 114
f 136 130 131
f 135 116 115
f 136 131 132
f 135 117 116
f 136 132 133
f 135 118 117
f 136 133 134
f 135 103 118
f 136 134 119

o 17
usemtl conduit_17
# 17: 21 -> 38; shape=CIRCULAR; geom1=0.6; geom2=0; geom3=0; distance_length_ratio=0.973105
v 2578062.746834 400.297171 1215607.166122
v 2578062.753714 400.410893 1215607.139260
v 2578062.793977 400.507302 1215607.086478
v 2578062.861493 400.571720 1215607.015814
v 2578062.945984 400.594341 1215606.938024
v 2578063.034587 400.571720 1215606.864952
v 2578063.113813 400.507302 1215606.807722
v 2578063.171600 400.410893 1215606.775047
v 2578063.199150 400.297171 1215606.771902
v 2578063.192271 400.183448 1215606.798764
v 2578063.152008 400.087039 1215606.851546
v 2578063.084491 400.022621 1215606.922210
v 2578063.000000 400.000000 1215607.000000
v 2578062.911397 400.022621 1215607.073072
v 2578062.832172 400.087039 1215607.130302
v 2578062.774385 400.183448 1215607.162977
v 2578157.746834 420.297171 1215716.166122
v 2578157.753714 420.410893 1215716.139260
v 2578157.793977 420.507302 1215716.086478
v 2578157.861493 420.571720 1215716.015814
v 2578157.945984 420.594341 1215715.938024
v 2578158.034587 420.571720 1215715.864952
v 2578158.113813 420.507302 1215715.807722
v 2578158.171600 420.410893 1215715.775047
v 2578158.199150 420.297171 1215715.771902
v 2578158.192271 420.183448 1215715.798764
v 2578158.152008 420.087039 1215715.851546
v 2578158.084491 420.022621 1215715.922210
v 2578158.000000 420.000000 1215716.000000
v 2578157.911397 420.022621 1215716.073072
v 2578157.832172 420.087039 1215716.130302
v 2578157.774385 420.183448 1215716.162977
v 2578062.972992 400.297171 1215606.969012
v 2578157.972992 420.297171 1215715.969012
f 137 138 153
f 137 154 153
f 138 139 154
f 138 155 154
f 139 140 155
f 139 156 155
f 140 141 156
f 140 157 156
f 141 142 157
f 141 158 157
f 142 143 158
f 142 159 158
f 143 144 159
f 143 160 159
f 144 145 160
f 144 161 160
f 145 146 161
f 145 162 161
f 146 147 162
f 146 163 162
f 147 148 163
f 147 164 163
f 148 149 164
f 148 165 164
f 149 150 165
f 149 166 165
f 150 151 166
f 150 167 166
f 151 152 167
f 151 168 167
f 152 137 168
f 152 153 168
f 169 138 137
f 170 153 154
f 169 139 138
f 170 154 155
f 169 140 139
f 170 155 156
f 169 141 140
f 170 156 157
f 169 142 141
f 170 157 158
f 169 143 142
f 170 158 159
f 169 144 143
f 170 159 160
f 169 145 144
f 170 160 161
f 169 146 145
f 170 161 162
f 169 147 146
f 170 162 163
f 169 148 147
f 170 163 164
f 169 149 148
f 170 164 165
f 169 150 149
f 170 165 166
f 169 151 150
f 170 166 167
f 169 152 151
f 170 167 168
f 169 137 152
f 170 168 153

o 26
usemtl conduit_26
# 26: 13 -> 41; shape=CIRCULAR; geom1=0.85; geom2=0; geom3=0; distance_length_ratio=0.746101
v 2578214.611377 438.424576 1215859.826917
v 2578214.637063 438.587054 1215859.847884
v 2578214.716710 438.724796 1215859.894595
v 2578214.838193 438.816832 1215859.959938
v 2578214.983017 438.849151 1215860.033966
v 2578215.129133 438.816832 1215860.105408
v 2578215.254298 438.724796 1215860.163389
v 2578215.339455 438.587054 1215860.199080
v 2578215.371640 438.424576 1215860.207049
v 2578215.345954 438.262098 1215860.186082
v 2578215.266306 438.124355 1215860.139371
v 2578215.144824 438.032319 1215860.074028
v 2578215.000000 438.000000 1215860.000000
v 2578214.853884 438.032319 1215859.928558
v 2578214.728719 438.124355 1215859.870577
v 2578214.643562 438.262098 1215859.834886
v 2578209.611377 437.924576 1215869.826917
v 2578209.637063 438.087054 1215869.847884
v 2578209.716710 438.224796 1215869.894595
v 2578209.838193 438.316832 1215869.959938
v 2578209.983017 438.349151 1215870.033966
v 2578210.129133 438.316832 1215870.105408
v 2578210.254298 438.224796 1215870.163389
v 2578210.339455 438.087054 1215870.199080
v 2578210.371640 437.924576 1215870.207049
v 2578210.345954 437.762098 1215870.186082
v 2578210.266306 437.624355 1215870.139371
v 2578210.144824 437.532319 1215870.074028
v 2578210.000000 437.500000 1215870.000000
v 2578209.853884 437.532319 1215869.928558
v 2578209.728719 437.624355 1215869.870577
v 2578209.643562 437.762098 1215869.834886
v 2578214.991508 438.424576 1215860.016983
v 2578209.991508 437.924576 1215870.016983
f 171 172 187
f 171 188 187
f 172 173 188
f 172 189 188
f 173 174 189
f 173 190 189
f 174 175 190
f 174 191 190
f 175 176 191
f 175 192 191
f 176 177 192
f 176 193 192
f 177 178 193
f 177 194 193
f 178 179 194
f 178 195 194
f 179 180 195
f 179 196 195
f 180 181 196
f 180 197 196
f 181 182 197
f 181 198 197
f 182 183 198
f 182 199 198
f 183 184 199
f 183 200 199
f 184 185 200
f 184 201 200
f 185 186 201
f 185 202 201
f 186 171 202
f 186 187 202
f 203 172 171
f 204 187 188
f 203 173 172
f 204 188 189
f 203 174 173
f 204 189 190
f 203 175 174
f 204 190 191
f 203 176 175
f 204 191 192
f 203 177 176
f 204 192 193
f 203 178 177
f 204 193 194
f 203 179 178
f 204 194 195
f 203 180 179
f 204 195 196
f 203 181 180
f 204 196 197
f 203 182 181
f 204 197 198
f 203 183 182
f 204 198 199
f 203 184 183
f 204 199 200
f 203 185 184
f 204 200 201
f 203 186 185
f 204 201 202
f 203 171 186
f 204 202 187

o 27
usemtl conduit_27
# 27: SonSto_F -> 30; shape=CIRCULAR; geom1=0.22; geom2=0; geom3=0; distance_length_ratio=0.990555
v 2578235.081496 437.909978 1215865.073914
v 2578235.075993 437.952064 1215865.067547
v 2578235.059152 437.987743 1215865.050650
v 2578235.033538 438.011584 1215865.025797
v 2578235.003050 438.019955 1215864.996771
v 2578234.972330 438.011584 1215864.967990
v 2578234.946055 437.987743 1215864.943837
v 2578234.928225 437.952064 1215864.927988
v 2578234.921554 437.909978 1215864.922857
v 2578234.927057 437.867891 1215864.929224
v 2578234.943898 437.832212 1215864.946120
v 2578234.969512 437.808372 1215864.970974
v 2578235.000000 437.800000 1215865.000000
v 2578235.030720 437.808372 1215865.028781
v 2578235.056995 437.832212 1215865.052934
v 2578235.074825 437.867891 1215865.068783
v 2578252.081496 437.409978 1215847.073914
v 2578252.075993 437.452064 1215847.067547
v 2578252.059152 437.487743 1215847.050650
v 2578252.033538 437.511584 1215847.025797
v 2578252.003050 437.519955 1215846.996771
v 2578251.972330 437.511584 1215846.967990
v 2578251.946055 437.487743 1215846.943837
v 2578251.928225 437.452064 1215846.927988
v 2578251.921554 437.409978 1215846.922857
v 2578251.927057 437.367891 1215846.929224
v 2578251.943898 437.332212 1215846.946120
v 2578251.969512 437.308372 1215846.970974
v 2578252.000000 437.300000 1215847.000000
v 2578252.030720 437.308372 1215847.028781
v 2578252.056995 437.332212 1215847.052934
v 2578252.074825 437.367891 1215847.068783
v 2578235.001525 437.909978 1215864.998385
v 2578252.001525 437.409978 1215846.998385
f 205 206 221
f 205 222 221
f 206 207 222
f 206 223 222
f 207 208 223
f 207 224 223
f 208 209 224
f 208 225 224
f 209 210 225
f 209 226 225
f 210 211 226
f 210 227 226
f 211 212 227
f 211 228 227
f 212 213 228
f 212 229 228
f 213 214 229
f 213 230 229
f 214 215 230
f 214 231 230
f 215 216 231
f 215 232 231
f 216 217 232
f 216 233 232
f 217 218 233
f 217 234 233
f 218 219 234
f 218 235 234
f 219 220 235
f 219 236 235
f 220 205 236
f 220 221 236
f 237 206 205
f 238 221 222
f 237 207 206
f 238 222 223
f 237 208 207
f 238 223 224
f 237 209 208
f 238 224 225
f 237 210 209
f 238 225 226
f 237 211 210
f 238 226 227
f 237 212 211
f 238 227 228
f 237 213 212
f 238 228 229
f 237 214 213
f 238 229 230
f 237 215 214
f 238 230 231
f 237 216 215
f 238 231 232
f 237 217 216
f 238 232 233
f 237 218 217
f 238 233 234
f 237 219 218
f 238 234 235
f 237 220 219
f 238 235 236
f 237 205 220
f 238 236 221

o Gischeren_L
usemtl conduit_Gischeren_L
# Gischeren_L: Gischeren_node -> Gischeren; shape=CIRCULAR; geom1=1.2; geom2=0; geom3=0; distance_length_ratio=0.717848
v 2578233.267412 476.930519 1215892.680547
v 2578233.140698 477.095271 1215892.788282
v 2578232.957271 477.234942 1215892.828946
v 2578232.745057 477.328267 1215892.796349
v 2578232.536364 477.361038 1215892.695454
v 2578232.362963 477.328267 1215892.541620
v 2578232.251253 477.234942 1215892.358267
v 2578232.218241 477.095271 1215892.173310
v 2578232.268952 476.930519 1215892.014907
v 2578232.395666 476.765766 1215891.907172
v 2578232.579093 476.626096 1215891.866507
v 2578232.791307 476.532771 1215891.899104
v 2578233.000000 476.500000 1215892.000000
v 2578233.173401 476.532771 1215892.153834
v 2578233.285111 476.626096 1215892.337186
v 2578233.318124 476.765766 1215892.522143
v 2578235.267412 480.430519 1215889.680547
v 2578235.140698 480.595271 1215889.788282
v 2578234.957271 480.734942 1215889.828946
v 2578234.745057 480.828267 1215889.796349
v 2578234.536364 480.861038 1215889.695454
v 2578234.362963 480.828267 1215889.541620
v 2578234.251253 480.734942 1215889.358267
v 2578234.218241 480.595271 1215889.173310
v 2578234.268952 480.430519 1215889.014907
v 2578234.395666 480.265766 1215888.907172
v 2578234.579093 480.126096 1215888.866507
v 2578234.791307 480.032771 1215888.899104
v 2578235.000000 480.000000 1215889.000000
v 2578235.173401 480.032771 1215889.153834
v 2578235.285111 480.126096 1215889.337186
v 2578235.318124 480.265766 1215889.522143
v 2578232.768182 476.930519 1215892.347727
v 2578234.768182 480.430519 1215889.347727
f 239 240 255
f 239 256 255
f 240 241 256
f 240 257 256
f 241 242 257
f 241 258 257
f 242 243 258
f 242 259 258
f 243 244 259
f 243 260 259
f 244 245 260
f 244 261 260
f 245 246 261
f 245 262 261
f 246 247 262
f 246 263 262
f 247 248 263
f 247 264 263
f 248 249 264
f 248 265 264
f 249 250 265
f 249 266 265
f 250 251 266
f 250 267 266
f 251 252 267
f 251 268 267
f 252 253 268
f 252 269 268
f 253 254 269
f 253 270 269
f 254 239 270
f 254 255 270
f 271 240 239
f 272 255 256
f 271 241 240
f 272 256 257
f 271 242 241
f 272 257 258
f 271 243 242
f 272 258 259
f 271 244 243
f 272 259 260
f 271 245 244
f 272 260 261
f 271 246 245
f 272 261 262
f 271 247 246
f 272 262 263
f 271 248 247
f 272 263 264
f 271 249 248
f 272 264 265
f 271 250 249
f 272 265 266
f 271 251 250
f 272 266 267
f 271 252 251
f 272 267 268
f 271 253 252
f 272 268 269
f 271 254 253
f 272 269 270
f 271 239 254
f 272 270 255

o Schuettstein_L
usemtl conduit_Schuettstein_L
# Schuettstein_L: 48 -> Schuettstein; shape=CIRCULAR; geom1=0.5; geom2=0; geom3=0; distance_length_ratio=1.22412
v 2578173.194444 471.185850 1215879.229458
v 2578173.158567 471.256972 1215879.285757
v 2578173.091556 471.317266 1215879.323029
v 2578173.003613 471.357553 1215879.335600
v 2578172.908127 471.371700 1215879.321556
v 2578172.819634 471.357553 1215879.283035
v 2578172.751606 471.317266 1215879.225901
v 2578172.714401 471.256972 1215879.158853
v 2578172.713682 471.185850 1215879.092098
v 2578172.749560 471.114728 1215879.035799
v 2578172.816570 471.054434 1215878.998526
v 2578172.904513 471.014147 1215878.985956
v 2578173.000000 471.000000 1215879.000000
v 2578173.088493 471.014147 1215879.038521
v 2578173.156521 471.054434 1215879.095655
v 2578173.193726 471.114728 1215879.162703
v 2578175.194444 477.735850 1215872.229458
v 2578175.158567 477.806972 1215872.285757
v 2578175.091556 477.867266 1215872.323029
v 2578175.003613 477.907553 1215872.335600
v 2578174.908127 477.921700 1215872.321556
v 2578174.819634 477.907553 1215872.283035
v 2578174.751606 477.867266 1215872.225901
v 2578174.714401 477.806972 1215872.158853
v 2578174.713682 477.735850 1215872.092098
v 2578174.749560 477.664728 1215872.035799
v 2578174.816570 477.604434 1215871.998526
v 2578174.904513 477.564147 1215871.985956
v 2578175.000000 477.550000 1215872.000000
v 2578175.088493 477.564147 1215872.038521
v 2578175.156521 477.604434 1215872.095655
v 2578175.193726 477.664728 1215872.162703
v 2578172.954063 471.185850 1215879.160778
v 2578174.954063 477.735850 1215872.160778
f 273 274 289
f 273 290 289
f 274 275 290
f 274 291 290
f 275 276 291
f 275 292 291
f 276 277 292
f 276 293 292
f 277 278 293
f 277 294 293
f 278 279 294
f 278 295 294
f 279 280 295
f 279 296 295
f 280 281 296
f 280 297 296
f 281 282 297
f 281 298 297
f 282 283 298
f 282 299 298
f 283 284 299
f 283 300 299
f 284 285 300
f 284 301 300
f 285 286 301
f 285 302 301
f 286 287 302
f 286 303 302
f 287 288 303
f 287 304 303
f 288 273 304
f 288 289 304
f 305 274 273
f 306 289 290
f 305 275 274
f 306 290 291
f 305 276 275
f 306 291 292
f 305 277 276
f 306 292 293
f 305 278 277
f 306 293 294
f 305 279 278
f 306 294 295
f 305 280 279
f 306 295 296
f 305 281 280
f 306 296 297
f 305 282 281
f 306 297 298
f 305 283 282
f 306 298 299
f 305 284 283
f 306 299 300
f 305 285 284
f 306 300 301
f 305 286 285
f 306 301 302
f 305 287 286
f 306 302 303
f 305 288 287
f 306 303 304
f 305 273 288
f 306 304 289

o Brunnmuehle_L
usemtl conduit_Brunnmuehle_L
# Brunnmuehle_L: 21 -> 34; shape=CIRCULAR; geom1=0.6; geom2=0; geom3=0; distance_length_ratio=1.01408
v 2578063.257248 400.154349 1215606.700000
v 2578063.355692 400.213415 1215606.722836
v 2578063.439150 400.263490 1215606.787868
v 2578063.494914 400.296948 1215606.885195
v 2578063.514496 400.308697 1215607.000000
v 2578063.494914 400.296948 1215607.114805
v 2578063.439150 400.263490 1215607.212132
v 2578063.355692 400.213415 1215607.277164
v 2578063.257248 400.154349 1215607.300000
v 2578063.158803 400.095282 1215607.277164
v 2578063.075346 400.045208 1215607.212132
v 2578063.019582 400.011749 1215607.114805
v 2578063.000000 400.000000 1215607.000000
v 2578063.019582 400.011749 1215606.885195
v 2578063.075346 400.045208 1215606.787868
v 2578063.158803 400.095282 1215606.722836
v 2578051.257248 420.154349 1215606.700000
v 2578051.355692 420.213415 1215606.722836
v 2578051.439150 420.263490 1215606.787868
v 2578051.494914 420.296948 1215606.885195
v 2578051.514496 420.308697 1215607.000000
v 2578051.494914 420.296948 1215607.114805
v 2578051.439150 420.263490 1215607.212132
v 2578051.355692 420.213415 1215607.277164
v 2578051.257248 420.154349 1215607.300000
v 2578051.158803 420.095282 1215607.277164
v 2578051.075346 420.045208 1215607.212132
v 2578051.019582 420.011749 1215607.114805
v 2578051.000000 420.000000 1215607.000000
v 2578051.019582 420.011749 1215606.885195
v 2578051.075346 420.045208 1215606.787868
v 2578051.158803 420.095282 1215606.722836
v 2578063.257248 400.154349 1215607.000000
v 2578051.257248 420.154349 1215607.000000
f 307 308 323
f 307 324 323
f 308 309 324
f 308 325 324
f 309 310 325
f 309 326 325
f 310 311 326
f 310 327 326
f 311 312 327
f 311 328 327
f 312 313 328
f 312 329 328
f 313 314 329
f 313 330 329
f 314 315 330
f 314 331 330
f 315 316 331
f 315 332 331
f 316 317 332
f 316 333 332
f 317 318 333
f 317 334 333
f 318 319 334
f 318 335 334
f 319 320 335
f 319 336 335
f 320 321 336
f 320 337 336
f 321 322 337
f 321 338 337
f 322 307 338
f 322 323 338
f 339 308 307
f 340 323 324
f 339 309 308
f 340 324 325
f 339 310 309
f 340 325 326
f 339 311 310
f 340 326 327
f 339 312 311
f 340 327 328
f 339 313 312
f 340 328 329
f 339 314 313
f 340 329 330
f 339 315 314
f 340 330 331
f 339 316 315
f 340 331 332
f 339 317 316
f 340 332 333
f 339 318 317
f 340 333 334
f 339 319 318
f 340 334 335
f 339 320 319
f 340 335 336
f 339 321 320
f 340 336 337
f 339 322 321
f 340 337 338
f 339 307 322
f 340 338 323

o 32
usemtl conduit_32
# 32: SonSto_SS2 -> Sondierstollen; shape=CIRCULAR; geom1=3; geom2=0; geom3=0; distance_length_ratio=0.990144
v 2578292.848611 442.999880 1215935.961594
v 2578292.941740 443.573860 1215935.895135
v 2578293.197799 444.060456 1215935.694636
v 2578293.577806 444.385589 1215935.390621
v 2578294.023908 444.499761 1215935.029373
v 2578294.468190 444.385589 1215934.665889
v 2578294.843015 444.060456 1215934.355507
v 2578295.091318 443.573860 1215934.145479
v 2578295.175297 442.999880 1215934.067779
v 2578295.082168 442.425901 1215934.134238
v 2578294.826109 441.939305 1215934.334737
v 2578294.446102 441.614172 1215934.638752
v 2578294.000000 441.500000 1215935.000000
v 2578293.555718 441.614172 1215935.363484
v 2578293.180894 441.939305 1215935.673866
v 2578292.932591 442.425901 1215935.883894
v 2578327.848611 442.299880 1215978.961594
v 2578327.941740 442.873860 1215978.895135
v 2578328.197799 443.360456 1215978.694636
v 2578328.577806 443.685589 1215978.390621
v 2578329.023908 443.799761 1215978.029373
v 2578329.468190 443.685589 1215977.665889
v 2578329.843015 443.360456 1215977.355507
v 2578330.091318 442.873860 1215977.145479
v 2578330.175297 442.299880 1215977.067779
v 2578330.082168 441.725901 1215977.134238
v 2578329.826109 441.239305 1215977.334737
v 2578329.446102 440.914172 1215977.638752
v 2578329.000000 440.800000 1215978.000000
v 2578328.555718 440.914172 1215978.363484
v 2578328.180894 441.239305 1215978.673866
v 2578327.932591 441.725901 1215978.883894
v 2578294.011954 442.999880 1215935.014687
v 2578329.011954 442.299880 1215978.014687
f 341 342 357
f 341 358 357
f 342 343 358
f 342 359 358
f 343 344 359
f 343 360 359
f 344 345 360
f 344 361 360
f 345 346 361
f 345 362 361
f 346 347 362
f 346 363 362
f 347 348 363
f 347 364 363
f 348 349 364
f 348 365 364
f 349 350 365
f 349 366 365
f 350 351 366
f 350 367 366
f 351 352 367
f 351 368 367
f 352 353 368
f 352 369 368
f 353 354 369
f 353 370 369
f 354 355 370
f 354 371 370
f 355 356 371
f 355 372 371
f 356 341 372
f 356 357 372
f 373 342 341
f 374 357 358
f 373 343 342
f 374 358 359
f 373 344 343
f 374 359 360
f 373 345 344
f 374 360 361
f 373 346 345
f 374 361 362
f 373 347 346
f 374 362 363
f 373 348 347
f 374 363 364
f 373 349 348
f 374 364 365
f 373 350 349
f 374 365 366
f 373 351 350
f 374 366 367
f 373 352 351
f 374 367 368
f 373 353 352
f 374 368 369
f 373 354 353
f 374 369 370
f 373 355 354
f 374 370 371
f 373 356 355
f 374 371 372
f 373 341 356
f 374 372 357

o 35
usemtl conduit_35
# 35: SondeGischeren -> Gischeren_node; shape=CIRCULAR; geom1=1.2; geom2=0; geom3=0; distance_length_ratio=0.731544
v 2578251.603720 465.551722 1215911.773892
v 2578251.630138 465.762857 1215911.871518
v 2578251.584638 465.941848 1215912.015388
v 2578251.474148 466.061447 1215912.183599
v 2578251.315487 466.103444 1215912.350542
v 2578251.132812 466.061447 1215912.490801
v 2578250.953932 465.941848 1215912.583024
v 2578250.806081 465.762857 1215912.613170
v 2578250.711767 465.551722 1215912.576650
v 2578250.685349 465.340587 1215912.479023
v 2578250.730849 465.161596 1215912.335153
v 2578250.841340 465.041997 1215912.166943
v 2578251.000000 465.000000 1215912.000000
v 2578251.182675 465.041997 1215911.859741
v 2578251.361555 465.161596 1215911.767518
v 2578251.509406 465.340587 1215911.737372
v 2578233.603720 477.051722 1215891.773892
v 2578233.630138 477.262857 1215891.871518
v 2578233.584638 477.441848 1215892.015388
v 2578233.474148 477.561447 1215892.183599
v 2578233.315487 477.603444 1215892.350542
v 2578233.132812 477.561447 1215892.490801
v 2578232.953932 477.441848 1215892.583024
v 2578232.806081 477.262857 1215892.613170
v 2578232.711767 477.051722 1215892.576650
v 2578232.685349 476.840587 1215892.479023
v 2578232.730849 476.661596 1215892.335153
v 2578232.841340 476.541997 1215892.166943
v 2578233.000000 476.500000 1215892.000000
v 2578233.182675 476.541997 1215891.859741
v 2578233.361555 476.661596 1215891.767518
v 2578233.509406 476.840587 1215891.737372
v 2578251.157744 465.551722 1215912.175271
v 2578233.157744 477.051722 1215892.175271
f 375 376 391
f 375 392 391
f 376 377 392
f 376 393 392
f 377 378 393
f 377 394 393
f 378 379 394
f 378 395 394
f 379 380 395
f 379 396 395
f 380 381 396
f 380 397 396
f 381 382 397
f 381 398 397
f 382 383 398
f 382 399 398
f 383 384 399
f 383 400 399
f 384 385 400
f 384 401 400
f 385 386 401
f 385 402 401
f 386 387 402
f 386 403 402
f 387 388 403
f 387 404 403
f 388 389 404
f 388 405 404
f 389 390 405
f 389 406 405
f 390 375 406
f 390 391 406
f 407 376 375
f 408 391 392
f 407 377 376
f 408 392 393
f 407 378 377
f 408 393 394
f 407 379 378
f 408 394 395
f 407 380 379
f 408 395 396
f 407 381 380
f 408 396 397
f 407 382 381
f 408 397 398
f 407 383 382
f 408 398 399
f 407 384 383
f 408 399 400
f 407 385 384
f 408 400 401
f 407 386 385
f 408 401 402
f 407 387 386
f 408 402 403
f 407 388 387
f 408 403 404
f 407 389 388
f 408 404 405
f 407 390 389
f 408 405 406
f 407 375 390
f 408 406 391

o 45
usemtl conduit_45
# 45: SonSto_F -> SonSto_SS6; shape=CIRCULAR; geom1=3; geom2=0; geom3=0; distance_length_ratio=1.23871
v 2578233.891175 439.298453 1215866.012496
v 2578233.953481 439.871886 1215865.913326
v 2578234.167778 440.358019 1215865.667778
v 2578234.501440 440.682842 1215865.313234
v 2578234.903671 440.796905 1215864.903671
v 2578235.313234 440.682842 1215864.501440
v 2578235.667778 440.358019 1215864.167778
v 2578235.913326 439.871886 1215863.953481
v 2578236.012496 439.298453 1215863.891175
v 2578235.950189 438.725020 1215863.990345
v 2578235.735893 438.238887 1215864.235893
v 2578235.402231 437.914063 1215864.590437
v 2578235.000000 437.800000 1215865.000000
v 2578234.590437 437.914063 1215865.402231
v 2578234.235893 438.238887 1215865.735893
v 2578233.990345 438.725020 1215865.950189
v 2578247.891175 440.198453 1215880.012496
v 2578247.953481 440.771886 1215879.913326
v 2578248.167778 441.258019 1215879.667778
v 2578248.501440 441.582842 1215879.313234
v 2578248.903671 441.696905 1215878.903671
v 2578249.313234 441.582842 1215878.501440
v 2578249.667778 441.258019 1215878.167778
v 2578249.913326 440.771886 1215877.953481
v 2578250.012496 440.198453 1215877.891175
v 2578249.950189 439.625020 1215877.990345
v 2578249.735893 439.138887 1215878.235893
v 2578249.402231 438.814063 1215878.590437
v 2578249.000000 438.700000 1215879.000000
v 2578248.590437 438.814063 1215879.402231
v 2578248.235893 439.138887 1215879.735893
v 2578247.990345 439.625020 1215879.950189
v 2578234.951835 439.298453 1215864.951835
v 2578248.951835 440.198453 1215878.951835
f 409 410 425
f 409 426 425
f 410 411 426
f 410 427 426
f 411 412 427
f 411 428 427
f 412 413 428
f 412 429 428
f 413 414 429
f 413 430 429
f 414 415 430
f 414 431 430
f 415 416 431
f 415 432 431
f 416 417 432
f 416 433 432
f 417 418 433
f 417 434 433
f 418 419 434
f 418 435 434
f 419 420 435
f 419 436 435
f 420 421 436
f 420 437 436
f 421 422 437
f 421 438 437
f 422 423 438
f 422 439 438
f 423 424 439
f 423 440 439
f 424 409 440
f 424 425 440
f 441 410 409
f 442 425 426
f 441 411 410
f 442 426 427
f 441 412 411
f 442 427 428
f 441 413 412
f 442 428 429
f 441 414 413
f 442 429 430
f 441 415 414
f 442 430 431
f 441 416 415
f 442 431 432
f 441 417 416
f 442 432 433
f 441 418 417
f 442 433 434
f 441 419 418
f 442 434 435
f 441 420 419
f 442 435 436
f 441 421 420
f 442 436 437
f 441 422 421
f 442 437 438
f 441 423 422
f 442 438 439
f 441 424 423
f 442 439 440
f 441 409 424
f 442 440 425

o 46
usemtl conduit_46
# 46: 40 -> 56; shape=CIRCULAR; geom1=0.6; geom2=0; geom3=0; distance_length_ratio=0.703957
v 2578259.336292 419.256092 1215857.963606
v 2578259.350461 419.354094 1215858.026028
v 2578259.324472 419.437176 1215858.104281
v 2578259.262280 419.492690 1215858.186452
v 2578259.173354 419.512183 1215858.260032
v 2578259.071233 419.492690 1215858.313817
v 2578258.971463 419.437176 1215858.339621
v 2578258.889233 419.354094 1215858.333514
v 2578258.837062 419.256092 1215858.296426
v 2578258.822893 419.158090 1215858.234004
v 2578258.848883 419.075008 1215858.155750
v 2578258.911074 419.019494 1215858.073579
v 2578259.000000 419.000000 1215858.000000
v 2578259.102121 419.019494 1215857.946214
v 2578259.201892 419.075008 1215857.920411
v 2578259.284122 419.158090 1215857.926518
v 2578249.336292 430.256092 1215842.963606
v 2578249.350461 430.354094 1215843.026028
v 2578249.324472 430.437176 1215843.104281
v 2578249.262280 430.492690 1215843.186452
v 2578249.173354 430.512183 1215843.260032
v 2578249.071233 430.492690 1215843.313817
v 2578248.971463 430.437176 1215843.339621
v 2578248.889233 430.354094 1215843.333514
v 2578248.837062 430.256092 1215843.296426
v 2578248.822893 430.158090 1215843.234004
v 2578248.848883 430.075008 1215843.155750
v 2578248.911074 430.019494 1215843.073579
v 2578249.000000 430.000000 1215843.000000
v 2578249.102121 430.019494 1215842.946214
v 2578249.201892 430.075008 1215842.920411
v 2578249.284122 430.158090 1215842.926518
v 2578259.086677 419.256092 1215858.130016
v 2578249.086677 430.256092 1215843.130016
f 443 444 459
f 443 460 459
f 444 445 460
f 444 461 460
f 445 446 461
f 445 462 461
f 446 447 462
f 446 463 462
f 447 448 463
f 447 464 463
f 448 449 464
f 448 465 464
f 449 450 465
f 449 466 465
f 450 451 466
f 450 467 466
f 451 452 467
f 451 468 467
f 452 453 468
f 452 469 468
f 453 454 469
f 453 470 469
f 454 455 470
f 454 471 470
f 455 456 471
f 455 472 471
f 456 457 472
f 456 473 472
f 457 458 473
f 457 474 473
f 458 443 474
f 458 459 474
f 475 444 443
f 476 459 460
f 475 445 444
f 476 460 461
f 475 446 445
f 476 461 462
f 475 447 446
f 476 462 463
f 475 448 447
f 476 463 464
f 475 449 448
f 476 464 465
f 475 450 449
f 476 465 466
f 475 451 450
f 476 466 467
f 475 452 451
f 476 467 468
f 475 453 452
f 476 468 469
f 475 454 453
f 476 469 470
f 475 455 454
f 476 470 471
f 475 456 455
f 476 471 472
f 475 457 456
f 476 472 473
f 475 458 457
f 476 473 474
f 475 443 458
f 476 474 459

o 47
usemtl conduit_47
# 47: 51 -> 40; shape=CIRCULAR; geom1=0.22; geom2=0; geom3=0; distance_length_ratio=1.00113
v 2578212.007012 420.109975 1215860.109801
v 2578212.007550 420.152061 1215860.101397
v 2578212.007294 420.187739 1215860.077542
v 2578212.006283 420.211579 1215860.041866
v 2578212.004671 420.219950 1215859.999801
v 2578212.002704 420.211579 1215859.957752
v 2578212.000680 420.187739 1215859.922119
v 2578211.998909 420.152061 1215859.898328
v 2578211.997659 420.109975 1215859.890000
v 2578211.997121 420.067889 1215859.898404
v 2578211.997377 420.032211 1215859.922259
v 2578211.998388 420.008371 1215859.957935
v 2578212.000000 420.000000 1215860.000000
v 2578212.001967 420.008371 1215860.042050
v 2578212.003991 420.032211 1215860.077682
v 2578212.005762 420.067889 1215860.101474
v 2578259.007012 419.109975 1215858.109801
v 2578259.007550 419.152061 1215858.101397
v 2578259.007294 419.187739 1215858.077542
v 2578259.006283 419.211579 1215858.041866
v 2578259.004671 419.219950 1215857.999801
v 2578259.002704 419.211579 1215857.957752
v 2578259.000680 419.187739 1215857.922119
v 2578258.998909 419.152061 1215857.898328
v 2578258.997659 419.109975 1215857.890000
v 2578258.997121 419.067889 1215857.898404
v 2578258.997377 419.032211 1215857.922259
v 2578258.998388 419.008371 1215857.957935
v 2578259.000000 419.000000 1215858.000000
v 2578259.001967 419.008371 1215858.042050
v 2578259.003991 419.032211 1215858.077682
v 2578259.005762 419.067889 1215858.101474
v 2578212.002336 420.109975 1215859.999901
v 2578259.002336 419.109975 1215857.999901
f 477 478 493
f 477 494 493
f 478 479 494
f 478 495 494
f 479 480 495
f 479 496 495
f 480 481 496
f 480 497 496
f 481 482 497
f 481 498 497
f 482 483 498
f 482 499 498
f 483 484 499
f 483 500 499
f 484 485 500
f 484 501 500
f 485 486 501
f 485 502 501
f 486 487 502
f 486 503 502
f 487 488 503
f 487 504 503
f 488 489 504
f 488 505 504
f 489 490 505
f 489 506 505
f 490 491 506
f 490 507 506
f 491 492 507
f 491 508 507
f 492 477 508
f 492 493 508
f 509 478 477
f 510 493 494
f 509 479 478
f 510 494 495
f 509 480 479
f 510 495 496
f 509 481 480
f 510 496 497
f 509 482 481
f 510 497 498
f 509 483 482
f 510 498 499
f 509 484 483
f 510 499 500
f 509 485 484
f 510 500 501
f 509 486 485
f 510 501 502
f 509 487 486
f 510 502 503
f 509 488 487
f 510 503 504
f 509 489 488
f 510 504 505
f 509 490 489
f 510 505 506
f 509 491 490
f 510 506 507
f 509 492 491
f 510 507 508
f 509 477 492
f 510 508 493

o 50
usemtl conduit_50
# 50: SondeSchuettstein -> 48; shape=CIRCULAR; geom1=0.8; geom2=0; geom3=0; distance_length_ratio=0.938966
v 2578170.469398 459.073274 1215878.181912
v 2578170.348418 459.101315 1215878.087381
v 2578170.273091 459.125087 1215877.952773
v 2578170.254883 459.140971 1215877.798583
v 2578170.296566 459.146549 1215877.648283
v 2578170.391796 459.140971 1215877.524757
v 2578170.526073 459.125087 1215877.446809
v 2578170.678956 459.101315 1215877.426306
v 2578170.827169 459.073274 1215877.466371
v 2578170.948148 459.045233 1215877.560903
v 2578171.023476 459.021462 1215877.695510
v 2578171.041684 459.005578 1215877.849701
v 2578171.000000 459.000000 1215878.000000
v 2578170.904771 459.005578 1215878.123527
v 2578170.770493 459.021462 1215878.201474
v 2578170.617611 459.045233 1215878.221977
v 2578172.469398 471.073274 1215879.181912
v 2578172.348418 471.101315 1215879.087381
v 2578172.273091 471.125087 1215878.952773
v 2578172.254883 471.140971 1215878.798583
v 2578172.296566 471.146549 1215878.648283
v 2578172.391796 471.140971 1215878.524757
v 2578172.526073 471.125087 1215878.446809
v 2578172.678956 471.101315 1215878.426306
v 2578172.827169 471.073274 1215878.466371
v 2578172.948148 471.045233 1215878.560903
v 2578173.023476 471.021462 1215878.695510
v 2578173.041684 471.005578 1215878.849701
v 2578173.000000 471.000000 1215879.000000
v 2578172.904771 471.005578 1215879.123527
v 2578172.770493 471.021462 1215879.201474
v 2578172.617611 471.045233 1215879.221977
v 2578170.648283 459.073274 1215877.824142
v 2578172.648283 471.073274 1215878.824142
f 511 512 527
f 511 528 527
f 512 513 528
f 512 529 528
f 513 514 529
f 513 530 529
f 514 515 530
f 514 531 530
f 515 516 531
f 515 532 531
f 516 517 532
f 516 533 532
f 517 518 533
f 517 534 533
f 518 519 534
f 518 535 534
f 519 520 535
f 519 536 535
f 520 521 536
f 520 537 536
f 521 522 537
f 521 538 537
f 522 523 538
f 522 539 538
f 523 524 539
f 523 540 539
f 524 525 540
f 524 541 540
f 525 526 541
f 525 542 541
f 526 511 542
f 526 527 542
f 543 512 511
f 544 527 528
f 543 513 512
f 544 528 529
f 543 514 513
f 544 529 530
f 543 515 514
f 544 530 531
f 543 516 515
f 544 531 532
f 543 517 516
f 544 532 533
f 543 518 517
f 544 533 534
f 543 519 518
f 544 534 535
f 543 520 519
f 544 535 536
f 543 521 520
f 544 536 537
f 543 522 521
f 544 537 538
f 543 523 522
f 544 538 539
f 543 524 523
f 544 539 540
f 543 525 524
f 544 540 541
f 543 526 525
f 544 541 542
f 543 511 526
f 544 542 527

o 51
usemtl conduit_51
# 51: SS5 -> 40; shape=CIRCULAR; geom1=0.35; geom2=0; geom3=0; distance_length_ratio=1.22973
v 2578261.168559 439.047357 1215888.894531
v 2578261.152940 439.103748 1215888.859340
v 2578261.113112 439.151554 1215888.831221
v 2578261.055138 439.183497 1215888.814456
v 2578260.987845 439.194714 1215888.811597
v 2578260.921477 439.183497 1215888.823079
v 2578260.866138 439.151554 1215888.847155
v 2578260.830253 439.103748 1215888.880158
v 2578260.819286 439.047357 1215888.917065
v 2578260.834905 438.990966 1215888.952257
v 2578260.874733 438.943160 1215888.980376
v 2578260.932707 438.911217 1215888.997141
v 2578261.000000 438.900000 1215889.000000
v 2578261.066368 438.911217 1215888.988518
v 2578261.121707 438.943160 1215888.964442
v 2578261.157592 438.990966 1215888.931439
v 2578259.168559 419.147357 1215857.894531
v 2578259.152940 419.203748 1215857.859340
v 2578259.113112 419.251554 1215857.831221
v 2578259.055138 419.283497 1215857.814456
v 2578258.987845 419.294714 1215857.811597
v 2578258.921477 419.283497 1215857.823079
v 2578258.866138 419.251554 1215857.847155
v 2578258.830253 419.203748 1215857.880158
v 2578258.819286 419.147357 1215857.917065
v 2578258.834905 419.090966 1215857.952257
v 2578258.874733 419.043160 1215857.980376
v 2578258.932707 419.011217 1215857.997141
v 2578259.000000 419.000000 1215858.000000
v 2578259.066368 419.011217 1215857.988518
v 2578259.121707 419.043160 1215857.964442
v 2578259.157592 419.090966 1215857.931439
v 2578260.993922 439.047357 1215888.905798
v 2578258.993922 419.147357 1215857.905798
f 545 546 561
f 545 562 561
f 546 547 562
f 546 563 562
f 547 548 563
f 547 564 563
f 548 549 564
f 548 565 564
f 549 550 565
f 549 566 565
f 550 551 566
f 550 567 566
f 551 552 567
f 551 568 567
f 552 553 568
f 552 569 568
f 553 554 569
f 553 570 569
f 554 555 570
f 554 571 570
f 555 556 571
f 555 572 571
f 556 557 572
f 556 573 572
f 557 558 573
f 557 574 573
f 558 559 574
f 558 575 574
f 559 560 575
f 559 576 575
f 560 545 576
f 560 561 576
f 577 546 545
f 578 561 562
f 577 547 546
f 578 562 563
f 577 548 547
f 578 563 564
f 577 549 548
f 578 564 565
f 577 550 549
f 578 565 566
f 577 551 550
f 578 566 567
f 577 552 551
f 578 567 568
f 577 553 552
f 578 568 569
f 577 554 553
f 578 569 570
f 577 555 554
f 578 570 571
f 577 556 555
f 578 571 572
f 577 557 556
f 578 572 573
f 577 558 557
f 578 573 574
f 577 559 558
f 578 574 575
f 577 560 559
f 578 575 576
f 577 545 560
f 578 576 561

o 53
usemtl conduit_53
# 53: 38 -> 11; shape=CIRCULAR; geom1=0.46; geom2=0; geom3=0; distance_length_ratio=0.902514
v 2578157.770531 420.229448 1215716.022308
v 2578157.788201 420.317254 1215716.027915
v 2578157.838183 420.391692 1215716.031696
v 2578157.912868 420.441430 1215716.033075
v 2578158.000885 420.458896 1215716.031843
v 2578158.088834 420.441430 1215716.028187
v 2578158.163327 420.391692 1215716.022664
v 2578158.213022 420.317254 1215716.016114
v 2578158.230354 420.229448 1215716.009535
v 2578158.212683 420.141642 1215716.003928
v 2578158.162701 420.067204 1215716.000147
v 2578158.088017 420.017466 1215715.998768
v 2578158.000000 420.000000 1215716.000000
v 2578157.912050 420.017466 1215716.003656
v 2578157.837558 420.067204 1215716.009179
v 2578157.787863 420.141642 1215716.015729
v 2578161.770531 410.229448 1215860.022308
v 2578161.788201 410.317254 1215860.027915
v 2578161.838183 410.391692 1215860.031696
v 2578161.912868 410.441430 1215860.033075
v 2578162.000885 410.458896 1215860.031843
v 2578162.088834 410.441430 1215860.028187
v 2578162.163327 410.391692 1215860.022664
v 2578162.213022 410.317254 1215860.016114
v 2578162.230354 410.229448 1215860.009535
v 2578162.212683 410.141642 1215860.003928
v 2578162.162701 410.067204 1215860.000147
v 2578162.088017 410.017466 1215859.998768
v 2578162.000000 410.000000 1215860.000000
v 2578161.912050 410.017466 1215860.003656
v 2578161.837558 410.067204 1215860.009179
v 2578161.787863 410.141642 1215860.015729
v 2578158.000442 420.229448 1215716.015922
v 2578162.000442 410.229448 1215860.015922
f 579 580 595
f 579 596 595
f 580 581 596
f 580 597 596
f 581 582 597
f 581 598 597
f 582 583 598
f 582 599 598
f 583 584 599
f 583 600 599
f 584 585 600
f 584 601 600
f 585 586 601
f 585 602 601
f 586 587 602
f 586 603 602
f 587 588 603
f 587 604 603
f 588 589 604
f 588 605 604
f 589 590 605
f 589 606 605
f 590 591 606
f 590 607 606
f 591 592 607
f 591 608 607
f 592 593 608
f 592 609 608
f 593 594 609
f 593 610 609
f 594 579 610
f 594 595 610
f 611 580 579
f 612 595 596
f 611 581 580
f 612 596 597
f 611 582 581
f 612 597 598
f 611 583 582
f 612 598 599
f 611 584 583
f 612 599 600
f 611 585 584
f 612 600 601
f 611 586 585
f 612 601 602
f 611 587 586
f 612 602 603
f 611 588 587
f 612 603 604
f 611 589 588
f 612 604 605
f 611 590 589
f 612 605 606
f 611 591 590
f 612 606 607
f 611 592 591
f 612 607 608
f 611 593 592
f 612 608 609
f 611 594 593
f 612 609 610
f 611 579 594
f 612 610 595

o Fenster_L
usemtl conduit_Fenster_L
# Fenster_L: 30 -> Fensterstollen; shape=CIRCULAR; geom1=3; geom2=0; geom3=0; distance_length_ratio=1.02025
v 2578253.479521 438.799351 1215847.250924
v 2578253.370868 439.373128 1215847.211980
v 2578253.054830 439.859553 1215847.134179
v 2578252.579520 440.184571 1215847.029367
v 2578252.017300 440.298703 1215846.913499
v 2578251.453764 440.184571 1215846.804216
v 2578250.974704 439.859553 1215846.718154
v 2578250.653053 439.373128 1215846.668417
v 2578250.537779 438.799351 1215846.662575
v 2578250.646432 438.225574 1215846.701519
v 2578250.962471 437.739150 1215846.779320
v 2578251.437780 437.414131 1215846.884132
v 2578252.000000 437.300000 1215847.000000
v 2578252.563536 437.414131 1215847.109283
v 2578253.042596 437.739150 1215847.195345
v 2578253.364247 438.225574 1215847.245082
v 2578255.479521 438.499351 1215837.250924
v 2578255.370868 439.073128 1215837.211980
v 2578255.054830 439.559553 1215837.134179
v 2578254.579520 439.884571 1215837.029367
v 2578254.017300 439.998703 1215836.913499
v 2578253.453764 439.884571 1215836.804216
v 2578252.974704 439.559553 1215836.718154
v 2578252.653053 439.073128 1215836.668417
v 2578252.537779 438.499351 1215836.662575
v 2578252.646432 437.925574 1215836.701519
v 2578252.962471 437.439150 1215836.779320
v 2578253.437780 437.114131 1215836.884132
v 2578254.000000 437.000000 1215837.000000
v 2578254.563536 437.114131 1215837.109283
v 2578255.042596 437.439150 1215837.195345
v 2578255.364247 437.925574 1215837.245082
v 2578252.008650 438.799351 1215846.956749
v 2578254.008650 438.499351 1215836.956749
f 613 614 629
f 613 630 629
f 614 615 630
f 614 631 630
f 615 616 631
f 615 632 631
f 616 617 632
f 616 633 632
f 617 618 633
f 617 634 633
f 618 619 634
f 618 635 634
f 619 620 635
f 619 636 635
f 620 621 636
f 620 637 636
f 621 622 637
f 621 638 637
f 622 623 638
f 622 639 638
f 623 624 639
f 623 640 639
f 624 625 640
f 624 641 640
f 625 626 641
f 625 642 641
f 626 627 642
f 626 643 642
f 627 628 643
f 627 644 643
f 628 613 644
f 628 629 644
f 645 614 613
f 646 629 630
f 645 615 614
f 646 630 631
f 645 616 615
f 646 631 632
f 645 617 616
f 646 632 633
f 645 618 617
f 646 633 634
f 645 619 618
f 646 634 635
f 645 620 619
f 646 635 636
f 645 621 620
f 646 636 637
f 645 622 621
f 646 637 638
f 645 623 622
f 646 638 639
f 645 624 623
f 646 639 640
f 645 625 624
f 646 640 641
f 645 626 625
f 646 641 642
f 645 627 626
f 646 642 643
f 645 628 627
f 646 643 644
f 645 613 628
f 646 644 629

o 58
usemtl conduit_58
# 58: Aval_Trappe -> 30; shape=CIRCULAR; geom1=3; geom2=0; geom3=0; distance_length_ratio=1.0848
v 2578241.154765 439.099802 1215861.957660
v 2578241.074150 439.673751 1215861.876262
v 2578240.832423 440.160321 1215861.658641
v 2578240.466384 440.485437 1215861.337927
v 2578240.031761 440.599603 1215860.962946
v 2578239.594719 440.485437 1215860.590786
v 2578239.221796 440.160321 1215860.278104
v 2578238.969765 439.673751 1215860.072504
v 2578238.876995 439.099802 1215860.005286
v 2578238.957611 438.525852 1215860.086684
v 2578239.199338 438.039282 1215860.304305
v 2578239.565376 437.714166 1215860.625019
v 2578240.000000 437.600000 1215861.000000
v 2578240.437041 437.714166 1215861.372160
v 2578240.809964 438.039282 1215861.684842
v 2578241.061996 438.525852 1215861.890442
v 2578253.154765 438.799802 1215847.957660
v 2578253.074150 439.373751 1215847.876262
v 2578252.832423 439.860321 1215847.658641
v 2578252.466384 440.185437 1215847.337927
v 2578252.031761 440.299603 1215846.962946
v 2578251.594719 440.185437 1215846.590786
v 2578251.221796 439.860321 1215846.278104
v 2578250.969765 439.373751 1215846.072504
v 2578250.876995 438.799802 1215846.005286
v 2578250.957611 438.225852 1215846.086684
v 2578251.199338 437.739282 1215846.304305
v 2578251.565376 437.414166 1215846.625019
v 2578252.000000 437.300000 1215847.000000
v 2578252.437041 437.414166 1215847.372160
v 2578252.809964 437.739282 1215847.684842
v 2578253.061996 438.225852 1215847.890442
v 2578240.015880 439.099802 1215860.981473
v 2578252.015880 438.799802 1215846.981473
f 647 648 663
f 647 664 663
f 648 649 664
f 648 665 664
f 649 650 665
f 649 666 665
f 650 651 666
f 650 667 666
f 651 652 667
f 651 668 667
f 652 653 668
f 652 669 668
f 653 654 669
f 653 670 669
f 654 655 670
f 654 671 670
f 655 656 671
f 655 672 671
f 656 657 672
f 656 673 672
f 657 658 673
f 657 674 673
f 658 659 674
f 658 675 674
f 659 660 675
f 659 676 675
f 660 661 676
f 660 677 676
f 661 662 677
f 661 678 677
f 662 647 678
f 662 663 678
f 679 648 647
f 680 663 664
f 679 649 648
f 680 664 665
f 679 650 649
f 680 665 666
f 679 651 650
f 680 666 667
f 679 652 651
f 680 667 668
f 679 653 652
f 680 668 669
f 679 654 653
f 680 669 670
f 679 655 654
f 680 670 671
f 679 656 655
f 680 671 672
f 679 657 656
f 680 672 673
f 679 658 657
f 680 673 674
f 679 659 658
f 680 674 675
f 679 660 659
f 680 675 676
f 679 661 660
f 680 676 677
f 679 662 661
f 680 677 678
f 679 647 662
f 680 678 663

o 59
usemtl conduit_59
# 59: SonSto_SS6 -> SonSto_SS5; shape=CIRCULAR; geom1=3; geom2=0; geom3=0; distance_length_ratio=0.774548
v 2578247.789310 440.199149 1215879.887007
v 2578247.867148 440.772848 1215879.801262
v 2578248.112700 441.259207 1215879.587484
v 2578248.488584 441.584182 1215879.278219
v 2578248.937575 441.698298 1215878.920550
v 2578249.391317 441.584182 1215878.568929
v 2578249.780733 441.259207 1215878.276886
v 2578250.046538 440.772848 1215878.088884
v 2578250.148265 440.199149 1215878.033543
v 2578250.070427 439.625450 1215878.119288
v 2578249.824875 439.139091 1215878.333066
v 2578249.448991 438.814116 1215878.642331
v 2578249.000000 438.700000 1215879.000000
v 2578248.546258 438.814116 1215879.351621
v 2578248.156842 439.139091 1215879.643664
v 2578247.891037 439.625450 1215879.831666
v 2578258.789310 440.799149 1215893.887007
v 2578258.867148 441.372848 1215893.801262
v 2578259.112700 441.859207 1215893.587484
v 2578259.488584 442.184182 1215893.278219
v 2578259.937575 442.298298 1215892.920550
v 2578260.391317 442.184182 1215892.568929
v 2578260.780733 441.859207 1215892.276886
v 2578261.046538 441.372848 1215892.088884
v 2578261.148265 440.799149 1215892.033543
v 2578261.070427 440.225450 1215892.119288
v 2578260.824875 439.739091 1215892.333066
v 2578260.448991 439.414116 1215892.642331
v 2578260.000000 439.300000 1215893.000000
v 2578259.546258 439.414116 1215893.351621
v 2578259.156842 439.739091 1215893.643664
v 2578258.891037 440.225450 1215893.831666
v 2578248.968787 440.199149 1215878.960275
v 2578259.968787 440.799149 1215892.960275
f 681 682 697
f 681 698 697
f 682 683 698
f 682 699 698
f 683 684 699
f 683 700 699
f 684 685 700
f 684 701 700
f 685 686 701
f 685 702 701
f 686 687 702
f 686 703 702
f 687 688 703
f 687 704 703
f 688 689 704
f 688 705 704
f 689 690 705
f 689 706 705
f 690 691 706
f 690 707 706
f 691 692 707
f 691 708 707
f 692 693 708
f 692 709 708
f 693 694 709
f 693 710 709
f 694 695 710
f 694 711 710
f 695 696 711
f 695 712 711
f 696 681 712
f 696 697 712
f 713 682 681
f 714 697 698
f 713 683 682
f 714 698 699
f 713 684 683
f 714 699 700
f 713 685 684
f 714 700 701
f 713 686 685
f 714 701 702
f 713 687 686
f 714 702 703
f 713 688 687
f 714 703 704
f 713 689 688
f 714 704 705
f 713 690 689
f 714 705 706
f 713 691 690
f 714 706 707
f 713 692 691
f 714 707 708
f 713 693 692
f 714 708 709
f 713 694 693
f 714 709 710
f 713 695 694
f 714 710 711
f 713 696 695
f 714 711 712
f 713 681 696
f 714 712 697

o 61
usemtl conduit_61
# 61: 41 -> SondeSchuettstein; shape=CIRCULAR; geom1=0.53; geom2=0; geom3=0; distance_length_ratio=0.754109
v 2578210.070103 437.733171 1215869.715102
v 2578210.121361 437.822402 1215869.725180
v 2578210.172923 437.898048 1215869.773244
v 2578210.216938 437.948593 1215869.851977
v 2578210.246706 437.966343 1215869.949394
v 2578210.257694 437.948593 1215870.050662
v 2578210.248230 437.898048 1215870.140366
v 2578210.219755 437.822402 1215870.204848
v 2578210.176603 437.733171 1215870.234292
v 2578210.125344 437.643940 1215870.224214
v 2578210.073783 437.568294 1215870.176150
v 2578210.029768 437.517749 1215870.097417
v 2578210.000000 437.500000 1215870.000000
v 2578209.989012 437.517749 1215869.898731
v 2578209.998476 437.568294 1215869.809028
v 2578210.026951 437.643940 1215869.744546
v 2578171.070103 459.233171 1215877.715102
v 2578171.121361 459.322402 1215877.725180
v 2578171.172923 459.398048 1215877.773244
v 2578171.216938 459.448593 1215877.851977
v 2578171.246706 459.466343 1215877.949394
v 2578171.257694 459.448593 1215878.050662
v 2578171.248230 459.398048 1215878.140366
v 2578171.219755 459.322402 1215878.204848
v 2578171.176603 459.233171 1215878.234292
v 2578171.125344 459.143940 1215878.224214
v 2578171.073783 459.068294 1215878.176150
v 2578171.029768 459.017749 1215878.097417
v 2578171.000000 459.000000 1215878.000000
v 2578170.989012 459.017749 1215877.898731
v 2578170.998476 459.068294 1215877.809028
v 2578171.026951 459.143940 1215877.744546
v 2578210.123353 437.733171 1215869.974697
v 2578171.123353 459.233171 1215877.974697
f 715 716 731
f 715 732 731
f 716 717 732
f 716 733 732
f 717 718 733
f 717 734 733
f 718 719 734
f 718 735 734
f 719 720 735
f 719 736 735
f 720 721 736
f 720 737 736
f 721 722 737
f 721 738 737
f 722 723 738
f 722 739 738
f 723 724 739
f 723 740 739
f 724 725 740
f 724 741 740
f 725 726 741
f 725 742 741
f 726 727 742
f 726 743 742
f 727 728 743
f 727 744 743
f 728 729 744
f 728 745 744
f 729 730 745
f 729 746 745
f 730 715 746
f 730 731 746
f 747 716 715
f 748 731 732
f 747 717 716
f 748 732 733
f 747 718 717
f 748 733 734
f 747 719 718
f 748 734 735
f 747 720 719
f 748 735 736
f 747 721 720
f 748 736 737
f 747 722 721
f 748 737 738
f 747 723 722
f 748 738 739
f 747 724 723
f 748 739 740
f 747 725 724
f 748 740 741
f 747 726 725
f 748 741 742
f 747 727 726
f 748 742 743
f 747 728 727
f 748 743 744
f 747 729 728
f 748 744 745
f 747 730 729
f 748 745 746
f 747 715 730
f 748 746 731

o 63
usemtl conduit_63
# 63: 10 -> SS6; shape=RECT_CLOSED; geom1=2; geom2=0.07; geom3=0; distance_length_ratio=0.50806
v 2578244.554700 468.000000 1215876.167950
v 2578243.445300 468.000000 1215877.832050
v 2578243.502619 468.012419 1215877.870263
v 2578244.612020 468.012419 1215876.206163
v 2578247.554700 448.000000 1215878.167950
v 2578246.445300 448.000000 1215879.832050
v 2578246.502619 448.012419 1215879.870263
v 2578247.612020 448.012419 1215878.206163
v 2578244.028660 468.006210 1215877.019107
v 2578247.028660 448.006210 1215879.019107
f 749 750 753
f 749 754 753
f 750 751 754
f 750 755 754
f 751 752 755
f 751 756 755
f 752 749 756
f 752 753 756
f 757 750 749
f 758 753 754
f 757 751 750
f 758 754 755
f 757 752 751
f 758 755 756
f 757 749 752
f 758 756 753

o 66
usemtl conduit_66
# 66: 50 -> SondeGischeren; shape=CIRCULAR; geom1=0.3; geom2=0; geom3=0; distance_length_ratio=0.983332
v 2578242.855578 463.149358 1215892.042833
v 2578242.864209 463.206514 1215892.033665
v 2578242.892728 463.254969 1215892.017412
v 2578242.936795 463.287346 1215891.996548
v 2578242.989699 463.298715 1215891.974249
v 2578243.043388 463.287346 1215891.953910
v 2578243.089688 463.254969 1215891.938628
v 2578243.121549 463.206514 1215891.930729
v 2578243.134121 463.149358 1215891.931416
v 2578243.125491 463.092201 1215891.940584
v 2578243.096971 463.043746 1215891.956837
v 2578243.052905 463.011369 1215891.977701
v 2578243.000000 463.000000 1215892.000000
v 2578242.946311 463.011369 1215892.020339
v 2578242.900012 463.043746 1215892.035621
v 2578242.868151 463.092201 1215892.043520
v 2578250.855578 465.149358 1215912.042833
v 2578250.864209 465.206514 1215912.033665
v 2578250.892728 465.254969 1215912.017412
v 2578250.936795 465.287346 1215911.996548
v 2578250.989699 465.298715 1215911.974249
v 2578251.043388 465.287346 1215911.953910
v 2578251.089688 465.254969 1215911.938628
v 2578251.121549 465.206514 1215911.930729
v 2578251.134121 465.149358 1215911.931416
v 2578251.125491 465.092201 1215911.940584
v 2578251.096971 465.043746 1215911.956837
v 2578251.052905 465.011369 1215911.977701
v 2578251.000000 465.000000 1215912.000000
v 2578250.946311 465.011369 1215912.020339
v 2578250.900012 465.043746 1215912.035621
v 2578250.868151 465.092201 1215912.043520
v 2578242.994850 463.149358 1215891.987124
v 2578250.994850 465.149358 1215911.987124
f 759 760 775
f 759 776 775
f 760 761 776
f 760 777 776
f 761 762 777
f 761 778 777
f 762 763 778
f 762 779 778
f 763 764 779
f 763 780 779
f 764 765 780
f 764 781 780
f 765 766 781
f 765 782 781
f 766 767 782
f 766 783 782
f 767 768 783
f 767 784 783
f 768 769 784
f 768 785 784
f 769 770 785
f 769 786 785
f 770 771 786
f 770 787 786
f 771 772 787
f 771 788 787
f 772 773 788
f 772 789 788
f 773 774 789
f 773 790 789
f 774 759 790
f 774 775 790
f 791 760 759
f 792 775 776
f 791 761 760
f 792 776 777
f 791 762 761
f 792 777 778
f 791 763 762
f 792 778 779
f 791 764 763
f 792 779 780
f 791 765 764
f 792 780 781
f 791 766 765
f 792 781 782
f 791 767 766
f 792 782 783
f 791 768 767
f 792 783 784
f 791 769 768
f 792 784 785
f 791 770 769
f 792 785 786
f 791 771 770
f 792 786 787
f 791 772 771
f 792 787 788
f 791 773 772
f 792 788 789
f 791 774 773
f 792 789 790
f 791 759 774
f 792 790 775

o 67
usemtl conduit_67
# 67: 51 -> 13; shape=CIRCULAR; geom1=3; geom2=0; geom3=0; distance_length_ratio=0.608276
v 2578210.520409 420.246598 1215861.500000
v 2578209.954194 420.340968 1215861.385819
v 2578209.474180 420.420970 1215861.060660
v 2578209.153445 420.474426 1215860.574025
v 2578209.040818 420.493197 1215860.000000
v 2578209.153445 420.474426 1215859.425975
v 2578209.474180 420.420970 1215858.939340
v 2578209.954194 420.340968 1215858.614181
v 2578210.520409 420.246598 1215858.500000
v 2578211.086624 420.152229 1215858.614181
v 2578211.566638 420.072227 1215858.939340
v 2578211.887373 420.018771 1215859.425975
v 2578212.000000 420.000000 1215860.000000
v 2578211.887373 420.018771 1215860.574025
v 2578211.566638 420.072227 1215861.060660
v 2578211.086624 420.152229 1215861.385819
v 2578213.520409 438.246598 1215861.500000
v 2578212.954194 438.340968 1215861.385819
v 2578212.474180 438.420970 1215861.060660
v 2578212.153445 438.474426 1215860.574025
v 2578212.040818 438.493197 1215860.000000
v 2578212.153445 438.474426 1215859.425975
v 2578212.474180 438.420970 1215858.939340
v 2578212.954194 438.340968 1215858.614181
v 2578213.520409 438.246598 1215858.500000
v 2578214.086624 438.152229 1215858.614181
v 2578214.566638 438.072227 1215858.939340
v 2578214.887373 438.018771 1215859.425975
v 2578215.000000 438.000000 1215860.000000
v 2578214.887373 438.018771 1215860.574025
v 2578214.566638 438.072227 1215861.060660
v 2578214.086624 438.152229 1215861.385819
v 2578210.520409 420.246598 1215860.000000
v 2578213.520409 438.246598 1215860.000000
f 793 794 809
f 793 810 809
f 794 795 810
f 794 811 810
f 795 796 811
f 795 812 811
f 796 797 812
f 796 813 812
f 797 798 813
f 797 814 813
f 798 799 814
f 798 815 814
f 799 800 815
f 799 816 815
f 800 801 816
f 800 817 816
f 801 802 817
f 801 818 817
f 802 803 818
f 802 819 818
f 803 804 819
f 803 820 819
f 804 805 820
f 804 821 820
f 805 806 821
f 805 822 821
f 806 807 822
f 806 823 822
f 807 808 823
f 807 824 823
f 808 793 824
f 808 809 824
f 825 794 793
f 826 809 810
f 825 795 794
f 826 810 811
f 825 796 795
f 826 811 812
f 825 797 796
f 826 812 813
f 825 798 797
f 826 813 814
f 825 799 798
f 826 814 815
f 825 800 799
f 826 815 816
f 825 801 800
f 826 816 817
f 825 802 801
f 826 817 818
f 825 803 802
f 826 818 819
f 825 804 803
f 826 819 820
f 825 805 804
f 826 820 821
f 825 806 805
f 826 821 822
f 825 807 806
f 826 822 823
f 825 808 807
f 826 823 824
f 825 793 808
f 826 824 809

o Amont_L
usemtl conduit_Amont_L
# Amont_L: Amont_C -> 51; shape=CIRCULAR; geom1=3; geom2=0; geom3=0; distance_length_ratio=1.06463
v 2578166.231336 419.499586 1215931.857352
v 2578166.128686 420.073453 1215931.805565
v 2578165.851243 420.559954 1215931.635610
v 2578165.441247 420.885024 1215931.373361
v 2578164.961114 420.999173 1215931.058742
v 2578164.483942 420.885024 1215930.739652
v 2578164.082375 420.559954 1215930.464669
v 2578163.817547 420.073453 1215930.275657
v 2578163.729778 419.499586 1215930.201391
v 2578163.832428 418.925720 1215930.253177
v 2578164.109871 418.439219 1215930.423132
v 2578164.519868 418.114149 1215930.685381
v 2578165.000000 418.000000 1215931.000000
v 2578165.477172 418.114149 1215931.319090
v 2578165.878740 418.439219 1215931.594073
v 2578166.143567 418.925720 1215931.783086
v 2578213.231336 421.499586 1215860.857352
v 2578213.128686 422.073453 1215860.805565
v 2578212.851243 422.559954 1215860.635610
v 2578212.441247 422.885024 1215860.373361
v 2578211.961114 422.999173 1215860.058742
v 2578211.483942 422.885024 1215859.739652
v 2578211.082375 422.559954 1215859.464669
v 2578210.817547 422.073453 1215859.275657
v 2578210.729778 421.499586 1215859.201391
v 2578210.832428 420.925720 1215859.253177
v 2578211.109871 420.439219 1215859.423132
v 2578211.519868 420.114149 1215859.685381
v 2578212.000000 420.000000 1215860.000000
v 2578212.477172 420.114149 1215860.319090
v 2578212.878740 420.439219 1215860.594073
v 2578213.143567 420.925720 1215860.783086
v 2578164.980557 419.499586 1215931.029371
v 2578211.980557 421.499586 1215860.029371
f 827 828 843
f 827 844 843
f 828 829 844
f 828 845 844
f 829 830 845
f 829 846 845
f 830 831 846
f 830 847 846
f 831 832 847
f 831 848 847
f 832 833 848
f 832 849 848
f 833 834 849
f 833 850 849
f 834 835 850
f 834 851 850
f 835 836 851
f 835 852 851
f 836 837 852
f 836 853 852
f 837 838 853
f 837 854 853
f 838 839 854
f 838 855 854
f 839 840 855
f 839 856 855
f 840 841 856
f 840 857 856
f 841 842 857
f 841 858 857
f 842 827 858
f 842 843 858
f 859 828 827
f 860 843 844
f 859 829 828
f 860 844 845
f 859 830 829
f 860 845 846
f 859 831 830
f 860 846 847
f 859 832 831
f 860 847 848
f 859 833 832
f 860 848 849
f 859 834 833
f 860 849 850
f 859 835 834
f 860 850 851
f 859 836 835
f 860 851 852
f 859 837 836
f 860 852 853
f 859 838 837
f 860 853 854
f 859 839 838
f 860 854 855
f 859 840 839
f 860 855 856
f 859 841 840
f 860 856 857
f 859 842 841
f 860 857 858
f 859 827 842
f 860 858 843

o 69
usemtl conduit_69
# 69: 51 -> 52; shape=CIRCULAR; geom1=0.4; geom2=0; geom3=0; distance_length_ratio=0.647727
v 2578212.197042 420.188371 1215859.924562
v 2578212.201665 420.260458 1215859.954088
v 2578212.182097 420.321570 1215859.998496
v 2578212.141317 420.362404 1215860.051025
v 2578212.085534 420.376742 1215860.103678
v 2578212.023240 420.362404 1215860.148438
v 2578211.963919 420.321570 1215860.178493
v 2578211.916602 420.260458 1215860.189265
v 2578211.888492 420.188371 1215860.179115
v 2578211.883870 420.116285 1215860.149589
v 2578211.903438 420.055173 1215860.105181
v 2578211.944217 420.014339 1215860.052653
v 2578212.000000 420.000000 1215860.000000
v 2578212.062294 420.014339 1215859.955239
v 2578212.121615 420.055173 1215859.925185
v 2578212.168932 420.116285 1215859.914413
v 2578146.197042 457.188371 1215779.924562
v 2578146.201665 457.260458 1215779.954088
v 2578146.182097 457.321570 1215779.998496
v 2578146.141317 457.362404 1215780.051025
v 2578146.085534 457.376742 1215780.103678
v 2578146.023240 457.362404 1215780.148438
v 2578145.963919 457.321570 1215780.178493
v 2578145.916602 457.260458 1215780.189265
v 2578145.888492 457.188371 1215780.179115
v 2578145.883870 457.116285 1215780.149589
v 2578145.903438 457.055173 1215780.105181
v 2578145.944217 457.014339 1215780.052653
v 2578146.000000 457.000000 1215780.000000
v 2578146.062294 457.014339 1215779.955239
v 2578146.121615 457.055173 1215779.925185
v 2578146.168932 457.116285 1215779.914413
v 2578212.042767 420.188371 1215860.051839
v 2578146.042767 457.188371 1215780.051839
f 861 862 877
f 861 878 877
f 862 863 878
f 862 879 878
f 863 864 879
f 863 880 879
f 864 865 880
f 864 881 880
f 865 866 881
f 865 882 881
f 866 867 882
f 866 883 882
f 867 868 883
f 867 884 883
f 868 869 884
f 868 885 884
f 869 870 885
f 869 886 885
f 870 871 886
f 870 887 886
f 871 872 887
f 871 888 887
f 872 873 888
f 872 889 888
f 873 874 889
f 873 890 889
f 874 875 890
f 874 891 890
f 875 876 891
f 875 892 891
f 876 861 892
f 876 877 892
f 893 862 861
f 894 877 878
f 893 863 862
f 894 878 879
f 893 864 863
f 894 879 880
f 893 865 864
f 894 880 881
f 893 866 865
f 894 881 882
f 893 867 866
f 894 882 883
f 893 868 867
f 894 883 884
f 893 869 868
f 894 884 885
f 893 870 869
f 894 885 886
f 893 871 870
f 894 886 887
f 893 872 871
f 894 887 888
f 893 873 872
f 894 888 889
f 893 874 873
f 894 889 890
f 893 875 874
f 894 890 891
f 893 876 875
f 894 891 892
f 893 861 876
f 894 892 877

o 70
usemtl conduit_70
# 70: 52 -> 21; shape=CIRCULAR; geom1=0.4; geom2=0; geom3=0; distance_length_ratio=1.17746
v 2578146.155685 457.191720 1215779.862139
v 2578146.132532 457.265088 1215779.849074
v 2578146.085451 457.327286 1215779.851169
v 2578146.021610 457.368846 1215779.868105
v 2578145.950729 457.383439 1215779.897303
v 2578145.883599 457.368846 1215779.934319
v 2578145.830439 457.327286 1215779.973516
v 2578145.799342 457.265088 1215780.008928
v 2578145.795044 457.191720 1215780.035164
v 2578145.818197 457.118352 1215780.048229
v 2578145.865278 457.056153 1215780.046134
v 2578145.929119 457.014594 1215780.029198
v 2578146.000000 457.000000 1215780.000000
v 2578146.067131 457.014594 1215779.962984
v 2578146.120291 457.056153 1215779.923787
v 2578146.151387 457.118352 1215779.888375
v 2578063.155685 400.191720 1215606.862139
v 2578063.132532 400.265088 1215606.849074
v 2578063.085451 400.327286 1215606.851169
v 2578063.021610 400.368846 1215606.868105
v 2578062.950729 400.383439 1215606.897303
v 2578062.883599 400.368846 1215606.934319
v 2578062.830439 400.327286 1215606.973516
v 2578062.799342 400.265088 1215607.008928
v 2578062.795044 400.191720 1215607.035164
v 2578062.818197 400.118352 1215607.048229
v 2578062.865278 400.056153 1215607.046134
v 2578062.929119 400.014594 1215607.029198
v 2578063.000000 400.000000 1215607.000000
v 2578063.067131 400.014594 1215606.962984
v 2578063.120291 400.056153 1215606.923787
v 2578063.151387 400.118352 1215606.888375
v 2578145.975365 457.191720 1215779.948652
v 2578062.975365 400.191720 1215606.948652
f 895 896 911
f 895 912 911
f 896 897 912
f 896 913 912
f 897 898 913
f 897 914 913
f 898 899 914
f 898 915 914
f 899 900 915
f 899 916 915
f 900 901 916
f 900 917 916
f 901 902 917
f 901 918 917
f 902 903 918
f 902 919 918
f 903 904 919
f 903 920 919
f 904 905 920
f 904 921 920
f 905 906 921
f 905 922 921
f 906 907 922
f 906 923 922
f 907 908 923
f 907 924 923
f 908 909 924
f 908 925 924
f 909 910 925
f 909 926 925
f 910 895 926
f 910 911 926
f 927 896 895
f 928 911 912
f 927 897 896
f 928 912 913
f 927 898 897
f 928 913 914
f 927 899 898
f 928 914 915
f 927 900 899
f 928 915 916
f 927 901 900
f 928 916 917
f 927 902 901
f 928 917 918
f 927 903 902
f 928 918 919
f 927 904 903
f 928 919 920
f 927 905 904
f 928 920 921
f 927 906 905
f 928 921 922
f 927 907 906
f 928 922 923
f 927 908 907
f 928 923 924
f 927 909 908
f 928 924 925
f 927 910 909
f 928 925 926
f 927 895 910
f 928 926 911

o 71
usemtl conduit_71
# 71: 13 -> 53; shape=RECT_CLOSED; geom1=3; geom2=0.08; geom3=0; distance_length_ratio=0.853669
v 2578215.832050 438.000000 1215858.751925
v 2578214.167950 438.000000 1215861.248075
v 2578214.111418 438.042236 1215861.210388
v 2578215.775519 438.042236 1215858.714237
v 2578230.832050 467.000000 1215868.751925
v 2578229.167950 467.000000 1215871.248075
v 2578229.111418 467.042236 1215871.210388
v 2578230.775519 467.042236 1215868.714237
v 2578214.971734 438.021118 1215859.981156
v 2578229.971734 467.021118 1215869.981156
f 929 930 933
f 929 934 933
f 930 931 934
f 930 935 934
f 931 932 935
f 931 936 935
f 932 929 936
f 932 933 936
f 937 930 929
f 938 933 934
f 937 931 930
f 938 934 935
f 937 932 931
f 938 935 936
f 937 929 932
f 938 936 933

o 72
usemtl conduit_72
# 72: 53 -> 54; shape=RECT_CLOSED; geom1=5; geom2=0.06; geom3=0; distance_length_ratio=0.806226
v 2578231.362471 467.000000 1215867.903891
v 2578228.637529 467.000000 1215872.096109
v 2578228.645849 467.059174 1215872.101517
v 2578231.370791 467.059174 1215867.909299
v 2578251.362471 463.000000 1215880.903891
v 2578248.637529 463.000000 1215885.096109
v 2578248.645849 463.059174 1215885.101517
v 2578251.370791 463.059174 1215880.909299
v 2578230.004160 467.029587 1215870.002704
v 2578250.004160 463.029587 1215883.002704
f 939 940 943
f 939 944 943
f 940 941 944
f 940 945 944
f 941 942 945
f 941 946 945
f 942 939 946
f 942 943 946
f 947 940 939
f 948 943 944
f 947 941 940
f 948 944 945
f 947 942 941
f 948 945 946
f 947 939 942
f 948 946 943

o Sauser_L
usemtl conduit_Sauser_L
# Sauser_L: 56 -> Sauserquelle; shape=CIRCULAR; geom1=1; geom2=0; geom3=0; distance_length_ratio=0.999561
v 2578249.533113 430.464484 1215842.993255
v 2578249.523015 430.642234 1215843.073025
v 2578249.443408 430.792923 1215843.167975
v 2578249.306411 430.893610 1215843.263652
v 2578249.132881 430.928967 1215843.345490
v 2578248.949235 430.893610 1215843.401028
v 2578248.783433 430.792923 1215843.421812
v 2578248.660716 430.642234 1215843.404678
v 2578248.599767 430.464484 1215843.352234
v 2578248.609865 430.286733 1215843.272465
v 2578248.689472 430.136044 1215843.177514
v 2578248.826470 430.035357 1215843.081837
v 2578249.000000 430.000000 1215843.000000
v 2578249.183645 430.035357 1215842.944462
v 2578249.349447 430.136044 1215842.923678
v 2578249.472164 430.286733 1215842.940811
v 2578244.533113 436.014484 1215829.993255
v 2578244.523015 436.192234 1215830.073025
v 2578244.443408 436.342923 1215830.167975
v 2578244.306411 436.443610 1215830.263652
v 2578244.132881 436.478967 1215830.345490
v 2578243.949235 436.443610 1215830.401028
v 2578243.783433 436.342923 1215830.421812
v 2578243.660716 436.192234 1215830.404678
v 2578243.599767 436.014484 1215830.352234
v 2578243.609865 435.836733 1215830.272465
v 2578243.689472 435.686044 1215830.177514
v 2578243.826470 435.585357 1215830.081837
v 2578244.000000 435.550000 1215830.000000
v 2578244.183645 435.585357 1215829.944462
v 2578244.349447 435.686044 1215829.923678
v 2578244.472164 435.836733 1215829.940811
v 2578249.066440 430.464484 1215843.172745
v 2578244.066440 436.014484 1215830.172745
f 949 950 965
f 949 966 965
f 950 951 966
f 950 967 966
f 951 952 967
f 951 968 967
f 952 953 968
f 952 969 968
f 953 954 969
f 953 970 969
f 954 955 970
f 954 971 970
f 955 956 971
f 955 972 971
f 956 957 972
f 956 973 972
f 957 958 973
f 957 974 973
f 958 959 974
f 958 975 974
f 959 960 975
f 959 976 975
f 960 961 976
f 960 977 976
f 961 962 977
f 961 978 977
f 962 963 978
f 962 979 978
f 963 964 979
f 963 980 979
f 964 949 980
f 964 965 980
f 981 950 949
f 982 965 966
f 981 951 950
f 982 966 967
f 981 952 951
f 982 967 968
f 981 953 952
f 982 968 969
f 981 954 953
f 982 969 970
f 981 955 954
f 982 970 971
f 981 956 955
f 982 971 972
f 981 957 956
f 982 972 973
f 981 958 957
f 982 973 974
f 981 959 958
f 982 974 975
f 981 960 959
f 982 975 976
f 981 961 960
f 982 976 977
f 981 962 961
f 982 977 978
f 981 963 962
f 982 978 979
f 981 964 963
f 982 979 980
f 981 949 964
f 982 980 965

o 75
usemtl conduit_75
# 75: 54 -> SS4; shape=CIRCULAR; geom1=0.25; geom2=0; geom3=0; distance_length_ratio=0.570636
v 2578249.946029 463.094219 1215883.139499
v 2578249.972044 463.130275 1215883.159549
v 2578250.009583 463.160841 1215883.165485
v 2578250.052932 463.181265 1215883.156404
v 2578250.095492 463.188437 1215883.133689
v 2578250.130783 463.181265 1215883.100797
v 2578250.153432 463.160841 1215883.062736
v 2578250.159991 463.130275 1215883.025300
v 2578250.149463 463.094219 1215882.994190
v 2578250.123448 463.058163 1215882.974140
v 2578250.085909 463.027596 1215882.968204
v 2578250.042560 463.007172 1215882.977284
v 2578250.000000 463.000000 1215883.000000
v 2578249.964709 463.007172 1215883.032892
v 2578249.942060 463.027596 1215883.070953
v 2578249.935500 463.058163 1215883.108388
v 2578259.946029 448.094219 1215897.139499
v 2578259.972044 448.130275 1215897.159549
v 2578260.009583 448.160841 1215897.165485
v 2578260.052932 448.181265 1215897.156404
v 2578260.095492 448.188437 1215897.133689
v 2578260.130783 448.181265 1215897.100797
v 2578260.153432 448.160841 1215897.062736
v 2578260.159991 448.130275 1215897.025300
v 2578260.149463 448.094219 1215896.994190
v 2578260.123448 448.058163 1215896.974140
v 2578260.085909 448.027596 1215896.968204
v 2578260.042560 448.007172 1215896.977284
v 2578260.000000 448.000000 1215897.000000
v 2578259.964709 448.007172 1215897.032892
v 2578259.942060 448.027596 1215897.070953
v 2578259.935500 448.058163 1215897.108388
v 2578250.047746 463.094219 1215883.066844
v 2578260.047746 448.094219 1215897.066844
f 983 984 999
f 983 1000 999
f 984 985 1000
f 984 1001 1000
f 985 986 1001
f 985 1002 1001
f 986 987 1002
f 986 1003 1002
f 987 988 1003
f 987 1004 1003
f 988 989 1004
f 988 1005 1004
f 989 990 1005
f 989 1006 1005
f 990 991 1006
f 990 1007 1006
f 991 992 1007
f 991 1008 1007
f 992 993 1008
f 992 1009 1008
f 993 994 1009
f 993 1010 1009
f 994 995 1010
f 994 1011 1010
f 995 996 1011
f 995 1012 1011
f 996 997 1012
f 996 1013 1012
f 997 998 1013
f 997 1014 1013
f 998 983 1014
f 998 999 1014
f 1015 984 983
f 1016 999 1000
f 1015 985 984
f 1016 1000 1001
f 1015 986 985
f 1016 1001 1002
f 1015 987 986
f 1016 1002 1003
f 1015 988 987
f 1016 1003 1004
f 1015 989 988
f 1016 1004 1005
f 1015 990 989
f 1016 1005 1006
f 1015 991 990
f 1016 1006 1007
f 1015 992 991
f 1016 1007 1008
f 1015 993 992
f 1016 1008 1009
f 1015 994 993
f 1016 1009 1010
f 1015 995 994
f 1016 1010 1011
f 1015 996 995
f 1016 1011 1012
f 1015 997 996
f 1016 1012 1013
f 1015 998 997
f 1016 1013 1014
f 1015 983 998
f 1016 1014 999

o Entw_Sto_L
usemtl conduit_Entw_Sto_L
# Entw_Sto_L: 2 -> Entw_Stollen; shape=CIRCULAR; geom1=0.18; geom2=0; geom3=0; distance_length_ratio=0.992807
v 2578030.089734 438.089985 1215714.007108
v 2578030.082976 438.124421 1215714.005819
v 2578030.063610 438.153614 1215714.003396
v 2578030.034585 438.173120 1215714.000207
v 2578030.000318 438.179970 1215713.996739
v 2578029.966027 438.173120 1215713.993519
v 2578029.936933 438.153614 1215713.991037
v 2578029.917464 438.124421 1215713.989672
v 2578029.910584 438.089985 1215713.989630
v 2578029.917342 438.055549 1215713.990920
v 2578029.936708 438.026356 1215713.993343
v 2578029.965733 438.006850 1215713.996532
v 2578030.000000 438.000000 1215714.000000
v 2578030.034291 438.006850 1215714.003220
v 2578030.063385 438.026356 1215714.005702
v 2578030.082854 438.055549 1215714.007067
v 2578038.089734 436.589985 1215632.007108
v 2578038.082976 436.624421 1215632.005819
v 2578038.063610 436.653614 1215632.003396
v 2578038.034585 436.673120 1215632.000207
v 2578038.000318 436.679970 1215631.996739
v 2578037.966027 436.673120 1215631.993519
v 2578037.936933 436.653614 1215631.991037
v 2578037.917464 436.624421 1215631.989672
v 2578037.910584 436.589985 1215631.989630
v 2578037.917342 436.555549 1215631.990920
v 2578037.936708 436.526356 1215631.993343
v 2578037.965733 436.506850 1215631.996532
v 2578038.000000 436.500000 1215632.000000
v 2578038.034291 436.506850 1215632.003220
v 2578038.063385 436.526356 1215632.005702
v 2578038.082854 436.555549 1215632.007067
v 2578030.000159 438.089985 1215713.998369
v 2578038.000159 436.589985 1215631.998369
f 1017 1018 1033
f 1017 1034 1033
f 1018 1019 1034
f 1018 1035 1034
f 1019 1020 1035
f 1019 1036 1035
f 1020 1021 1036
f 1020 1037 1036
f 1021 1022 1037
f 1021 1038 1037
f 1022 1023 1038
f 1022 1039 1038
f 1023 1024 1039
f 1023 1040 1039
f 1024 1025 1040
f 1024 1041 1040
f 1025 1026 1041
f 1025 1042 1041
f 1026 1027 1042
f 1026 1043 1042
f 1027 1028 1043
f 1027 1044 1043
f 1028 1029 1044
f 1028 1045 1044
f 1029 1030 1045
f 1029 1046 1045
f 1030 1031 1046
f 1030 1047 1046
f 1031 1032 1047
f 1031 1048 1047
f 1032 1017 1048
f 1032 1033 1048
f 1049 1018 1017
f 1050 1033 1034
f 1049 1019 1018
f 1050 1034 1035
f 1049 1020 1019
f 1050 1035 1036
f 1049 1021 1020
f 1050 1036 1037
f 1049 1022 1021
f 1050 1037 1038
f 1049 1023 1022
f 1050 1038 1039
f 1049 1024 1023
f 1050 1039 1040
f 1049 1025 1024
f 1050 1040 1041
f 1049 1026 1025
f 1050 1041 1042
f 1049 1027 1026
f 1050 1042 1043
f 1049 1028 1027
f 1050 1043 1044
f 1049 1029 1028
f 1050 1044 1045
f 1049 1030 1029
f 1050 1045 1046
f 1049 1031 1030
f 1050 1046 1047
f 1049 1032 1031
f 1050 1047 1048
f 1049 1017 1032
f 1050 1048 1033

o 4
usemtl conduit_4
# 4: 54 -> 2; shape=CIRCULAR; geom1=0.19; geom2=0; geom3=0; distance_length_ratio=1.00195
v 2578250.051111 463.094617 1215882.919468
v 2578250.044118 463.130825 1215882.923215
v 2578250.029379 463.161521 1215882.937861
v 2578250.009138 463.182031 1215882.961176
v 2578249.986476 463.189233 1215882.989611
v 2578249.964844 463.182031 1215883.018837
v 2578249.947535 463.161521 1215883.044404
v 2578249.937183 463.130825 1215883.062421
v 2578249.935365 463.094617 1215883.070143
v 2578249.942358 463.058408 1215883.066396
v 2578249.957097 463.027713 1215883.051750
v 2578249.977338 463.007202 1215883.028435
v 2578250.000000 463.000000 1215883.000000
v 2578250.021632 463.007202 1215882.970774
v 2578250.038942 463.027713 1215882.945207
v 2578250.049293 463.058408 1215882.927191
v 2578030.051111 438.094617 1215713.919468
v 2578030.044118 438.130825 1215713.923215
v 2578030.029379 438.161521 1215713.937861
v 2578030.009138 438.182031 1215713.961176
v 2578029.986476 438.189233 1215713.989611
v 2578029.964844 438.182031 1215714.018837
v 2578029.947535 438.161521 1215714.044404
v 2578029.937183 438.130825 1215714.062421
v 2578029.935365 438.094617 1215714.070143
v 2578029.942358 438.058408 1215714.066396
v 2578029.957097 438.027713 1215714.051750
v 2578029.977338 438.007202 1215714.028435
v 2578030.000000 438.000000 1215714.000000
v 2578030.021632 438.007202 1215713.970774
v 2578030.038942 438.027713 1215713.945207
v 2578030.049293 438.058408 1215713.927191
v 2578249.993238 463.094617 1215882.994806
v 2578029.993238 438.094617 1215713.994806
f 1051 1052 1067
f 1051 1068 1067
f 1052 1053 1068
f 1052 1069 1068
f 1053 1054 1069
f 1053 1070 1069
f 1054 1055 1070
f 1054 1071 1070
f 1055 1056 1071
f 1055 1072 1071
f 1056 1057 1072
f 1056 1073 1072
f 1057 1058 1073
f 1057 1074 1073
f 1058 1059 1074
f 1058 1075 1074
f 1059 1060 1075
f 1059 1076 1075
f 1060 1061 1076
f 1060 1077 1076
f 1061 1062 1077
f 1061 1078 1077
f 1062 1063 1078
f 1062 1079 1078
f 1063 1064 1079
f 1063 1080 1079
f 1064 1065 1080
f 1064 1081 1080
f 1065 1066 1081
f 1065 1082 1081
f 1066 1051 1082
f 1066 1067 1082
f 1083 1052 1051
f 1084 1067 1068
f 1083 1053 1052
f 1084 1068 1069
f 1083 1054 1053
f 1084 1069 1070
f 1083 1055 1054
f 1084 1070 1071
f 1083 1056 1055
f 1084 1071 1072
f 1083 1057 1056
f 1084 1072 1073
f 1083 1058 1057
f 1084 1073 1074
f 1083 1059 1058
f 1084 1074 1075
f 1083 1060 1059
f 1084 1075 1076
f 1083 1061 1060
f 1084 1076 1077
f 1083 1062 1061
f 1084 1077 1078
f 1083 1063 1062
f 1084 1078 1079
f 1083 1064 1063
f 1084 1079 1080
f 1083 1065 1064
f 1084 1080 1081
f 1083 1066 1065
f 1084 1081 1082
f 1083 1051 1066
f 1084 1082 1067

o 5
usemtl conduit_5
# 5: 11 -> 2; shape=CIRCULAR; geom1=0.18; geom2=0; geom3=0; distance_length_ratio=1.32538
v 2578162.075261 410.089103 1215859.949044
v 2578162.073432 410.123201 1215859.957237
v 2578162.061718 410.152108 1215859.973371
v 2578162.041903 410.171423 1215859.994991
v 2578162.017002 410.178206 1215860.018805
v 2578161.990807 410.171423 1215860.041187
v 2578161.967306 410.152108 1215860.058731
v 2578161.950076 410.123201 1215860.068764
v 2578161.941741 410.089103 1215860.069761
v 2578161.943570 410.055005 1215860.061568
v 2578161.955283 410.026098 1215860.045434
v 2578161.975099 410.006783 1215860.023814
v 2578162.000000 410.000000 1215860.000000
v 2578162.026195 410.006783 1215859.977618
v 2578162.049696 410.026098 1215859.960074
v 2578162.066926 410.055005 1215859.950041
v 2578030.075261 438.089103 1215713.949044
v 2578030.073432 438.123201 1215713.957237
v 2578030.061718 438.152108 1215713.973371
v 2578030.041903 438.171423 1215713.994991
v 2578030.017002 438.178206 1215714.018805
v 2578029.990807 438.171423 1215714.041187
v 2578029.967306 438.152108 1215714.058731
v 2578029.950076 438.123201 1215714.068764
v 2578029.941741 438.089103 1215714.069761
v 2578029.943570 438.055005 1215714.061568
v 2578029.955283 438.026098 1215714.045434
v 2578029.975099 438.006783 1215714.023814
v 2578030.000000 438.000000 1215714.000000
v 2578030.026195 438.006783 1215713.977618
v 2578030.049696 438.026098 1215713.960074
v 2578030.066926 438.055005 1215713.950041
v 2578162.008501 410.089103 1215860.009402
v 2578030.008501 438.089103 1215714.009402
f 1085 1086 1101
f 1085 1102 1101
f 1086 1087 1102
f 1086 1103 1102
f 1087 1088 1103
f 1087 1104 1103
f 1088 1089 1104
f 1088 1105 1104
f 1089 1090 1105
f 1089 1106 1105
f 1090 1091 1106
f 1090 1107 1106
f 1091 1092 1107
f 1091 1108 1107
f 1092 1093 1108
f 1092 1109 1108
f 1093 1094 1109
f 1093 1110 1109
f 1094 1095 1110
f 1094 1111 1110
f 1095 1096 1111
f 1095 1112 1111
f 1096 1097 1112
f 1096 1113 1112
f 1097 1098 1113
f 1097 1114 1113
f 1098 1099 1114
f 1098 1115 1114
f 1099 1100 1115
f 1099 1116 1115
f 1100 1085 1116
f 1100 1101 1116
f 1117 1086 1085
f 1118 1101 1102
f 1117 1087 1086
f 1118 1102 1103
f 1117 1088 1087
f 1118 1103 1104
f 1117 1089 1088
f 1118 1104 1105
f 1117 1090 1089
f 1118 1105 1106
f 1117 1091 1090
f 1118 1106 1107
f 1117 1092 1091
f 1118 1107 1108
f 1117 1093 1092
f 1118 1108 1109
f 1117 1094 1093
f 1118 1109 1110
f 1117 1095 1094
f 1118 1110 1111
f 1117 1096 1095
f 1118 1111 1112
f 1117 1097 1096
f 1118 1112 1113
f 1117 1098 1097
f 1118 1113 1114
f 1117 1099 1098
f 1118 1114 1115
f 1117 1100 1099
f 1118 1115 1116
f 1117 1085 1100
f 1118 1116 1101

o 6
usemtl conduit_6
# 6: 21 -> Sous_lacustre; shape=CIRCULAR; geom1=0.2; geom2=0; geom3=0; distance_length_ratio=1.00741
v 2578063.085574 400.085563 1215607.073186
v 2578063.073648 400.118306 1215607.090738
v 2578063.048715 400.146065 1215607.102148
v 2578063.014569 400.164612 1215607.105679
v 2578062.976410 400.171125 1215607.100795
v 2578062.940046 400.164612 1215607.088238
v 2578062.911014 400.146065 1215607.069920
v 2578062.893734 400.118306 1215607.048630
v 2578062.890836 400.085563 1215607.027609
v 2578062.902762 400.052819 1215607.010057
v 2578062.927695 400.025061 1215606.998647
v 2578062.961841 400.006513 1215606.995116
v 2578063.000000 400.000000 1215607.000000
v 2578063.036364 400.006513 1215607.012557
v 2578063.065395 400.025061 1215607.030875
v 2578063.082676 400.052819 1215607.052165
v 2578074.085574 429.285563 1215560.073186
v 2578074.073648 429.318306 1215560.090738
v 2578074.048715 429.346065 1215560.102148
v 2578074.014569 429.364612 1215560.105679
v 2578073.976410 429.371125 1215560.100795
v 2578073.940046 429.364612 1215560.088238
v 2578073.911014 429.346065 1215560.069920
v 2578073.893734 429.318306 1215560.048630
v 2578073.890836 429.285563 1215560.027609
v 2578073.902762 429.252819 1215560.010057
v 2578073.927695 429.225061 1215559.998647
v 2578073.961841 429.206513 1215559.995116
v 2578074.000000 429.200000 1215560.000000
v 2578074.036364 429.206513 1215560.012557
v 2578074.065395 429.225061 1215560.030875
v 2578074.082676 429.252819 1215560.052165
v 2578062.988205 400.085563 1215607.050397
v 2578073.988205 429.285563 1215560.050397
f 1119 1120 1135
f 1119 1136 1135
f 1120 1121 1136
f 1120 1137 1136
f 1121 1122 1137
f 1121 1138 1137
f 1122 1123 1138
f 1122 1139 1138
f 1123 1124 1139
f 1123 1140 1139
f 1124 1125 1140
f 1124 1141 1140
f 1125 1126 1141
f 1125 1142 1141
f 1126 1127 1142
f 1126 1143 1142
f 1127 1128 1143
f 1127 1144 1143
f 1128 1129 1144
f 1128 1145 1144
f 1129 1130 1145
f 1129 1146 1145
f 1130 1131 1146
f 1130 1147 1146
f 1131 1132 1147
f 1131 1148 1147
f 1132 1133 1148
f 1132 1149 1148
f 1133 1134 1149
f 1133 1150 1149
f 1134 1119 1150
f 1134 1135 1150
f 1151 1120 1119
f 1152 1135 1136
f 1151 1121 1120
f 1152 1136 1137
f 1151 1122 1121
f 1152 1137 1138
f 1151 1123 1122
f 1152 1138 1139
f 1151 1124 1123
f 1152 1139 1140
f 1151 1125 1124
f 1152 1140 1141
f 1151 1126 1125
f 1152 1141 1142
f 1151 1127 1126
f 1152 1142 1143
f 1151 1128 1127
f 1152 1143 1144
f 1151 1129 1128
f 1152 1144 1145
f 1151 1130 1129
f 1152 1145 1146
f 1151 1131 1130
f 1152 1146 1147
f 1151 1132 1131
f 1152 1147 1148
f 1151 1133 1132
f 1152 1148 1149
f 1151 1134 1133
f 1152 1149 1150
f 1151 1119 1134
f 1152 1150 1135

o 7
usemtl conduit_7
# 7: 34 -> 4; shape=CIRCULAR; geom1=0.5; geom2=0; geom3=0; distance_length_ratio=0.696419
v 2578051.072753 420.204650 1215606.721028
v 2578051.130774 420.282966 1215606.724929
v 2578051.189976 420.349359 1215606.764955
v 2578051.241346 420.393721 1215606.835013
v 2578051.277064 420.409299 1215606.924437
v 2578051.291692 420.393721 1215607.019613
v 2578051.283002 420.349359 1215607.106051
v 2578051.252318 420.282966 1215607.170592
v 2578051.204311 420.204650 1215607.203409
v 2578051.146290 420.126334 1215607.199508
v 2578051.087088 420.059940 1215607.159482
v 2578051.035718 420.015578 1215607.089424
v 2578051.000000 420.000000 1215607.000000
v 2578050.985372 420.015578 1215606.904824
v 2578050.994062 420.059940 1215606.818386
v 2578051.024746 420.126334 1215606.753845
v 2578040.072753 428.204650 1215609.721028
v 2578040.130774 428.282966 1215609.724929
v 2578040.189976 428.349359 1215609.764955
v 2578040.241346 428.393721 1215609.835013
v 2578040.277064 428.409299 1215609.924437
v 2578040.291692 428.393721 1215610.019613
v 2578040.283002 428.349359 1215610.106051
v 2578040.252318 428.282966 1215610.170592
v 2578040.204311 428.204650 1215610.203409
v 2578040.146290 428.126334 1215610.199508
v 2578040.087088 428.059940 1215610.159482
v 2578040.035718 428.015578 1215610.089424
v 2578040.000000 428.000000 1215610.000000
v 2578039.985372 428.015578 1215609.904824
v 2578039.994062 428.059940 1215609.818386
v 2578040.024746 428.126334 1215609.753845
v 2578051.138532 420.204650 1215606.962219
v 2578040.138532 428.204650 1215609.962219
f 1153 1154 1169
f 1153 1170 1169
f 1154 1155 1170
f 1154 1171 1170
f 1155 1156 1171
f 1155 1172 1171
f 1156 1157 1172
f 1156 1173 1172
f 1157 1158 1173
f 1157 1174 1173
f 1158 1159 1174
f 1158 1175 1174
f 1159 1160 1175
f 1159 1176 1175
f 1160 1161 1176
f 1160 1177 1176
f 1161 1162 1177
f 1161 1178 1177
f 1162 1163 1178
f 1162 1179 1178
f 1163 1164 1179
f 1163 1180 1179
f 1164 1165 1180
f 1164 1181 1180
f 1165 1166 1181
f 1165 1182 1181
f 1166 1167 1182
f 1166 1183 1182
f 1167 1168 1183
f 1167 1184 1183
f 1168 1153 1184
f 1168 1169 1184
f 1185 1154 1153
f 1186 1169 1170
f 1185 1155 1154
f 1186 1170 1171
f 1185 1156 1155
f 1186 1171 1172
f 1185 1157 1156
f 1186 1172 1173
f 1185 1158 1157
f 1186 1173 1174
f 1185 1159 1158
f 1186 1174 1175
f 1185 1160 1159
f 1186 1175 1176
f 1185 1161 1160
f 1186 1176 1177
f 1185 1162 1161
f 1186 1177 1178
f 1185 1163 1162
f 1186 1178 1179
f 1185 1164 1163
f 1186 1179 1180
f 1185 1165 1164
f 1186 1180 1181
f 1185 1166 1165
f 1186 1181 1182
f 1185 1167 1166
f 1186 1182 1183
f 1185 1168 1167
f 1186 1183 1184
f 1185 1153 1168
f 1186 1184 1169

o Brunn_Teich_L
usemtl conduit_Brunn_Teich_L
# Brunn_Teich_L: 4 -> Brunnmuehle(Teich); shape=CIRCULAR; geom1=0.65; geom2=0; geom3=0; distance_length_ratio=1.00437
v 2578040.348498 428.297348 1215609.962809
v 2578040.350294 428.411139 1215610.018746
v 2578040.308158 428.507605 1215610.089451
v 2578040.228507 428.572062 1215610.164161
v 2578040.123466 428.594697 1215610.231500
v 2578040.009027 428.572062 1215610.281217
v 2578039.902612 428.507605 1215610.305743
v 2578039.820421 428.411139 1215610.301345
v 2578039.774969 428.297348 1215610.268691
v 2578039.773173 428.183558 1215610.212753
v 2578039.815308 428.087091 1215610.142048
v 2578039.894959 428.022634 1215610.067339
v 2578040.000000 428.000000 1215610.000000
v 2578040.114439 428.022634 1215609.950283
v 2578040.220855 428.087091 1215609.925757
v 2578040.303045 428.183558 1215609.930155
v 2578032.348498 435.797348 1215594.962809
v 2578032.350294 435.911139 1215595.018746
v 2578032.308158 436.007605 1215595.089451
v 2578032.228507 436.072062 1215595.164161
v 2578032.123466 436.094697 1215595.231500
v 2578032.009027 436.072062 1215595.281217
v 2578031.902612 436.007605 1215595.305743
v 2578031.820421 435.911139 1215595.301345
v 2578031.774969 435.797348 1215595.268691
v 2578031.773173 435.683558 1215595.212753
v 2578031.815308 435.587091 1215595.142048
v 2578031.894959 435.522634 1215595.067339
v 2578032.000000 435.500000 1215595.000000
v 2578032.114439 435.522634 1215594.950283
v 2578032.220855 435.587091 1215594.925757
v 2578032.303045 435.683558 1215594.930155
v 2578040.061733 428.297348 1215610.115750
v 2578032.061733 435.797348 1215595.115750
f 1187 1188 1203
f 1187 1204 1203
f 1188 1189 1204
f 1188 1205 1204
f 1189 1190 1205
f 1189 1206 1205
f 1190 1191 1206
f 1190 1207 1206
f 1191 1192 1207
f 1191 1208 1207
f 1192 1193 1208
f 1192 1209 1208
f 1193 1194 1209
f 1193 1210 1209
f 1194 1195 1210
f 1194 1211 1210
f 1195 1196 1211
f 1195 1212 1211
f 1196 1197 1212
f 1196 1213 1212
f 1197 1198 1213
f 1197 1214 1213
f 1198 1199 1214
f 1198 1215 1214
f 1199 1200 1215
f 1199 1216 1215
f 1200 1201 1216
f 1200 1217 1216
f 1201 1202 1217
f 1201 1218 1217
f 1202 1187 1218
f 1202 1203 1218
f 1219 1188 1187
f 1220 1203 1204
f 1219 1189 1188
f 1220 1204 1205
f 1219 1190 1189
f 1220 1205 1206
f 1219 1191 1190
f 1220 1206 1207
f 1219 1192 1191
f 1220 1207 1208
f 1219 1193 1192
f 1220 1208 1209
f 1219 1194 1193
f 1220 1209 1210
f 1219 1195 1194
f 1220 1210 1211
f 1219 1196 1195
f 1220 1211 1212
f 1219 1197 1196
f 1220 1212 1213
f 1219 1198 1197
f 1220 1213 1214
f 1219 1199 1198
f 1220 1214 1215
f 1219 1200 1199
f 1220 1215 1216
f 1219 1201 1200
f 1220 1216 1217
f 1219 1202 1201
f 1220 1217 1218
f 1219 1187 1202
f 1220 1218 1203

o 9
usemtl conduit_9
# 9: 4 -> Sous_ecoul.; shape=CIRCULAR; geom1=0.1; geom2=0; geom3=0; distance_length_ratio=5.19615
v 2578040.026169 428.049065 1215610.043678
v 2578040.020887 428.067842 1215610.043297
v 2578040.011333 428.083760 1215610.037301
v 2578039.998962 428.094396 1215610.026604
v 2578039.985658 428.098131 1215610.012832
v 2578039.973445 428.094396 1215609.998084
v 2578039.964183 428.083760 1215609.984605
v 2578039.959283 428.067842 1215609.974446
v 2578039.959489 428.049065 1215609.969154
v 2578039.964771 428.030289 1215609.969535
v 2578039.974325 428.014371 1215609.975531
v 2578039.986696 428.003735 1215609.986229
v 2578040.000000 428.000000 1215610.000000
v 2578040.012213 428.003735 1215610.014748
v 2578040.021474 428.014371 1215610.028228
v 2578040.026375 428.030289 1215610.038387
v 2578059.026169 433.049065 1215593.043678
v 2578059.020887 433.067842 1215593.043297
v 2578059.011333 433.083760 1215593.037301
v 2578058.998962 433.094396 1215593.026604
v 2578058.985658 433.098131 1215593.012832
v 2578058.973445 433.094396 1215592.998084
v 2578058.964183 433.083760 1215592.984605
v 2578058.959283 433.067842 1215592.974446
v 2578058.959489 433.049065 1215592.969154
v 2578058.964771 433.030289 1215592.969535
v 2578058.974325 433.014371 1215592.975531
v 2578058.986696 433.003735 1215592.986229
v 2578059.000000 433.000000 1215593.000000
v 2578059.012213 433.003735 1215593.014748
v 2578059.021474 433.014371 1215593.028228
v 2578059.026375 433.030289 1215593.038387
v 2578039.992829 428.049065 1215610.006416
v 2578058.992829 433.049065 1215593.006416
f 1221 1222 1237
f 1221 1238 1237
f 1222 1223 1238
f 1222 1239 1238
f 1223 1224 1239
f 1223 1240 1239
f 1224 1225 1240
f 1224 1241 1240
f 1225 1226 1241
f 1225 1242 1241
f 1226 1227 1242
f 1226 1243 1242
f 1227 1228 1243
f 1227 1244 1243
f 1228 1229 1244
f 1228 1245 1244
f 1229 1230 1245
f 1229 1246 1245
f 1230 1231 1246
f 1230 1247 1246
f 1231 1232 1247
f 1231 1248 1247
f 1232 1233 1248
f 1232 1249 1248
f 1233 1234 1249
f 1233 1250 1249
f 1234 1235 1250
f 1234 1251 1250
f 1235 1236 1251
f 1235 1252 1251
f 1236 1221 1252
f 1236 1237 1252
f 1253 1222 1221
f 1254 1237 1238
f 1253 1223 1222
f 1254 1238 1239
f 1253 1224 1223
f 1254 1239 1240
f 1253 1225 1224
f 1254 1240 1241
f 1253 1226 1225
f 1254 1241 1242
f 1253 1227 1226
f 1254 1242 1243
f 1253 1228 1227
f 1254 1243 1244
f 1253 1229 1228
f 1254 1244 1245
f 1253 1230 1229
f 1254 1245 1246
f 1253 1231 1230
f 1254 1246 1247
f 1253 1232 1231
f 1254 1247 1248
f 1253 1233 1232
f 1254 1248 1249
f 1253 1234 1233
f 1254 1249 1250
f 1253 1235 1234
f 1254 1250 1251
f 1253 1236 1235
f 1254 1251 1252
f 1253 1221 1236
f 1254 1252 1237

o 12
usemtl conduit_12
# 12: 47 -> 5; shape=CIRCULAR; geom1=1.9; geom2=0; geom3=0; distance_length_ratio=1.0104
v 2578187.159328 465.342459 1215916.950000
v 2578186.837616 465.511781 1215916.877686
v 2578186.564883 465.655325 1215916.671751
v 2578186.382648 465.751238 1215916.363549
v 2578186.318655 465.784918 1215916.000000
v 2578186.382648 465.751238 1215915.636451
v 2578186.564883 465.655325 1215915.328249
v 2578186.837616 465.511781 1215915.122314
v 2578187.159328 465.342459 1215915.050000
v 2578187.481039 465.173137 1215915.122314
v 2578187.753773 465.029593 1215915.328249
v 2578187.936008 464.933680 1215915.636451
v 2578188.000000 464.900000 1215916.000000
v 2578187.936008 464.933680 1215916.363549
v 2578187.753773 465.029593 1215916.671751
v 2578187.481039 465.173137 1215916.877686
v 2578191.159328 472.942459 1215916.950000
v 2578190.837616 473.111781 1215916.877686
v 2578190.564883 473.255325 1215916.671751
v 2578190.382648 473.351238 1215916.363549
v 2578190.318655 473.384918 1215916.000000
v 2578190.382648 473.351238 1215915.636451
v 2578190.564883 473.255325 1215915.328249
v 2578190.837616 473.111781 1215915.122314
v 2578191.159328 472.942459 1215915.050000
v 2578191.481039 472.773137 1215915.122314
v 2578191.753773 472.629593 1215915.328249
v 2578191.936008 472.533680 1215915.636451
v 2578192.000000 472.500000 1215916.000000
v 2578191.936008 472.533680 1215916.363549
v 2578191.753773 472.629593 1215916.671751
v 2578191.481039 472.773137 1215916.877686
v 2578187.159328 465.342459 1215916.000000
v 2578191.159328 472.942459 1215916.000000
f 1255 1256 1271
f 1255 1272 1271
f 1256 1257 1272
f 1256 1273 1272
f 1257 1258 1273
f 1257 1274 1273
f 1258 1259 1274
f 1258 1275 1274
f 1259 1260 1275
f 1259 1276 1275
f 1260 1261 1276
f 1260 1277 1276
f 1261 1262 1277
f 1261 1278 1277
f 1262 1263 1278
f 1262 1279 1278
f 1263 1264 1279
f 1263 1280 1279
f 1264 1265 1280
f 1264 1281 1280
f 1265 1266 1281
f 1265 1282 1281
f 1266 1267 1282
f 1266 1283 1282
f 1267 1268 1283
f 1267 1284 1283
f 1268 1269 1284
f 1268 1285 1284
f 1269 1270 1285
f 1269 1286 1285
f 1270 1255 1286
f 1270 1271 1286
f 1287 1256 1255
f 1288 1271 1272
f 1287 1257 1256
f 1288 1272 1273
f 1287 1258 1257
f 1288 1273 1274
f 1287 1259 1258
f 1288 1274 1275
f 1287 1260 1259
f 1288 1275 1276
f 1287 1261 1260
f 1288 1276 1277
f 1287 1262 1261
f 1288 1277 1278
f 1287 1263 1262
f 1288 1278 1279
f 1287 1264 1263
f 1288 1279 1280
f 1287 1265 1264
f 1288 1280 1281
f 1287 1266 1265
f 1288 1281 1282
f 1287 1267 1266
f 1288 1282 1283
f 1287 1268 1267
f 1288 1283 1284
f 1287 1269 1268
f 1288 1284 1285
f 1287 1270 1269
f 1288 1285 1286
f 1287 1255 1270
f 1288 1286 1271

o 15
usemtl conduit_15
# 15: Holiloch_sonde -> 6; shape=CIRCULAR; geom1=1.9; geom2=0; geom3=0; distance_length_ratio=1.02704
v 2578183.789583 440.615197 1215937.896153
v 2578183.664344 440.850623 1215938.153617
v 2578183.416351 441.050208 1215938.343519
v 2578183.083359 441.183566 1215938.436950
v 2578182.716063 441.230395 1215938.419686
v 2578182.370380 441.183566 1215938.294355
v 2578182.098938 441.050208 1215938.080037
v 2578181.943061 440.850623 1215937.809360
v 2578181.926480 440.615197 1215937.523533
v 2578182.051719 440.379771 1215937.266070
v 2578182.299712 440.180187 1215937.076167
v 2578182.632704 440.046829 1215936.982736
v 2578183.000000 440.000000 1215937.000000
v 2578183.345683 440.046829 1215937.125331
v 2578183.617125 440.180187 1215937.339650
v 2578183.773002 440.379771 1215937.610326
v 2578186.789583 458.615197 1215922.896153
v 2578186.664344 458.850623 1215923.153617
v 2578186.416351 459.050208 1215923.343519
v 2578186.083359 459.183566 1215923.436950
v 2578185.716063 459.230395 1215923.419686
v 2578185.370380 459.183566 1215923.294355
v 2578185.098938 459.050208 1215923.080037
v 2578184.943061 458.850623 1215922.809360
v 2578184.926480 458.615197 1215922.523533
v 2578185.051719 458.379771 1215922.266070
v 2578185.299712 458.180187 1215922.076167
v 2578185.632704 458.046829 1215921.982736
v 2578186.000000 458.000000 1215922.000000
v 2578186.345683 458.046829 1215922.125331
v 2578186.617125 458.180187 1215922.339650
v 2578186.773002 458.379771 1215922.610326
v 2578182.858031 440.615197 1215937.709843
v 2578185.858031 458.615197 1215922.709843
f 1289 1290 1305
f 1289 1306 1305
f 1290 1291 1306
f 1290 1307 1306
f 1291 1292 1307
f 1291 1308 1307
f 1292 1293 1308
f 1292 1309 1308
f 1293 1294 1309
f 1293 1310 1309
f 1294 1295 1310
f 1294 1311 1310
f 1295 1296 1311
f 1295 1312 1311
f 1296 1297 1312
f 1296 1313 1312
f 1297 1298 1313
f 1297 1314 1313
f 1298 1299 1314
f 1298 1315 1314
f 1299 1300 1315
f 1299 1316 1315
f 1300 1301 1316
f 1300 1317 1316
f 1301 1302 1317
f 1301 1318 1317
f 1302 1303 1318
f 1302 1319 1318
f 1303 1304 1319
f 1303 1320 1319
f 1304 1289 1320
f 1304 1305 1320
f 1321 1290 1289
f 1322 1305 1306
f 1321 1291 1290
f 1322 1306 1307
f 1321 1292 1291
f 1322 1307 1308
f 1321 1293 1292
f 1322 1308 1309
f 1321 1294 1293
f 1322 1309 1310
f 1321 1295 1294
f 1322 1310 1311
f 1321 1296 1295
f 1322 1311 1312
f 1321 1297 1296
f 1322 1312 1313
f 1321 1298 1297
f 1322 1313 1314
f 1321 1299 1298
f 1322 1314 1315
f 1321 1300 1299
f 1322 1315 1316
f 1321 1301 1300
f 1322 1316 1317
f 1321 1302 1301
f 1322 1317 1318
f 1321 1303 1302
f 1322 1318 1319
f 1321 1304 1303
f 1322 1319 1320
f 1321 1289 1304
f 1322 1320 1305

o 18
usemtl conduit_18
# 18: 6 -> 47; shape=CIRCULAR; geom1=1.9; geom2=0; geom3=0; distance_length_ratio=0.624001
v 2578186.679789 458.641914 1215922.964797
v 2578186.526436 458.887564 1215923.196177
v 2578186.259223 459.095816 1215923.346596
v 2578185.918830 459.234965 1215923.393153
v 2578185.557079 459.283828 1215923.328762
v 2578185.229044 459.234965 1215923.163224
v 2578184.984664 459.095816 1215922.921743
v 2578184.861145 458.887564 1215922.641080
v 2578184.877291 458.641914 1215922.363964
v 2578185.030643 458.396264 1215922.132585
v 2578185.297856 458.188012 1215921.982166
v 2578185.638249 458.048863 1215921.935609
v 2578186.000000 458.000000 1215922.000000
v 2578186.328035 458.048863 1215922.165537
v 2578186.572415 458.188012 1215922.407019
v 2578186.695935 458.396264 1215922.687682
v 2578188.679789 465.541914 1215916.964797
v 2578188.526436 465.787564 1215917.196177
v 2578188.259223 465.995816 1215917.346596
v 2578187.918830 466.134965 1215917.393153
v 2578187.557079 466.183828 1215917.328762
v 2578187.229044 466.134965 1215917.163224
v 2578186.984664 465.995816 1215916.921743
v 2578186.861145 465.787564 1215916.641080
v 2578186.877291 465.541914 1215916.363964
v 2578187.030643 465.296264 1215916.132585
v 2578187.297856 465.088012 1215915.982166
v 2578187.638249 464.948863 1215915.935609
v 2578188.000000 464.900000 1215916.000000
v 2578188.328035 464.948863 1215916.165537
v 2578188.572415 465.088012 1215916.407019
v 2578188.695935 465.296264 1215916.687682
v 2578185.778540 458.641914 1215922.664381
v 2578187.778540 465.541914 1215916.664381
f 1323 1324 1339
f 1323 1340 1339
f 1324 1325 1340
f 1324 1341 1340
f 1325 1326 1341
f 1325 1342 1341
f 1326 1327 1342
f 1326 1343 1342
f 1327 1328 1343
f 1327 1344 1343
f 1328 1329 1344
f 1328 1345 1344
f 1329 1330 1345
f 1329 1346 1345
f 1330 1331 1346
f 1330 1347 1346
f 1331 1332 1347
f 1331 1348 1347
f 1332 1333 1348
f 1332 1349 1348
f 1333 1334 1349
f 1333 1350 1349
f 1334 1335 1350
f 1334 1351 1350
f 1335 1336 1351
f 1335 1352 1351
f 1336 1337 1352
f 1336 1353 1352
f 1337 1338 1353
f 1337 1354 1353
f 1338 1323 1354
f 1338 1339 1354
f 1355 1324 1323
f 1356 1339 1340
f 1355 1325 1324
f 1356 1340 1341
f 1355 1326 1325
f 1356 1341 1342
f 1355 1327 1326
f 1356 1342 1343
f 1355 1328 1327
f 1356 1343 1344
f 1355 1329 1328
f 1356 1344 1345
f 1355 1330 1329
f 1356 1345 1346
f 1355 1331 1330
f 1356 1346 1347
f 1355 1332 1331
f 1356 1347 1348
f 1355 1333 1332
f 1356 1348 1349
f 1355 1334 1333
f 1356 1349 1350
f 1355 1335 1334
f 1356 1350 1351
f 1355 1336 1335
f 1356 1351 1352
f 1355 1337 1336
f 1356 1352 1353
f 1355 1338 1337
f 1356 1353 1354
f 1355 1323 1338
f 1356 1354 1339

o 19
usemtl conduit_19
# 19: 6 -> 49; shape=RECT_CLOSED; geom1=5; geom2=0.17; geom3=0; distance_length_ratio=1.00417
v 2578184.597880 458.000000 1215919.930203
v 2578187.402120 458.000000 1215924.069797
v 2578187.387170 458.169038 1215924.079925
v 2578184.582929 458.169038 1215919.940331
v 2578246.597880 466.000000 1215877.930203
v 2578249.402120 466.000000 1215882.069797
v 2578249.387170 466.169038 1215882.079925
v 2578246.582929 466.169038 1215877.940331
v 2578185.992525 458.084519 1215922.005064
v 2578247.992525 466.084519 1215880.005064
f 1357 1358 1361
f 1357 1362 1361
f 1358 1359 1362
f 1358 1363 1362
f 1359 1360 1363
f 1359 1364 1363
f 1360 1357 1364
f 1360 1361 1364
f 1365 1358 1357
f 1366 1361 1362
f 1365 1359 1358
f 1366 1362 1363
f 1365 1360 1359
f 1366 1363 1364
f 1365 1357 1360
f 1366 1364 1361

o 20
usemtl conduit_20
# 20: Amont_Trappe -> Aval_Trappe; shape=RECT_CLOSED; geom1=1; geom2=1; geom3=0; distance_length_ratio=1.41774
v 2578238.646447 437.700000 1215861.646447
v 2578239.353553 437.700000 1215862.353553
v 2578239.403429 438.697509 1215862.303678
v 2578238.696322 438.697509 1215861.596571
v 2578239.646447 437.600000 1215860.646447
v 2578240.353553 437.600000 1215861.353553
v 2578240.403429 438.597509 1215861.303678
v 2578239.696322 438.597509 1215860.596571
v 2578239.024938 438.198755 1215861.975062
v 2578240.024938 438.098755 1215860.975062
f 1367 1368 1371
f 1367 1372 1371
f 1368 1369 1372
f 1368 1373 1372
f 1369 1370 1373
f 1369 1374 1373
f 1370 1367 1374
f 1370 1371 1374
f 1375 1368 1367
f 1376 1371 1372
f 1375 1369 1368
f 1376 1372 1373
f 1375 1370 1369
f 1376 1373 1374
f 1375 1367 1370
f 1376 1374 1371

o 21
usemtl conduit_21
# 21: 5 -> 7; shape=CIRCULAR; geom1=5; geom2=0; geom3=0; distance_length_ratio=0.846711
v 2578192.607003 474.979315 1215918.446333
v 2578192.423563 475.928107 1215918.313486
v 2578192.130103 476.732455 1215917.846141
v 2578191.771298 477.269903 1215917.115446
v 2578191.401774 477.458629 1215916.232643
v 2578191.077787 477.269903 1215915.332132
v 2578190.848662 476.732455 1215914.551007
v 2578190.749280 475.928107 1215914.008186
v 2578190.794771 474.979315 1215913.786310
v 2578190.978211 474.030522 1215913.919157
v 2578191.271671 473.226174 1215914.386503
v 2578191.630476 472.688727 1215915.117198
v 2578192.000000 472.500000 1215916.000000
v 2578192.323987 472.688727 1215916.900511
v 2578192.553112 473.226174 1215917.681637
v 2578192.652494 474.030522 1215918.224457
v 2578210.607003 477.479315 1215911.446333
v 2578210.423563 478.428107 1215911.313486
v 2578210.130103 479.232455 1215910.846141
v 2578209.771298 479.769903 1215910.115446
v 2578209.401774 479.958629 1215909.232643
v 2578209.077787 479.769903 1215908.332132
v 2578208.848662 479.232455 1215907.551007
v 2578208.749280 478.428107 1215907.008186
v 2578208.794771 477.479315 1215906.786310
v 2578208.978211 476.530522 1215906.919157
v 2578209.271671 475.726174 1215907.386503
v 2578209.630476 475.188727 1215908.117198
v 2578210.000000 475.000000 1215909.000000
v 2578210.323987 475.188727 1215909.900511
v 2578210.553112 475.726174 1215910.681637
v 2578210.652494 476.530522 1215911.224457
v 2578191.700887 474.979315 1215916.116322
v 2578209.700887 477.479315 1215909.116322
f 1377 1378 1393
f 1377 1394 1393
f 1378 1379 1394
f 1378 1395 1394
f 1379 1380 1395
f 1379 1396 1395
f 1380 1381 1396
f 1380 1397 1396
f 1381 1382 1397
f 1381 1398 1397
f 1382 1383 1398
f 1382 1399 1398
f 1383 1384 1399
f 1383 1400 1399
f 1384 1385 1400
f 1384 1401 1400
f 1385 1386 1401
f 1385 1402 1401
f 1386 1387 1402
f 1386 1403 1402
f 1387 1388 1403
f 1387 1404 1403
f 1388 1389 1404
f 1388 1405 1404
f 1389 1390 1405
f 1389 1406 1405
f 1390 1391 1406
f 1390 1407 1406
f 1391 1392 1407
f 1391 1408 1407
f 1392 1377 1408
f 1392 1393 1408
f 1409 1378 1377
f 1410 1393 1394
f 1409 1379 1378
f 1410 1394 1395
f 1409 1380 1379
f 1410 1395 1396
f 1409 1381 1380
f 1410 1396 1397
f 1409 1382 1381
f 1410 1397 1398
f 1409 1383 1382
f 1410 1398 1399
f 1409 1384 1383
f 1410 1399 1400
f 1409 1385 1384
f 1410 1400 1401
f 1409 1386 1385
f 1410 1401 1402
f 1409 1387 1386
f 1410 1402 1403
f 1409 1388 1387
f 1410 1403 1404
f 1409 1389 1388
f 1410 1404 1405
f 1409 1390 1389
f 1410 1405 1406
f 1409 1391 1390
f 1410 1406 1407
f 1409 1392 1391
f 1410 1407 1408
f 1409 1377 1392
f 1410 1408 1393

o Hooliloch_L
usemtl conduit_Hooliloch_L
# Hooliloch_L: 7 -> Holiloch; shape=RECT_TRIANGULAR; geom1=4; geom2=4; geom3=2.5; distance_length_ratio=0.866324
v 2578212.000000 476.993796 1215909.157405
v 2578211.847759 477.756789 1215909.217641
v 2578211.414214 478.403623 1215909.268707
v 2578210.765367 478.835824 1215909.302828
v 2578210.000000 478.987593 1215909.314810
v 2578209.234633 478.835824 1215909.302828
v 2578208.585786 478.403623 1215909.268707
v 2578208.152241 477.756789 1215909.217641
v 2578208.000000 476.993796 1215909.157405
v 2578208.152241 476.230803 1215909.097169
v 2578208.585786 475.583969 1215909.046103
v 2578209.234633 475.151769 1215909.011982
v 2578210.000000 475.000000 1215909.000000
v 2578210.765367 475.151769 1215909.011982
v 2578211.414214 475.583969 1215909.046103
v 2578211.847759 476.230803 1215909.097169
v 2578212.000000 478.493796 1215890.157405
v 2578211.847759 479.256789 1215890.217641
v 2578211.414214 479.903623 1215890.268707
v 2578210.765367 480.335824 1215890.302828
v 2578210.000000 480.487593 1215890.314810
v 2578209.234633 480.335824 1215890.302828
v 2578208.585786 479.903623 1215890.268707
v 2578208.152241 479.256789 1215890.217641
v 2578208.000000 478.493796 1215890.157405
v 2578208.152241 477.730803 1215890.097169
v 2578208.585786 477.083969 1215890.046103
v 2578209.234633 476.651769 1215890.011982
v 2578210.000000 476.500000 1215890.000000
v 2578210.765367 476.651769 1215890.011982
v 2578211.414214 477.083969 1215890.046103
v 2578211.847759 477.730803 1215890.097169
v 2578210.000000 476.993796 1215909.157405
v 2578210.000000 478.493796 1215890.157405
f 1411 1412 1427
f 1411 1428 1427
f 1412 1413 1428
f 1412 1429 1428
f 1413 1414 1429
f 1413 1430 1429
f 1414 1415 1430
f 1414 1431 1430
f 1415 1416 1431
f 1415 1432 1431
f 1416 1417 1432
f 1416 1433 1432
f 1417 1418 1433
f 1417 1434 1433
f 1418 1419 1434
f 1418 1435 1434
f 1419 1420 1435
f 1419 1436 1435
f 1420 1421 1436
f 1420 1437 1436
f 1421 1422 1437
f 1421 1438 1437
f 1422 1423 1438
f 1422 1439 1438
f 1423 1424 1439
f 1423 1440 1439
f 1424 1425 1440
f 1424 1441 1440
f 1425 1426 1441
f 1425 1442 1441
f 1426 1411 1442
f 1426 1427 1442
f 1443 1412 1411
f 1444 1427 1428
f 1443 1413 1412
f 1444 1428 1429
f 1443 1414 1413
f 1444 1429 1430
f 1443 1415 1414
f 1444 1430 1431
f 1443 1416 1415
f 1444 1431 1432
f 1443 1417 1416
f 1444 1432 1433
f 1443 1418 1417
f 1444 1433 1434
f 1443 1419 1418
f 1444 1434 1435
f 1443 1420 1419
f 1444 1435 1436
f 1443 1421 1420
f 1444 1436 1437
f 1443 1422 1421
f 1444 1437 1438
f 1443 1423 1422
f 1444 1438 1439
f 1443 1424 1423
f 1444 1439 1440
f 1443 1425 1424
f 1444 1440 1441
f 1443 1426 1425
f 1444 1441 1442
f 1443 1411 1426
f 1444 1442 1427

o 23
usemtl conduit_23
# 23: 50 -> SS3; shape=CIRCULAR; geom1=0.3; geom2=0; geom3=0; distance_length_ratio=1.09943
v 2578242.963491 463.141005 1215892.154223
v 2578242.986143 463.194965 1215892.154975
v 2578243.017500 463.240710 1215892.136279
v 2578243.052787 463.271276 1215892.100981
v 2578243.086633 463.282010 1215892.054455
v 2578243.113883 463.271276 1215892.003783
v 2578243.130391 463.240710 1215891.956681
v 2578243.133642 463.194965 1215891.920318
v 2578243.123142 463.141005 1215891.900232
v 2578243.100489 463.087045 1215891.899479
v 2578243.069132 463.041299 1215891.918175
v 2578243.033845 463.010733 1215891.953473
v 2578243.000000 463.000000 1215892.000000
v 2578242.972749 463.010733 1215892.050672
v 2578242.956242 463.041299 1215892.097774
v 2578242.952991 463.087045 1215892.134136
v 2578277.963491 448.141005 1215914.154223
v 2578277.986143 448.194965 1215914.154975
v 2578278.017500 448.240710 1215914.136279
v 2578278.052787 448.271276 1215914.100981
v 2578278.086633 448.282010 1215914.054455
v 2578278.113883 448.271276 1215914.003783
v 2578278.130391 448.240710 1215913.956681
v 2578278.133642 448.194965 1215913.920318
v 2578278.123142 448.141005 1215913.900232
v 2578278.100489 448.087045 1215913.899479
v 2578278.069132 448.041299 1215913.918175
v 2578278.033845 448.010733 1215913.953473
v 2578278.000000 448.000000 1215914.000000
v 2578277.972749 448.010733 1215914.050672
v 2578277.956242 448.041299 1215914.097774
v 2578277.952991 448.087045 1215914.134136
v 2578243.043316 463.141005 1215892.027227
v 2578278.043316 448.141005 1215914.027227
f 1445 1446 1461
f 1445 1462 1461
f 1446 1447 1462
f 1446 1463 1462
f 1447 1448 1463
f 1447 1464 1463
f 1448 1449 1464
f 1448 1465 1464
f 1449 1450 1465
f 1449 1466 1465
f 1450 1451 1466
f 1450 1467 1466
f 1451 1452 1467
f 1451 1468 1467
f 1452 1453 1468
f 1452 1469 1468
f 1453 1454 1469
f 1453 1470 1469
f 1454 1455 1470
f 1454 1471 1470
f 1455 1456 1471
f 1455 1472 1471
f 1456 1457 1472
f 1456 1473 1472
f 1457 1458 1473
f 1457 1474 1473
f 1458 1459 1474
f 1458 1475 1474
f 1459 1460 1475
f 1459 1476 1475
f 1460 1445 1476
f 1460 1461 1476
f 1477 1446 1445
f 1478 1461 1462
f 1477 1447 1446
f 1478 1462 1463
f 1477 1448 1447
f 1478 1463 1464
f 1477 1449 1448
f 1478 1464 1465
f 1477 1450 1449
f 1478 1465 1466
f 1477 1451 1450
f 1478 1466 1467
f 1477 1452 1451
f 1478 1467 1468
f 1477 1453 1452
f 1478 1468 1469
f 1477 1454 1453
f 1478 1469 1470
f 1477 1455 1454
f 1478 1470 1471
f 1477 1456 1455
f 1478 1471 1472
f 1477 1457 1456
f 1478 1472 1473
f 1477 1458 1457
f 1478 1473 1474
f 1477 1459 1458
f 1478 1474 1475
f 1477 1460 1459
f 1478 1475 1476
f 1477 1445 1460
f 1478 1476 1461

o 25
usemtl conduit_25
# 25: 13 -> 8; shape=RECT_OPEN; geom1=2.5; geom2=0.12; geom3=0; distance_length_ratio=1.1595
v 2578213.548307 438.816384 1215859.407458
v 2578213.546909 439.128800 1215859.032931
v 2578213.729600 439.393654 1215858.666389
v 2578214.068565 439.570624 1215858.363634
v 2578214.512202 439.632767 1215858.170759
v 2578214.992971 439.570624 1215858.117126
v 2578215.437678 439.393654 1215858.210901
v 2578215.778621 439.128800 1215858.437808
v 2578215.963895 438.816384 1215858.763301
v 2578215.965293 438.503967 1215859.137828
v 2578215.782603 438.239113 1215859.504370
v 2578215.443637 438.062144 1215859.807125
v 2578215.000000 438.000000 1215860.000000
v 2578214.519232 438.062144 1215860.053633
v 2578214.074525 438.239113 1215859.959858
v 2578213.733581 438.503967 1215859.732951
v 2578221.548307 474.816384 1215889.407458
v 2578221.546909 475.128800 1215889.032931
v 2578221.729600 475.393654 1215888.666389
v 2578222.068565 475.570624 1215888.363634
v 2578222.512202 475.632767 1215888.170759
v 2578222.992971 475.570624 1215888.117126
v 2578223.437678 475.393654 1215888.210901
v 2578223.778621 475.128800 1215888.437808
v 2578223.963895 474.816384 1215888.763301
v 2578223.965293 474.503967 1215889.137828
v 2578223.782603 474.239113 1215889.504370
v 2578223.443637 474.062144 1215889.807125
v 2578223.000000 474.000000 1215890.000000
v 2578222.519232 474.062144 1215890.053633
v 2578222.074525 474.239113 1215889.959858
v 2578221.733581 474.503967 1215889.732951
v 2578214.756101 438.816384 1215859.085379
v 2578222.756101 474.816384 1215889.085379
f 1479 1480 1495
f 1479 1496 1495
f 1480 1481 1496
f 1480 1497 1496
f 1481 1482 1497
f 1481 1498 1497
f 1482 1483 1498
f 1482 1499 1498
f 1483 1484 1499
f 1483 1500 1499
f 1484 1485 1500
f 1484 1501 1500
f 1485 1486 1501
f 1485 1502 1501
f 1486 1487 1502
f 1486 1503 1502
f 1487 1488 1503
f 1487 1504 1503
f 1488 1489 1504
f 1488 1505 1504
f 1489 1490 1505
f 1489 1506 1505
f 1490 1491 1506
f 1490 1507 1506
f 1491 1492 1507
f 1491 1508 1507
f 1492 1493 1508
f 1492 1509 1508
f 1493 1494 1509
f 1493 1510 1509
f 1494 1479 1510
f 1494 1495 1510
f 1511 1480 1479
f 1512 1495 1496
f 1511 1481 1480
f 1512 1496 1497
f 1511 1482 1481
f 1512 1497 1498
f 1511 1483 1482
f 1512 1498 1499
f 1511 1484 1483
f 1512 1499 1500
f 1511 1485 1484
f 1512 1500 1501
f 1511 1486 1485
f 1512 1501 1502
f 1511 1487 1486
f 1512 1502 1503
f 1511 1488 1487
f 1512 1503 1504
f 1511 1489 1488
f 1512 1504 1505
f 1511 1490 1489
f 1512 1505 1506
f 1511 1491 1490
f 1512 1506 1507
f 1511 1492 1491
f 1512 1507 1508
f 1511 1493 1492
f 1512 1508 1509
f 1511 1494 1493
f 1512 1509 1510
f 1511 1479 1494
f 1512 1510 1495

o 28
usemtl conduit_28
# 28: SonSto_SS3 -> SonSto_SS4; shape=CIRCULAR; geom1=3; geom2=0; geom3=0; distance_length_ratio=1.21046
v 2578278.165806 441.199885 1215914.055944
v 2578278.071780 441.773866 1215914.121113
v 2578277.812832 442.260464 1215914.317862
v 2578277.428383 442.585598 1215914.616240
v 2578276.976964 442.699770 1215914.970821
v 2578276.527299 442.585598 1215915.327623
v 2578276.147844 442.260464 1215915.632326
v 2578275.896369 441.773866 1215915.838543
v 2578275.811158 441.199885 1215915.914877
v 2578275.905184 440.625904 1215915.849709
v 2578276.164133 440.139306 1215915.652959
v 2578276.548581 439.814172 1215915.354581
v 2578277.000000 439.700000 1215915.000000
v 2578277.449666 439.814172 1215914.643198
v 2578277.829120 440.139306 1215914.338495
v 2578278.080596 440.625904 1215914.132279
v 2578263.165806 440.899885 1215895.055944
v 2578263.071780 441.473866 1215895.121113
v 2578262.812832 441.960464 1215895.317862
v 2578262.428383 442.285598 1215895.616240
v 2578261.976964 442.399770 1215895.970821
v 2578261.527299 442.285598 1215896.327623
v 2578261.147844 441.960464 1215896.632326
v 2578260.896369 441.473866 1215896.838543
v 2578260.811158 440.899885 1215896.914877
v 2578260.905184 440.325904 1215896.849709
v 2578261.164133 439.839306 1215896.652959
v 2578261.548581 439.514172 1215896.354581
v 2578262.000000 439.400000 1215896.000000
v 2578262.449666 439.514172 1215895.643198
v 2578262.829120 439.839306 1215895.338495
v 2578263.080596 440.325904 1215895.132279
v 2578276.988482 441.199885 1215914.985411
v 2578261.988482 440.899885 1215895.985411
f 1513 1514 1529
f 1513 1530 1529
f 1514 1515 1530
f 1514 1531 1530
f 1515 1516 1531
f 1515 1532 1531
f 1516 1517 1532
f 1516 1533 1532
f 1517 1518 1533
f 1517 1534 1533
f 1518 1519 1534
f 1518 1535 1534
f 1519 1520 1535
f 1519 1536 1535
f 1520 1521 1536
f 1520 1537 1536
f 1521 1522 1537
f 1521 1538 1537
f 1522 1523 1538
f 1522 1539 1538
f 1523 1524 1539
f 1523 1540 1539
f 1524 1525 1540
f 1524 1541 1540
f 1525 1526 1541
f 1525 1542 1541
f 1526 1527 1542
f 1526 1543 1542
f 1527 1528 1543
f 1527 1544 1543
f 1528 1513 1544
f 1528 1529 1544
f 1545 1514 1513
f 1546 1529 1530
f 1545 1515 1514
f 1546 1530 1531
f 1545 1516 1515
f 1546 1531 1532
f 1545 1517 1516
f 1546 1532 1533
f 1545 1518 1517
f 1546 1533 1534
f 1545 1519 1518
f 1546 1534 1535
f 1545 1520 1519
f 1546 1535 1536
f 1545 1521 1520
f 1546 1536 1537
f 1545 1522 1521
f 1546 1537 1538
f 1545 1523 1522
f 1546 1538 1539
f 1545 1524 1523
f 1546 1539 1540
f 1545 1525 1524
f 1546 1540 1541
f 1545 1526 1525
f 1546 1541 1542
f 1545 1527 1526
f 1546 1542 1543
f 1545 1528 1527
f 1546 1543 1544
f 1545 1513 1528
f 1546 1544 1529

o 29
usemtl conduit_29
# 29: SonSto_SS5 -> SonSto_SS4; shape=CIRCULAR; geom1=3; geom2=0; geom3=0; distance_length_ratio=1.20231
v 2578258.728857 440.799423 1215893.797448
v 2578258.815033 441.373228 1215893.720871
v 2578259.078098 441.859676 1215893.529279
v 2578259.478002 442.184710 1215893.251842
v 2578259.953864 442.298847 1215892.930796
v 2578260.433238 442.184710 1215892.615018
v 2578260.843143 441.859676 1215892.352582
v 2578261.121176 441.373228 1215892.183442
v 2578261.225007 440.799423 1215892.133348
v 2578261.138831 440.225619 1215892.209925
v 2578260.875766 439.739171 1215892.401517
v 2578260.475862 439.414137 1215892.678954
v 2578260.000000 439.300000 1215893.000000
v 2578259.520626 439.414137 1215893.315778
v 2578259.110721 439.739171 1215893.578214
v 2578258.832688 440.225619 1215893.747354
v 2578260.728857 440.899423 1215896.797448
v 2578260.815033 441.473228 1215896.720871
v 2578261.078098 441.959676 1215896.529279
v 2578261.478002 442.284710 1215896.251842
v 2578261.953864 442.398847 1215895.930796
v 2578262.433238 442.284710 1215895.615018
v 2578262.843143 441.959676 1215895.352582
v 2578263.121176 441.473228 1215895.183442
v 2578263.225007 440.899423 1215895.133348
v 2578263.138831 440.325619 1215895.209925
v 2578262.875766 439.839171 1215895.401517
v 2578262.475862 439.514137 1215895.678954
v 2578262.000000 439.400000 1215896.000000
v 2578261.520626 439.514137 1215896.315778
v 2578261.110721 439.839171 1215896.578214
v 2578260.832688 440.325619 1215896.747354
v 2578259.976932 440.799423 1215892.965398
v 2578261.976932 440.899423 1215895.965398
f 1547 1548 1563
f 1547 1564 1563
f 1548 1549 1564
f 1548 1565 1564
f 1549 1550 1565
f 1549 1566 1565
f 1550 1551 1566
f 1550 1567 1566
f 1551 1552 1567
f 1551 1568 1567
f 1552 1553 1568
f 1552 1569 1568
f 1553 1554 1569
f 1553 1570 1569
f 1554 1555 1570
f 1554 1571 1570
f 1555 1556 1571
f 1555 1572 1571
f 1556 1557 1572
f 1556 1573 1572
f 1557 1558 1573
f 1557 1574 1573
f 1558 1559 1574
f 1558 1575 1574
f 1559 1560 1575
f 1559 1576 1575
f 1560 1561 1576
f 1560 1577 1576
f 1561 1562 1577
f 1561 1578 1577
f 1562 1547 1578
f 1562 1563 1578
f 1579 1548 1547
f 1580 1563 1564
f 1579 1549 1548
f 1580 1564 1565
f 1579 1550 1549
f 1580 1565 1566
f 1579 1551 1550
f 1580 1566 1567
f 1579 1552 1551
f 1580 1567 1568
f 1579 1553 1552
f 1580 1568 1569
f 1579 1554 1553
f 1580 1569 1570
f 1579 1555 1554
f 1580 1570 1571
f 1579 1556 1555
f 1580 1571 1572
f 1579 1557 1556
f 1580 1572 1573
f 1579 1558 1557
f 1580 1573 1574
f 1579 1559 1558
f 1580 1574 1575
f 1579 1560 1559
f 1580 1575 1576
f 1579 1561 1560
f 1580 1576 1577
f 1579 1562 1561
f 1580 1577 1578
f 1579 1547 1562
f 1580 1578 1563

o 31
usemtl conduit_31
# 31: 8 -> Gischeren_node; shape=RECT_CLOSED; geom1=5; geom2=0.17; geom3=0; distance_length_ratio=1.05
v 2578223.490290 474.000000 1215887.548548
v 2578222.509710 474.000000 1215892.451452
v 2578222.470019 474.165111 1215892.443514
v 2578223.450600 474.165111 1215887.540610
v 2578233.490290 476.500000 1215889.548548
v 2578232.509710 476.500000 1215894.451452
v 2578232.470019 476.665111 1215894.443514
v 2578233.450600 476.665111 1215889.540610
v 2578222.980155 474.082556 1215889.996031
v 2578232.980155 476.582556 1215891.996031
f 1581 1582 1585
f 1581 1586 1585
f 1582 1583 1586
f 1582 1587 1586
f 1583 1584 1587
f 1583 1588 1587
f 1584 1581 1588
f 1584 1585 1588
f 1589 1582 1581
f 1590 1585 1586
f 1589 1583 1582
f 1590 1586 1587
f 1589 1584 1583
f 1590 1587 1588
f 1589 1581 1584
f 1590 1588 1585

o 33
usemtl conduit_33
# 33: 49 -> 10; shape=RECT_CLOSED; geom1=8; geom2=0.15; geom3=0; distance_length_ratio=0.979121
v 2578245.600000 466.000000 1215883.200000
v 2578250.400000 466.000000 1215876.800000
v 2578250.444567 466.139272 1215876.833425
v 2578245.644567 466.139272 1215883.233425
v 2578241.600000 468.000000 1215880.200000
v 2578246.400000 468.000000 1215873.800000
v 2578246.444567 468.139272 1215873.833425
v 2578241.644567 468.139272 1215880.233425
v 2578248.022283 466.069636 1215880.016713
v 2578244.022283 468.069636 1215877.016713
f 1591 1592 1595
f 1591 1596 1595
f 1592 1593 1596
f 1592 1597 1596
f 1593 1594 1597
f 1593 1598 1597
f 1594 1591 1598
f 1594 1595 1598
f 1599 1592 1591
f 1600 1595 1596
f 1599 1593 1592
f 1600 1596 1597
f 1599 1594 1593
f 1600 1597 1598
f 1599 1591 1594
f 1600 1598 1595

o 37
usemtl conduit_37
# 37: SS5 -> SonSto_SS5; shape=CIRCULAR; geom1=3; geom2=0; geom3=0; distance_length_ratio=1.38082
v 2578259.579915 440.392991 1215888.495680
v 2578259.704130 440.964333 1215888.469599
v 2578260.030978 441.448694 1215888.502875
v 2578260.510698 441.772334 1215888.590441
v 2578261.070258 441.885981 1215888.718966
v 2578261.624471 441.772334 1215888.868884
v 2578262.088961 441.448694 1215889.017371
v 2578262.393015 440.964333 1215889.141820
v 2578262.490343 440.392991 1215889.223287
v 2578262.366128 439.821648 1215889.249367
v 2578262.039281 439.337287 1215889.216091
v 2578261.559560 439.013647 1215889.128525
v 2578261.000000 438.900000 1215889.000000
v 2578260.445788 439.013647 1215888.850082
v 2578259.981298 439.337287 1215888.701596
v 2578259.677244 439.821648 1215888.577146
v 2578258.579915 440.792991 1215892.495680
v 2578258.704130 441.364333 1215892.469599
v 2578259.030978 441.848694 1215892.502875
v 2578259.510698 442.172334 1215892.590441
v 2578260.070258 442.285981 1215892.718966
v 2578260.624471 442.172334 1215892.868884
v 2578261.088961 441.848694 1215893.017371
v 2578261.393015 441.364333 1215893.141820
v 2578261.490343 440.792991 1215893.223287
v 2578261.366128 440.221648 1215893.249367
v 2578261.039281 439.737287 1215893.216091
v 2578260.559560 439.413647 1215893.128525
v 2578260.000000 439.300000 1215893.000000
v 2578259.445788 439.413647 1215892.850082
v 2578258.981298 439.737287 1215892.701596
v 2578258.677244 440.221648 1215892.577146
v 2578261.035129 440.392991 1215888.859483
v 2578260.035129 440.792991 1215892.859483
f 1601 1602 1617
f 1601 1618 1617
f 1602 1603 1618
f 1602 1619 1618
f 1603 1604 1619
f 1603 1620 1619
f 1604 1605 1620
f 1604 1621 1620
f 1605 1606 1621
f 1605 1622 1621
f 1606 1607 1622
f 1606 1623 1622
f 1607 1608 1623
f 1607 1624 1623
f 1608 1609 1624
f 1608 1625 1624
f 1609 1610 1625
f 1609 1626 1625
f 1610 1611 1626
f 1610 1627 1626
f 1611 1612 1627
f 1611 1628 1627
f 1612 1613 1628
f 1612 1629 1628
f 1613 1614 1629
f 1613 1630 1629
f 1614 1615 1630
f 1614 1631 1630
f 1615 1616 1631
f 1615 1632 1631
f 1616 1601 1632
f 1616 1617 1632
f 1633 1602 1601
f 1634 1617 1618
f 1633 1603 1602
f 1634 1618 1619
f 1633 1604 1603
f 1634 1619 1620
f 1633 1605 1604
f 1634 1620 1621
f 1633 1606 1605
f 1634 1621 1622
f 1633 1607 1606
f 1634 1622 1623
f 1633 1608 1607
f 1634 1623 1624
f 1633 1609 1608
f 1634 1624 1625
f 1633 1610 1609
f 1634 1625 1626
f 1633 1611 1610
f 1634 1626 1627
f 1633 1612 1611
f 1634 1627 1628
f 1633 1613 1612
f 1634 1628 1629
f 1633 1614 1613
f 1634 1629 1630
f 1633 1615 1614
f 1634 1630 1631
f 1633 1616 1615
f 1634 1631 1632
f 1633 1601 1616
f 1634 1632 1617

o SS3_L
usemtl conduit_SS3_L
# SS3_L: SS3 -> SonSto_SS3; shape=CIRCULAR; geom1=2; geom2=0; geom3=0; distance_length_ratio=2.1049
v 2578276.595833 448.167966 1215913.989954
v 2578276.382904 448.232244 1215914.310533
v 2578276.310043 448.286737 1215914.689957
v 2578276.388341 448.323147 1215915.070463
v 2578276.605879 448.335933 1215915.394121
v 2578276.929537 448.323147 1215915.611659
v 2578277.310043 448.286737 1215915.689957
v 2578277.689467 448.232244 1215915.617096
v 2578278.010046 448.167966 1215915.404167
v 2578278.222974 448.103688 1215915.083589
v 2578278.295836 448.049196 1215914.704164
v 2578278.217537 448.012786 1215914.323659
v 2578278.000000 448.000000 1215914.000000
v 2578277.676341 448.012786 1215913.782463
v 2578277.295836 448.049196 1215913.704164
v 2578276.916411 448.103688 1215913.777026
v 2578275.595833 439.867966 1215914.989954
v 2578275.382904 439.932244 1215915.310533
v 2578275.310043 439.986737 1215915.689957
v 2578275.388341 440.023147 1215916.070463
v 2578275.605879 440.035933 1215916.394121
v 2578275.929537 440.023147 1215916.611659
v 2578276.310043 439.986737 1215916.689957
v 2578276.689467 439.932244 1215916.617096
v 2578277.010046 439.867966 1215916.404167
v 2578277.222974 439.803688 1215916.083589
v 2578277.295836 439.749196 1215915.704164
v 2578277.217537 439.712786 1215915.323659
v 2578277.000000 439.700000 1215915.000000
v 2578276.676341 439.712786 1215914.782463
v 2578276.295836 439.749196 1215914.704164
v 2578275.916411 439.803688 1215914.777026
v 2578277.302939 448.167966 1215914.697061
v 2578276.302939 439.867966 1215915.697061
f 1635 1636 1651
f 1635 1652 1651
f 1636 1637 1652
f 1636 1653 1652
f 1637 1638 1653
f 1637 1654 1653
f 1638 1639 1654
f 1638 1655 1654
f 1639 1640 1655
f 1639 1656 1655
f 1640 1641 1656
f 1640 1657 1656
f 1641 1642 1657
f 1641 1658 1657
f 1642 1643 1658
f 1642 1659 1658
f 1643 1644 1659
f 1643 1660 1659
f 1644 1645 1660
f 1644 1661 1660
f 1645 1646 1661
f 1645 1662 1661
f 1646 1647 1662
f 1646 1663 1662
f 1647 1648 1663
f 1647 1664 1663
f 1648 1649 1664
f 1648 1665 1664
f 1649 1650 1665
f 1649 1666 1665
f 1650 1635 1666
f 1650 1651 1666
f 1667 1636 1635
f 1668 1651 1652
f 1667 1637 1636
f 1668 1652 1653
f 1667 1638 1637
f 1668 1653 1654
f 1667 1639 1638
f 1668 1654 1655
f 1667 1640 1639
f 1668 1655 1656
f 1667 1641 1640
f 1668 1656 1657
f 1667 1642 1641
f 1668 1657 1658
f 1667 1643 1642
f 1668 1658 1659
f 1667 1644 1643
f 1668 1659 1660
f 1667 1645 1644
f 1668 1660 1661
f 1667 1646 1645
f 1668 1661 1662
f 1667 1647 1646
f 1668 1662 1663
f 1667 1648 1647
f 1668 1663 1664
f 1667 1649 1648
f 1668 1664 1665
f 1667 1650 1649
f 1668 1665 1666
f 1667 1635 1650
f 1668 1666 1651

o 40
usemtl conduit_40
# 40: SonSto_F -> Amont_Trappe; shape=MODBASKETHANDLE; geom1=4; geom2=3; geom3=1.5; distance_length_ratio=1.25025
v 2578233.800000 437.800000 1215863.400000
v 2578236.200000 437.800000 1215866.600000
v 2578236.223995 439.299700 1215866.582004
v 2578235.923995 439.299700 1215866.182004
v 2578235.864669 439.873610 1215866.083772
v 2578235.677358 440.360148 1215865.817806
v 2578235.390579 440.685242 1215865.424597
v 2578235.047990 440.799400 1215864.964007
v 2578234.701749 440.685242 1215864.506157
v 2578234.404566 440.360148 1215864.120750
v 2578234.201686 439.873610 1215863.866461
v 2578234.123995 439.299700 1215863.782004
v 2578233.823995 439.299700 1215863.382004
v 2578237.800000 437.700000 1215860.400000
v 2578240.200000 437.700000 1215863.600000
v 2578240.223995 439.199700 1215863.582004
v 2578239.923995 439.199700 1215863.182004
v 2578239.864669 439.773610 1215863.083772
v 2578239.677358 440.260148 1215862.817806
v 2578239.390579 440.585242 1215862.424597
v 2578239.047990 440.699400 1215861.964007
v 2578238.701749 440.585242 1215861.506157
v 2578238.404566 440.260148 1215861.120750
v 2578238.201686 439.773610 1215860.866461
v 2578238.123995 439.199700 1215860.782004
v 2578237.823995 439.199700 1215860.382004
v 2578235.029583 439.648939 1215864.977813
v 2578239.029583 439.548939 1215861.977813
f 1669 1670 1682
f 1669 1683 1682
f 1670 1671 1683
f 1670 1684 1683
f 1671 1672 1684
f 1671 1685 1684
f 1672 1673 1685
f 1672 1686 1685
f 1673 1674 1686
f 1673 1687 1686
f 1674 1675 1687
f 1674 1688 1687
f 1675 1676 1688
f 1675 1689 1688
f 1676 1677 1689
f 1676 1690 1689
f 1677 1678 1690
f 1677 1691 1690
f 1678 1679 1691
f 1678 1692 1691
f 1679 1680 1692
f 1679 1693 1692
f 1680 1681 1693
f 1680 1694 1693
f 1681 1669 1694
f 1681 1682 1694
f 1695 1670 1669
f 1696 1682 1683
f 1695 1671 1670
f 1696 1683 1684
f 1695 1672 1671
f 1696 1684 1685
f 1695 1673 1672
f 1696 1685 1686
f 1695 1674 1673
f 1696 1686 1687
f 1695 1675 1674
f 1696 1687 1688
f 1695 1676 1675
f 1696 1688 1689
f 1695 1677 1676
f 1696 1689 1690
f 1695 1678 1677
f 1696 1690 1691
f 1695 1679 1678
f 1696 1691 1692
f 1695 1680 1679
f 1696 1692 1693
f 1695 1681 1680
f 1696 1693 1694
f 1695 1669 1681
f 1696 1694 1682

o SS6_L
usemtl conduit_SS6_L
# SS6_L: SS6 -> SonSto_SS6; shape=CIRCULAR; geom1=2; geom2=0; geom3=0; distance_length_ratio=3.17087
v 2578247.977648 448.210247 1215880.000000
v 2578248.351778 448.290705 1215879.923880
v 2578248.668950 448.358914 1215879.707107
v 2578248.880878 448.404490 1215879.382683
v 2578248.955297 448.420494 1215879.000000
v 2578248.880878 448.404490 1215878.617317
v 2578248.668950 448.358914 1215878.292893
v 2578248.351778 448.290705 1215878.076120
v 2578247.977648 448.210247 1215878.000000
v 2578247.603518 448.129789 1215878.076120
v 2578247.286347 448.061580 1215878.292893
v 2578247.074419 448.016004 1215878.617317
v 2578247.000000 448.000000 1215879.000000
v 2578247.074419 448.016004 1215879.382683
v 2578247.286347 448.061580 1215879.707107
v 2578247.603518 448.129789 1215879.923880
v 2578249.977648 438.910247 1215880.000000
v 2578250.351778 438.990705 1215879.923880
v 2578250.668950 439.058914 1215879.707107
v 2578250.880878 439.104490 1215879.382683
v 2578250.955297 439.120494 1215879.000000
v 2578250.880878 439.104490 1215878.617317
v 2578250.668950 439.058914 1215878.292893
v 2578250.351778 438.990705 1215878.076120
v 2578249.977648 438.910247 1215878.000000
v 2578249.603518 438.829789 1215878.076120
v 2578249.286347 438.761580 1215878.292893
v 2578249.074419 438.716004 1215878.617317
v 2578249.000000 438.700000 1215879.000000
v 2578249.074419 438.716004 1215879.382683
v 2578249.286347 438.761580 1215879.707107
v 2578249.603518 438.829789 1215879.923880
v 2578247.977648 448.210247 1215879.000000
v 2578249.977648 438.910247 1215879.000000
f 1697 1698 1713
f 1697 1714 1713
f 1698 1699 1714
f 1698 1715 1714
f 1699 1700 1715
f 1699 1716 1715
f 1700 1701 1716
f 1700 1717 1716
f 1701 1702 1717
f 1701 1718 1717
f 1702 1703 1718
f 1702 1719 1718
f 1703 1704 1719
f 1703 1720 1719
f 1704 1705 1720
f 1704 1721 1720
f 1705 1706 1721
f 1705 1722 1721
f 1706 1707 1722
f 1706 1723 1722
f 1707 1708 1723
f 1707 1724 1723
f 1708 1709 1724
f 1708 1725 1724
f 1709 1710 1725
f 1709 1726 1725
f 1710 1711 1726
f 1710 1727 1726
f 1711 1712 1727
f 1711 1728 1727
f 1712 1697 1728
f 1712 1713 1728
f 1729 1698 1697
f 1730 1713 1714
f 1729 1699 1698
f 1730 1714 1715
f 1729 1700 1699
f 1730 1715 1716
f 1729 1701 1700
f 1730 1716 1717
f 1729 1702 1701
f 1730 1717 1718
f 1729 1703 1702
f 1730 1718 1719
f 1729 1704 1703
f 1730 1719 1720
f 1729 1705 1704
f 1730 1720 1721
f 1729 1706 1705
f 1730 1721 1722
f 1729 1707 1706
f 1730 1722 1723
f 1729 1708 1707
f 1730 1723 1724
f 1729 1709 1708
f 1730 1724 1725
f 1729 1710 1709
f 1730 1725 1726
f 1729 1711 1710
f 1730 1726 1727
f 1729 1712 1711
f 1730 1727 1728
f 1729 1697 1712
f 1730 1728 1713

o 1
usemtl conduit_1
# 1: SonSto_SS2 -> SonSto_SS3; shape=CIRCULAR; geom1=3; geom2=0; geom3=0; distance_length_ratio=0.877015
v 2578295.076447 442.996486 1215933.950337
v 2578294.964014 443.569166 1215933.994363
v 2578294.694701 444.054661 1215934.179585
v 2578294.309507 444.379058 1215934.477804
v 2578293.867076 444.492971 1215934.843618
v 2578293.434762 444.379058 1215935.221337
v 2578293.078383 444.054661 1215935.553455
v 2578292.852194 443.569166 1215935.789411
v 2578292.790629 442.996486 1215935.893282
v 2578292.903062 442.423805 1215935.849255
v 2578293.172375 441.938310 1215935.664033
v 2578293.557569 441.613913 1215935.365815
v 2578294.000000 441.500000 1215935.000000
v 2578294.432313 441.613913 1215934.622282
v 2578294.788692 441.938310 1215934.290164
v 2578295.014882 442.423805 1215934.054208
v 2578278.076447 441.196486 1215913.950337
v 2578277.964014 441.769166 1215913.994363
v 2578277.694701 442.254661 1215914.179585
v 2578277.309507 442.579058 1215914.477804
v 2578276.867076 442.692971 1215914.843618
v 2578276.434762 442.579058 1215915.221337
v 2578276.078383 442.254661 1215915.553455
v 2578275.852194 441.769166 1215915.789411
v 2578275.790629 441.196486 1215915.893282
v 2578275.903062 440.623805 1215915.849255
v 2578276.172375 440.138310 1215915.664033
v 2578276.557569 439.813913 1215915.365815
v 2578277.000000 439.700000 1215915.000000
v 2578277.432313 439.813913 1215914.622282
v 2578277.788692 440.138310 1215914.290164
v 2578278.014882 440.623805 1215914.054208
v 2578293.933538 442.996486 1215934.921809
v 2578276.933538 441.196486 1215914.921809
f 1731 1732 1747
f 1731 1748 1747
f 1732 1733 1748
f 1732 1749 1748
f 1733 1734 1749
f 1733 1750 1749
f 1734 1735 1750
f 1734 1751 1750
f 1735 1736 1751
f 1735 1752 1751
f 1736 1737 1752
f 1736 1753 1752
f 1737 1738 1753
f 1737 1754 1753
f 1738 1739 1754
f 1738 1755 1754
f 1739 1740 1755
f 1739 1756 1755
f 1740 1741 1756
f 1740 1757 1756
f 1741 1742 1757
f 1741 1758 1757
f 1742 1743 1758
f 1742 1759 1758
f 1743 1744 1759
f 1743 1760 1759
f 1744 1745 1760
f 1744 1761 1760
f 1745 1746 1761
f 1745 1762 1761
f 1746 1731 1762
f 1746 1747 1762
f 1763 1732 1731
f 1764 1747 1748
f 1763 1733 1732
f 1764 1748 1749
f 1763 1734 1733
f 1764 1749 1750
f 1763 1735 1734
f 1764 1750 1751
f 1763 1736 1735
f 1764 1751 1752
f 1763 1737 1736
f 1764 1752 1753
f 1763 1738 1737
f 1764 1753 1754
f 1763 1739 1738
f 1764 1754 1755
f 1763 1740 1739
f 1764 1755 1756
f 1763 1741 1740
f 1764 1756 1757
f 1763 1742 1741
f 1764 1757 1758
f 1763 1743 1742
f 1764 1758 1759
f 1763 1744 1743
f 1764 1759 1760
f 1763 1745 1744
f 1764 1760 1761
f 1763 1746 1745
f 1764 1761 1762
f 1763 1731 1746
f 1764 1762 1747

o 2
usemtl conduit_2
# 2: SS2 -> SonSto_SS2; shape=CIRCULAR; geom1=2; geom2=0; geom3=0; distance_length_ratio=1.48661
v 2578292.282307 448.485071 1215937.346979
v 2578292.518526 448.670700 1215937.098014
v 2578292.634335 448.828068 1215936.760280
v 2578292.612103 448.933219 1215936.385193
v 2578292.455214 448.970143 1215936.029857
v 2578292.187553 448.933219 1215935.748369
v 2578291.849870 448.828068 1215935.583583
v 2578291.493574 448.670700 1215935.560586
v 2578291.172907 448.485071 1215935.682878
v 2578290.936688 448.299443 1215935.931843
v 2578290.820879 448.142074 1215936.269578
v 2578290.843111 448.036924 1215936.644664
v 2578291.000000 448.000000 1215937.000000
v 2578291.267660 448.036924 1215937.281488
v 2578291.605343 448.142074 1215937.446274
v 2578291.961640 448.299443 1215937.469272
v 2578295.282307 441.985071 1215935.346979
v 2578295.518526 442.170700 1215935.098014
v 2578295.634335 442.328068 1215934.760280
v 2578295.612103 442.433219 1215934.385193
v 2578295.455214 442.470143 1215934.029857
v 2578295.187553 442.433219 1215933.748369
v 2578294.849870 442.328068 1215933.583583
v 2578294.493574 442.170700 1215933.560586
v 2578294.172907 441.985071 1215933.682878
v 2578293.936688 441.799443 1215933.931843
v 2578293.820879 441.642074 1215934.269578
v 2578293.843111 441.536924 1215934.644664
v 2578294.000000 441.500000 1215935.000000
v 2578294.267660 441.536924 1215935.281488
v 2578294.605343 441.642074 1215935.446274
v 2578294.961640 441.799443 1215935.469272
v 2578291.727607 448.485071 1215936.514929
v 2578294.727607 441.985071 1215934.514929
f 1765 1766 1781
f 1765 1782 1781
f 1766 1767 1782
f 1766 1783 1782
f 1767 1768 1783
f 1767 1784 1783
f 1768 1769 1784
f 1768 1785 1784
f 1769 1770 1785
f 1769 1786 1785
f 1770 1771 1786
f 1770 1787 1786
f 1771 1772 1787
f 1771 1788 1787
f 1772 1773 1788
f 1772 1789 1788
f 1773 1774 1789
f 1773 1790 1789
f 1774 1775 1790
f 1774 1791 1790
f 1775 1776 1791
f 1775 1792 1791
f 1776 1777 1792
f 1776 1793 1792
f 1777 1778 1793
f 1777 1794 1793
f 1778 1779 1794
f 1778 1795 1794
f 1779 1780 1795
f 1779 1796 1795
f 1780 1765 1796
f 1780 1781 1796
f 1797 1766 1765
f 1798 1781 1782
f 1797 1767 1766
f 1798 1782 1783
f 1797 1768 1767
f 1798 1783 1784
f 1797 1769 1768
f 1798 1784 1785
f 1797 1770 1769
f 1798 1785 1786
f 1797 1771 1770
f 1798 1786 1787
f 1797 1772 1771
f 1798 1787 1788
f 1797 1773 1772
f 1798 1788 1789
f 1797 1774 1773
f 1798 1789 1790
f 1797 1775 1774
f 1798 1790 1791
f 1797 1776 1775
f 1798 1791 1792
f 1797 1777 1776
f 1798 1792 1793
f 1797 1778 1777
f 1798 1793 1794
f 1797 1779 1778
f 1798 1794 1795
f 1797 1780 1779
f 1798 1795 1796
f 1797 1765 1780
f 1798 1796 1781

o 3
usemtl conduit_3
# 3: SS4 -> SonSto_SS4; shape=CIRCULAR; geom1=1; geom2=0; geom3=0; distance_length_ratio=2.96198
v 2578260.656429 448.125821 1215897.230802
v 2578260.805042 448.173970 1215897.113943
v 2578260.896988 448.214789 1215896.946791
v 2578260.918269 448.242064 1215896.754792
v 2578260.865645 448.251641 1215896.567177
v 2578260.747128 448.242064 1215896.412510
v 2578260.580760 448.214789 1215896.314335
v 2578260.391871 448.173970 1215896.287600
v 2578260.209216 448.125821 1215896.336375
v 2578260.060603 448.077671 1215896.453234
v 2578259.968657 448.036852 1215896.620387
v 2578259.947376 448.009578 1215896.812385
v 2578260.000000 448.000000 1215897.000000
v 2578260.118517 448.009578 1215897.154668
v 2578260.284885 448.036852 1215897.252842
v 2578260.473774 448.077671 1215897.279577
v 2578262.656429 439.525821 1215896.230802
v 2578262.805042 439.573970 1215896.113943
v 2578262.896988 439.614789 1215895.946791
v 2578262.918269 439.642064 1215895.754792
v 2578262.865645 439.651641 1215895.567177
v 2578262.747128 439.642064 1215895.412510
v 2578262.580760 439.614789 1215895.314335
v 2578262.391871 439.573970 1215895.287600
v 2578262.209216 439.525821 1215895.336375
v 2578262.060603 439.477671 1215895.453234
v 2578261.968657 439.436852 1215895.620387
v 2578261.947376 439.409578 1215895.812385
v 2578262.000000 439.400000 1215896.000000
v 2578262.118517 439.409578 1215896.154668
v 2578262.284885 439.436852 1215896.252842
v 2578262.473774 439.477671 1215896.279577
v 2578260.432823 448.125821 1215896.783589
v 2578262.432823 439.525821 1215895.783589
f 1799 1800 1815
f 1799 1816 1815
f 1800 1801 1816
f 1800 1817 1816
f 1801 1802 1817
f 1801 1818 1817
f 1802 1803 1818
f 1802 1819 1818
f 1803 1804 1819
f 1803 1820 1819
f 1804 1805 1820
f 1804 1821 1820
f 1805 1806 1821
f 1805 1822 1821
f 1806 1807 1822
f 1806 1823 1822
f 1807 1808 1823
f 1807 1824 1823
f 1808 1809 1824
f 1808 1825 1824
f 1809 1810 1825
f 1809 1826 1825
f 1810 1811 1826
f 1810 1827 1826
f 1811 1812 1827
f 1811 1828 1827
f 1812 1813 1828
f 1812 1829 1828
f 1813 1814 1829
f 1813 1830 1829
f 1814 1799 1830
f 1814 1815 1830
f 1831 1800 1799
f 1832 1815 1816
f 1831 1801 1800
f 1832 1816 1817
f 1831 1802 1801
f 1832 1817 1818
f 1831 1803 1802
f 1832 1818 1819
f 1831 1804 1803
f 1832 1819 1820
f 1831 1805 1804
f 1832 1820 1821
f 1831 1806 1805
f 1832 1821 1822
f 1831 1807 1806
f 1832 1822 1823
f 1831 1808 1807
f 1832 1823 1824
f 1831 1809 1808
f 1832 1824 1825
f 1831 1810 1809
f 1832 1825 1826
f 1831 1811 1810
f 1832 1826 1827
f 1831 1812 1811
f 1832 1827 1828
f 1831 1813 1812
f 1832 1828 1829
f 1831 1814 1813
f 1832 1829 1830
f 1831 1799 1814
f 1832 1830 1815

o 10
usemtl conduit_10
# 10: SonSto_SS4 -> SS5; shape=CIRCULAR; geom1=3; geom2=0; geom3=0; distance_length_ratio=1.41774
v 2578263.469962 440.896264 1215895.683129
v 2578263.351203 441.468859 1215895.659195
v 2578263.024457 441.954282 1215895.671200
v 2578262.539470 442.278632 1215895.717316
v 2578261.970075 442.392528 1215895.790523
v 2578261.402958 442.278632 1215895.879675
v 2578260.924457 441.954282 1215895.971200
v 2578260.607420 441.468859 1215896.051164
v 2578260.500113 440.896264 1215896.107394
v 2578260.618872 440.323669 1215896.131328
v 2578260.945618 439.838246 1215896.119323
v 2578261.430605 439.513896 1215896.073207
v 2578262.000000 439.400000 1215896.000000
v 2578262.567117 439.513896 1215895.910848
v 2578263.045618 439.838246 1215895.819323
v 2578263.362654 440.323669 1215895.739359
v 2578262.469962 440.396264 1215888.683129
v 2578262.351203 440.968859 1215888.659195
v 2578262.024457 441.454282 1215888.671200
v 2578261.539470 441.778632 1215888.717316
v 2578260.970075 441.892528 1215888.790523
v 2578260.402958 441.778632 1215888.879675
v 2578259.924457 441.454282 1215888.971200
v 2578259.607420 440.968859 1215889.051164
v 2578259.500113 440.396264 1215889.107394
v 2578259.618872 439.823669 1215889.131328
v 2578259.945618 439.338246 1215889.119323
v 2578260.430605 439.013896 1215889.073207
v 2578261.000000 438.900000 1215889.000000
v 2578261.567117 439.013896 1215888.910848
v 2578262.045618 439.338246 1215888.819323
v 2578262.362654 439.823669 1215888.739359
v 2578261.985037 440.896264 1215895.895262
v 2578260.985037 440.396264 1215888.895262
f 1833 1834 1849
f 1833 1850 1849
f 1834 1835 1850
f 1834 1851 1850
f 1835 1836 1851
f 1835 1852 1851
f 1836 1837 1852
f 1836 1853 1852
f 1837 1838 1853
f 1837 1854 1853
f 1838 1839 1854
f 1838 1855 1854
f 1839 1840 1855
f 1839 1856 1855
f 1840 1841 1856
f 1840 1857 1856
f 1841 1842 1857
f 1841 1858 1857
f 1842 1843 1858
f 1842 1859 1858
f 1843 1844 1859
f 1843 1860 1859
f 1844 1845 1860
f 1844 1861 1860
f 1845 1846 1861
f 1845 1862 1861
f 1846 1847 1862
f 1846 1863 1862
f 1847 1848 1863
f 1847 1864 1863
f 1848 1833 1864
f 1848 1849 1864
f 1865 1834 1833
f 1866 1849 1850
f 1865 1835 1834
f 1866 1850 1851
f 1865 1836 1835
f 1866 1851 1852
f 1865 1837 1836
f 1866 1852 1853
f 1865 1838 1837
f 1866 1853 1854
f 1865 1839 1838
f 1866 1854 1855
f 1865 1840 1839
f 1866 1855 1856
f 1865 1841 1840
f 1866 1856 1857
f 1865 1842 1841
f 1866 1857 1858
f 1865 1843 1842
f 1866 1858 1859
f 1865 1844 1843
f 1866 1859 1860
f 1865 1845 1844
f 1866 1860 1861
f 1865 1846 1845
f 1866 1861 1862
f 1865 1847 1846
f 1866 1862 1863
f 1865 1848 1847
f 1866 1863 1864
f 1865 1833 1848
f 1866 1864 1849

o 13
usemtl conduit_13
# 13: 51 -> 12; shape=CIRCULAR; geom1=0.35; geom2=0; geom3=0; distance_length_ratio=1.13029
v 2578211.784105 420.119028 1215860.021715
v 2578211.761165 420.164578 1215859.976313
v 2578211.761520 420.203194 1215859.920000
v 2578211.785117 420.228996 1215859.861350
v 2578211.828363 420.238057 1215859.809292
v 2578211.884673 420.228996 1215859.771750
v 2578211.945476 420.203194 1215859.754440
v 2578212.001515 420.164578 1215859.759998
v 2578212.044258 420.119028 1215859.787577
v 2578212.067198 420.073478 1215859.832979
v 2578212.066842 420.034863 1215859.889291
v 2578212.043246 420.009060 1215859.947941
v 2578212.000000 420.000000 1215860.000000
v 2578211.943689 420.009060 1215860.037542
v 2578211.882886 420.034863 1215860.054852
v 2578211.826848 420.073478 1215860.049294
v 2578229.784105 449.119028 1215880.021715
v 2578229.761165 449.164578 1215879.976313
v 2578229.761520 449.203194 1215879.920000
v 2578229.785117 449.228996 1215879.861350
v 2578229.828363 449.238057 1215879.809292
v 2578229.884673 449.228996 1215879.771750
v 2578229.945476 449.203194 1215879.754440
v 2578230.001515 449.164578 1215879.759998
v 2578230.044258 449.119028 1215879.787577
v 2578230.067198 449.073478 1215879.832979
v 2578230.066842 449.034863 1215879.889291
v 2578230.043246 449.009060 1215879.947941
v 2578230.000000 449.000000 1215880.000000
v 2578229.943689 449.009060 1215880.037542
v 2578229.882886 449.034863 1215880.054852
v 2578229.826848 449.073478 1215880.049294
v 2578211.914181 420.119028 1215859.904646
v 2578229.914181 449.119028 1215879.904646
f 1867 1868 1883
f 1867 1884 1883
f 1868 1869 1884
f 1868 1885 1884
f 1869 1870 1885
f 1869 1886 1885
f 1870 1871 1886
f 1870 1887 1886
f 1871 1872 1887
f 1871 1888 1887
f 1872 1873 1888
f 1872 1889 1888
f 1873 1874 1889
f 1873 1890 1889
f 1874 1875 1890
f 1874 1891 1890
f 1875 1876 1891
f 1875 1892 1891
f 1876 1877 1892
f 1876 1893 1892
f 1877 1878 1893
f 1877 1894 1893
f 1878 1879 1894
f 1878 1895 1894
f 1879 1880 1895
f 1879 1896 1895
f 1880 1881 1896
f 1880 1897 1896
f 1881 1882 1897
f 1881 1898 1897
f 1882 1867 1898
f 1882 1883 1898
f 1899 1868 1867
f 1900 1883 1884
f 1899 1869 1868
f 1900 1884 1885
f 1899 1870 1869
f 1900 1885 1886
f 1899 1871 1870
f 1900 1886 1887
f 1899 1872 1871
f 1900 1887 1888
f 1899 1873 1872
f 1900 1888 1889
f 1899 1874 1873
f 1900 1889 1890
f 1899 1875 1874
f 1900 1890 1891
f 1899 1876 1875
f 1900 1891 1892
f 1899 1877 1876
f 1900 1892 1893
f 1899 1878 1877
f 1900 1893 1894
f 1899 1879 1878
f 1900 1894 1895
f 1899 1880 1879
f 1900 1895 1896
f 1899 1881 1880
f 1900 1896 1897
f 1899 1882 1881
f 1900 1897 1898
f 1899 1867 1882
f 1900 1898 1883

o 22
usemtl conduit_22
# 22: 12 -> 40; shape=CIRCULAR; geom1=0.35; geom2=0; geom3=0; distance_length_ratio=1.17925
v 2578230.194439 449.135046 1215880.072153
v 2578230.220321 449.186726 1215880.035798
v 2578230.226161 449.230538 1215879.983752
v 2578230.211069 449.259812 1215879.923938
v 2578230.177343 449.270092 1215879.865464
v 2578230.130118 449.259812 1215879.817230
v 2578230.076583 449.230538 1215879.786581
v 2578230.024888 449.186726 1215879.778181
v 2578229.982904 449.135046 1215879.793311
v 2578229.957022 449.083366 1215879.829666
v 2578229.951182 449.039554 1215879.881712
v 2578229.966274 449.010280 1215879.941525
v 2578230.000000 449.000000 1215880.000000
v 2578230.047225 449.010280 1215880.048234
v 2578230.100760 449.039554 1215880.078883
v 2578230.152455 449.083366 1215880.087282
v 2578259.194439 419.135046 1215858.072153
v 2578259.220321 419.186726 1215858.035798
v 2578259.226161 419.230538 1215857.983752
v 2578259.211069 419.259812 1215857.923938
v 2578259.177343 419.270092 1215857.865464
v 2578259.130118 419.259812 1215857.817230
v 2578259.076583 419.230538 1215857.786581
v 2578259.024888 419.186726 1215857.778181
v 2578258.982904 419.135046 1215857.793311
v 2578258.957022 419.083366 1215857.829666
v 2578258.951182 419.039554 1215857.881712
v 2578258.966274 419.010280 1215857.941525
v 2578259.000000 419.000000 1215858.000000
v 2578259.047225 419.010280 1215858.048234
v 2578259.100760 419.039554 1215858.078883
v 2578259.152455 419.083366 1215858.087282
v 2578230.088672 449.135046 1215879.932732
v 2578259.088672 419.135046 1215857.932732
f 1901 1902 1917
f 1901 1918 1917
f 1902 1903 1918
f 1902 1919 1918
f 1903 1904 1919
f 1903 1920 1919
f 1904 1905 1920
f 1904 1921 1920
f 1905 1906 1921
f 1905 1922 1921
f 1906 1907 1922
f 1906 1923 1922
f 1907 1908 1923
f 1907 1924 1923
f 1908 1909 1924
f 1908 1925 1924
f 1909 1910 1925
f 1909 1926 1925
f 1910 1911 1926
f 1910 1927 1926
f 1911 1912 1927
f 1911 1928 1927
f 1912 1913 1928
f 1912 1929 1928
f 1913 1914 1929
f 1913 1930 1929
f 1914 1915 1930
f 1914 1931 1930
f 1915 1916 1931
f 1915 1932 1931
f 1916 1901 1932
f 1916 1917 1932
f 1933 1902 1901
f 1934 1917 1918
f 1933 1903 1902
f 1934 1918 1919
f 1933 1904 1903
f 1934 1919 1920
f 1933 1905 1904
f 1934 1920 1921
f 1933 1906 1905
f 1934 1921 1922
f 1933 1907 1906
f 1934 1922 1923
f 1933 1908 1907
f 1934 1923 1924
f 1933 1909 1908
f 1934 1924 1925
f 1933 1910 1909
f 1934 1925 1926
f 1933 1911 1910
f 1934 1926 1927
f 1933 1912 1911
f 1934 1927 1928
f 1933 1913 1912
f 1934 1928 1929
f 1933 1914 1913
f 1934 1929 1930
f 1933 1915 1914
f 1934 1930 1931
f 1933 1916 1915
f 1934 1931 1932
f 1933 1901 1916
f 1934 1932 1917

o 24
usemtl conduit_24
# 24: 51 -> 14; shape=RECT_OPEN; geom1=4; geom2=0.18; geom3=0; distance_length_ratio=1.14482
v 2578209.600430 420.973654 1215861.137567
v 2578209.048028 421.346256 1215860.731384
v 2578208.701129 421.662132 1215860.107808
v 2578208.612546 421.873194 1215859.361772
v 2578208.795764 421.947309 1215858.606854
v 2578209.222889 421.873194 1215857.957982
v 2578209.828897 421.662132 1215857.513942
v 2578210.521527 421.346256 1215857.342335
v 2578211.195334 420.973654 1215857.469287
v 2578211.747736 420.601053 1215857.875469
v 2578212.094634 420.285177 1215858.499046
v 2578212.183218 420.074115 1215859.245081
v 2578212.000000 420.000000 1215860.000000
v 2578211.572874 420.074115 1215860.648872
v 2578210.966867 420.285177 1215861.092911
v 2578210.274236 420.601053 1215861.264518
v 2578232.600430 465.973654 1215871.137567
v 2578232.048028 466.346256 1215870.731384
v 2578231.701129 466.662132 1215870.107808
v 2578231.612546 466.873194 1215869.361772
v 2578231.795764 466.947309 1215868.606854
v 2578232.222889 466.873194 1215867.957982
v 2578232.828897 466.662132 1215867.513942
v 2578233.521527 466.346256 1215867.342335
v 2578234.195334 465.973654 1215867.469287
v 2578234.747736 465.601053 1215867.875469
v 2578235.094634 465.285177 1215868.499046
v 2578235.183218 465.074115 1215869.245081
v 2578235.000000 465.000000 1215870.000000
v 2578234.572874 465.074115 1215870.648872
v 2578233.966867 465.285177 1215871.092911
v 2578233.274236 465.601053 1215871.264518
v 2578210.397882 420.973654 1215859.303427
v 2578233.397882 465.973654 1215869.303427
f 1935 1936 1951
f 1935 1952 1951
f 1936 1937 1952
f 1936 1953 1952
f 1937 1938 1953
f 1937 1954 1953
f 1938 1939 1954
f 1938 1955 1954
f 1939 1940 1955
f 1939 1956 1955
f 1940 1941 1956
f 1940 1957 1956
f 1941 1942 1957
f 1941 1958 1957
f 1942 1943 1958
f 1942 1959 1958
f 1943 1944 1959
f 1943 1960 1959
f 1944 1945 1960
f 1944 1961 1960
f 1945 1946 1961
f 1945 1962 1961
f 1946 1947 1962
f 1946 1963 1962
f 1947 1948 1963
f 1947 1964 1963
f 1948 1949 1964
f 1948 1965 1964
f 1949 1950 1965
f 1949 1966 1965
f 1950 1935 1966
f 1950 1951 1966
f 1967 1936 1935
f 1968 1951 1952
f 1967 1937 1936
f 1968 1952 1953
f 1967 1938 1937
f 1968 1953 1954
f 1967 1939 1938
f 1968 1954 1955
f 1967 1940 1939
f 1968 1955 1956
f 1967 1941 1940
f 1968 1956 1957
f 1967 1942 1941
f 1968 1957 1958
f 1967 1943 1942
f 1968 1958 1959
f 1967 1944 1943
f 1968 1959 1960
f 1967 1945 1944
f 1968 1960 1961
f 1967 1946 1945
f 1968 1961 1962
f 1967 1947 1946
f 1968 1962 1963
f 1967 1948 1947
f 1968 1963 1964
f 1967 1949 1948
f 1968 1964 1965
f 1967 1950 1949
f 1968 1965 1966
f 1967 1935 1950
f 1968 1966 1951

o 30
usemtl conduit_30
# 30: 14 -> 40; shape=RECT_OPEN; geom1=4; geom2=0.18; geom3=0; distance_length_ratio=0.665676
v 2578237.439609 466.007728 1215871.016263
v 2578237.962841 466.393368 1215870.584437
v 2578238.270247 466.720299 1215869.946016
v 2578238.315027 466.938746 1215869.198193
v 2578238.090364 467.015455 1215868.454818
v 2578237.630462 466.938746 1215867.829063
v 2578237.005336 466.720299 1215867.416193
v 2578236.310155 466.393368 1215867.279065
v 2578235.650755 466.007728 1215867.438554
v 2578235.127524 465.622087 1215867.870381
v 2578234.820118 465.295157 1215868.508802
v 2578234.775338 465.076709 1215869.256625
v 2578235.000000 465.000000 1215870.000000
v 2578235.459902 465.076709 1215870.625755
v 2578236.085029 465.295157 1215871.038624
v 2578236.780210 465.622087 1215871.175753
v 2578261.439609 420.007728 1215859.016263
v 2578261.962841 420.393368 1215858.584437
v 2578262.270247 420.720299 1215857.946016
v 2578262.315027 420.938746 1215857.198193
v 2578262.090364 421.015455 1215856.454818
v 2578261.630462 420.938746 1215855.829063
v 2578261.005336 420.720299 1215855.416193
v 2578260.310155 420.393368 1215855.279065
v 2578259.650755 420.007728 1215855.438554
v 2578259.127524 419.622087 1215855.870381
v 2578258.820118 419.295157 1215856.508802
v 2578258.775338 419.076709 1215857.256625
v 2578259.000000 419.000000 1215858.000000
v 2578259.459902 419.076709 1215858.625755
v 2578260.085029 419.295157 1215859.038624
v 2578260.780210 419.622087 1215859.175753
v 2578236.545182 466.007728 1215869.227409
v 2578260.545182 420.007728 1215857.227409
f 1969 1970 1985
f 1969 1986 1985
f 1970 1971 1986
f 1970 1987 1986
f 1971 1972 1987
f 1971 1988 1987
f 1972 1973 1988
f 1972 1989 1988
f 1973 1974 1989
f 1973 1990 1989
f 1974 1975 1990
f 1974 1991 1990
f 1975 1976 1991
f 1975 1992 1991
f 1976 1977 1992
f 1976 1993 1992
f 1977 1978 1993
f 1977 1994 1993
f 1978 1979 1994
f 1978 1995 1994
f 1979 1980 1995
f 1979 1996 1995
f 1980 1981 1996
f 1980 1997 1996
f 1981 1982 1997
f 1981 1998 1997
f 1982 1983 1998
f 1982 1999 1998
f 1983 1984 1999
f 1983 2000 1999
f 1984 1969 2000
f 1984 1985 2000
f 2001 1970 1969
f 2002 1985 1986
f 2001 1971 1970
f 2002 1986 1987
f 2001 1972 1971
f 2002 1987 1988
f 2001 1973 1972
f 2002 1988 1989
f 2001 1974 1973
f 2002 1989 1990
f 2001 1975 1974
f 2002 1990 1991
f 2001 1976 1975
f 2002 1991 1992
f 2001 1977 1976
f 2002 1992 1993
f 2001 1978 1977
f 2002 1993 1994
f 2001 1979 1978
f 2002 1994 1995
f 2001 1980 1979
f 2002 1995 1996
f 2001 1981 1980
f 2002 1996 1997
f 2001 1982 1981
f 2002 1997 1998
f 2001 1983 1982
f 2002 1998 1999
f 2001 1984 1983
f 2002 1999 2000
f 2001 1969 1984
f 2002 2000 1985

o 34
usemtl conduit_34
# 34: 9 -> 15; shape=CIRCULAR; geom1=0.55; geom2=0; geom3=0; distance_length_ratio=0.794117
v 2578174.970341 438.727375 1215900.314119
v 2578174.907747 438.814388 1215900.319031
v 2578174.837680 438.888153 1215900.284937
v 2578174.770806 438.937442 1215900.217028
v 2578174.717305 438.954750 1215900.125642
v 2578174.685323 438.937442 1215900.024693
v 2578174.679729 438.888153 1215899.929548
v 2578174.701375 438.814388 1215899.854692
v 2578174.746964 438.727375 1215899.811523
v 2578174.809557 438.640362 1215899.806611
v 2578174.879625 438.566597 1215899.840705
v 2578174.946499 438.517308 1215899.908614
v 2578175.000000 438.500000 1215900.000000
v 2578175.031982 438.517308 1215900.100950
v 2578175.037576 438.566597 1215900.196095
v 2578175.015930 438.640362 1215900.270950
v 2578219.970341 472.227375 1215880.314119
v 2578219.907747 472.314388 1215880.319031
v 2578219.837680 472.388153 1215880.284937
v 2578219.770806 472.437442 1215880.217028
v 2578219.717305 472.454750 1215880.125642
v 2578219.685323 472.437442 1215880.024693
v 2578219.679729 472.388153 1215879.929548
v 2578219.701375 472.314388 1215879.854692
v 2578219.746964 472.227375 1215879.811523
v 2578219.809557 472.140362 1215879.806611
v 2578219.879625 472.066597 1215879.840705
v 2578219.946499 472.017308 1215879.908614
v 2578220.000000 472.000000 1215880.000000
v 2578220.031982 472.017308 1215880.100950
v 2578220.037576 472.066597 1215880.196095
v 2578220.015930 472.140362 1215880.270950
v 2578174.858652 438.727375 1215900.062821
v 2578219.858652 472.227375 1215880.062821
f 2003 2004 2019
f 2003 2020 2019
f 2004 2005 2020
f 2004 2021 2020
f 2005 2006 2021
f 2005 2022 2021
f 2006 2007 2022
f 2006 2023 2022
f 2007 2008 2023
f 2007 2024 2023
f 2008 2009 2024
f 2008 2025 2024
f 2009 2010 2025
f 2009 2026 2025
f 2010 2011 2026
f 2010 2027 2026
f 2011 2012 2027
f 2011 2028 2027
f 2012 2013 2028
f 2012 2029 2028
f 2013 2014 2029
f 2013 2030 2029
f 2014 2015 2030
f 2014 2031 2030
f 2015 2016 2031
f 2015 2032 2031
f 2016 2017 2032
f 2016 2033 2032
f 2017 2018 2033
f 2017 2034 2033
f 2018 2003 2034
f 2018 2019 2034
f 2035 2004 2003
f 2036 2019 2020
f 2035 2005 2004
f 2036 2020 2021
f 2035 2006 2005
f 2036 2021 2022
f 2035 2007 2006
f 2036 2022 2023
f 2035 2008 2007
f 2036 2023 2024
f 2035 2009 2008
f 2036 2024 2025
f 2035 2010 2009
f 2036 2025 2026
f 2035 2011 2010
f 2036 2026 2027
f 2035 2012 2011
f 2036 2027 2028
f 2035 2013 2012
f 2036 2028 2029
f 2035 2014 2013
f 2036 2029 2030
f 2035 2015 2014
f 2036 2030 2031
f 2035 2016 2015
f 2036 2031 2032
f 2035 2017 2016
f 2036 2032 2033
f 2035 2018 2017
f 2036 2033 2034
f 2035 2003 2018
f 2036 2034 2019

o 36
usemtl conduit_36
# 36: 15 -> SonSto_F_sup; shape=CIRCULAR; geom1=0.55; geom2=0; geom3=0; distance_length_ratio=0.65146
v 2578220.341089 472.185928 1215880.018410
v 2578220.374223 472.257080 1215879.945247
v 2578220.369995 472.317400 1215879.856608
v 2578220.329048 472.357704 1215879.765987
v 2578220.257616 472.371857 1215879.687180
v 2578220.166575 472.357704 1215879.632186
v 2578220.069784 472.317400 1215879.609376
v 2578219.981979 472.257080 1215879.622222
v 2578219.916527 472.185928 1215879.668771
v 2578219.883394 472.114777 1215879.741933
v 2578219.887622 472.054457 1215879.830573
v 2578219.928569 472.014153 1215879.921193
v 2578220.000000 472.000000 1215880.000000
v 2578220.091041 472.014153 1215880.054995
v 2578220.187832 472.054457 1215880.077805
v 2578220.275637 472.114777 1215880.064958
v 2578234.341089 448.185928 1215863.018410
v 2578234.374223 448.257080 1215862.945247
v 2578234.369995 448.317400 1215862.856608
v 2578234.329048 448.357704 1215862.765987
v 2578234.257616 448.371857 1215862.687180
v 2578234.166575 448.357704 1215862.632186
v 2578234.069784 448.317400 1215862.609376
v 2578233.981979 448.257080 1215862.622222
v 2578233.916527 448.185928 1215862.668771
v 2578233.883394 448.114777 1215862.741933
v 2578233.887622 448.054457 1215862.830573
v 2578233.928569 448.014153 1215862.921193
v 2578234.000000 448.000000 1215863.000000
v 2578234.091041 448.014153 1215863.054995
v 2578234.187832 448.054457 1215863.077805
v 2578234.275637 448.114777 1215863.064958
v 2578220.128808 472.185928 1215879.843590
v 2578234.128808 448.185928 1215862.843590
f 2037 2038 2053
f 2037 2054 2053
f 2038 2039 2054
f 2038 2055 2054
f 2039 2040 2055
f 2039 2056 2055
f 2040 2041 2056
f 2040 2057 2056
f 2041 2042 2057
f 2041 2058 2057
f 2042 2043 2058
f 2042 2059 2058
f 2043 2044 2059
f 2043 2060 2059
f 2044 2045 2060
f 2044 2061 2060
f 2045 2046 2061
f 2045 2062 2061
f 2046 2047 2062
f 2046 2063 2062
f 2047 2048 2063
f 2047 2064 2063
f 2048 2049 2064
f 2048 2065 2064
f 2049 2050 2065
f 2049 2066 2065
f 2050 2051 2066
f 2050 2067 2066
f 2051 2052 2067
f 2051 2068 2067
f 2052 2037 2068
f 2052 2053 2068
f 2069 2038 2037
f 2070 2053 2054
f 2069 2039 2038
f 2070 2054 2055
f 2069 2040 2039
f 2070 2055 2056
f 2069 2041 2040
f 2070 2056 2057
f 2069 2042 2041
f 2070 2057 2058
f 2069 2043 2042
f 2070 2058 2059
f 2069 2044 2043
f 2070 2059 2060
f 2069 2045 2044
f 2070 2060 2061
f 2069 2046 2045
f 2070 2061 2062
f 2069 2047 2046
f 2070 2062 2063
f 2069 2048 2047
f 2070 2063 2064
f 2069 2049 2048
f 2070 2064 2065
f 2069 2050 2049
f 2070 2065 2066
f 2069 2051 2050
f 2070 2066 2067
f 2069 2052 2051
f 2070 2067 2068
f 2069 2037 2052
f 2070 2068 2053

o 38
usemtl conduit_38
# 38: 8 -> SondeGischeren; shape=CIRCULAR; geom1=1; geom2=0; geom3=0; distance_length_ratio=0.734575
v 2578222.787429 474.484757 1215890.468855
v 2578222.847811 474.670265 1215890.467895
v 2578222.946029 474.827531 1215890.407226
v 2578223.067131 474.932613 1215890.296084
v 2578223.192679 474.969513 1215890.151391
v 2578223.303561 474.932613 1215889.995173
v 2578223.382895 474.827531 1215889.851215
v 2578223.418604 474.670265 1215889.741431
v 2578223.405250 474.484757 1215889.682536
v 2578223.344868 474.299248 1215889.683496
v 2578223.246650 474.141982 1215889.744165
v 2578223.125548 474.036900 1215889.855306
v 2578223.000000 474.000000 1215890.000000
v 2578222.889118 474.036900 1215890.156217
v 2578222.809784 474.141982 1215890.300176
v 2578222.774076 474.299248 1215890.409960
v 2578250.787429 465.484757 1215912.468855
v 2578250.847811 465.670265 1215912.467895
v 2578250.946029 465.827531 1215912.407226
v 2578251.067131 465.932613 1215912.296084
v 2578251.192679 465.969513 1215912.151391
v 2578251.303561 465.932613 1215911.995173
v 2578251.382895 465.827531 1215911.851215
v 2578251.418604 465.670265 1215911.741431
v 2578251.405250 465.484757 1215911.682536
v 2578251.344868 465.299248 1215911.683496
v 2578251.246650 465.141982 1215911.744165
v 2578251.125548 465.036900 1215911.855306
v 2578251.000000 465.000000 1215912.000000
v 2578250.889118 465.036900 1215912.156217
v 2578250.809784 465.141982 1215912.300176
v 2578250.774076 465.299248 1215912.409960
v 2578223.096340 474.484757 1215890.075695
v 2578251.096340 465.484757 1215912.075695
f 2071 2072 2087
f 2071 2088 2087
f 2072 2073 2088
f 2072 2089 2088
f 2073 2074 2089
f 2073 2090 2089
f 2074 2075 2090
f 2074 2091 2090
f 2075 2076 2091
f 2075 2092 2091
f 2076 2077 2092
f 2076 2093 2092
f 2077 2078 2093
f 2077 2094 2093
f 2078 2079 2094
f 2078 2095 2094
f 2079 2080 2095
f 2079 2096 2095
f 2080 2081 2096
f 2080 2097 2096
f 2081 2082 2097
f 2081 2098 2097
f 2082 2083 2098
f 2082 2099 2098
f 2083 2084 2099
f 2083 2100 2099
f 2084 2085 2100
f 2084 2101 2100
f 2085 2086 2101
f 2085 2102 2101
f 2086 2071 2102
f 2086 2087 2102
f 2103 2072 2071
f 2104 2087 2088
f 2103 2073 2072
f 2104 2088 2089
f 2103 2074 2073
f 2104 2089 2090
f 2103 2075 2074
f 2104 2090 2091
f 2103 2076 2075
f 2104 2091 2092
f 2103 2077 2076
f 2104 2092 2093
f 2103 2078 2077
f 2104 2093 2094
f 2103 2079 2078
f 2104 2094 2095
f 2103 2080 2079
f 2104 2095 2096
f 2103 2081 2080
f 2104 2096 2097
f 2103 2082 2081
f 2104 2097 2098
f 2103 2083 2082
f 2104 2098 2099
f 2103 2084 2083
f 2104 2099 2100
f 2103 2085 2084
f 2104 2100 2101
f 2103 2086 2085
f 2104 2101 2102
f 2103 2071 2086
f 2104 2102 2087

o 48
usemtl conduit_48
# 48: Syst_Est_amont -> Syst_Est_interm; shape=CIRCULAR; geom1=1; geom2=0; geom3=0; distance_length_ratio=0.964617
v 2578942.256765 430.499122 1216615.415958
v 2578942.218014 430.690128 1216615.407276
v 2578942.109223 430.852054 1216615.405166
v 2578941.946955 430.960250 1216615.409952
v 2578941.755913 430.998244 1216615.420902
v 2578941.565183 430.960250 1216615.436351
v 2578941.403801 430.852054 1216615.453947
v 2578941.296335 430.690128 1216615.471011
v 2578941.259148 430.499122 1216615.484944
v 2578941.297899 430.308116 1216615.493627
v 2578941.406690 430.146189 1216615.495736
v 2578941.568959 430.037993 1216615.490951
v 2578941.760000 430.000000 1216615.480000
v 2578941.950730 430.037993 1216615.464551
v 2578942.112113 430.146189 1216615.446955
v 2578942.219578 430.308116 1216615.429891
v 2578919.006765 410.499122 1216279.195958
v 2578918.968014 410.690128 1216279.187276
v 2578918.859223 410.852054 1216279.185166
v 2578918.696955 410.960250 1216279.189952
v 2578918.505913 410.998244 1216279.200902
v 2578918.315183 410.960250 1216279.216351
v 2578918.153801 410.852054 1216279.233947
v 2578918.046335 410.690128 1216279.251011
v 2578918.009148 410.499122 1216279.264944
v 2578918.047899 410.308116 1216279.273627
v 2578918.156690 410.146189 1216279.275736
v 2578918.318959 410.037993 1216279.270951
v 2578918.510000 410.000000 1216279.260000
v 2578918.700730 410.037993 1216279.244551
v 2578918.862113 410.146189 1216279.226955
v 2578918.969578 410.308116 1216279.209891
v 2578941.757957 430.499122 1216615.450451
v 2578918.507957 410.499122 1216279.230451
f 2105 2106 2121
f 2105 2122 2121
f 2106 2107 2122
f 2106 2123 2122
f 2107 2108 2123
f 2107 2124 2123
f 2108 2109 2124
f 2108 2125 2124
f 2109 2110 2125
f 2109 2126 2125
f 2110 2111 2126
f 2110 2127 2126
f 2111 2112 2127
f 2111 2128 2127
f 2112 2113 2128
f 2112 2129 2128
f 2113 2114 2129
f 2113 2130 2129
f 2114 2115 2130
f 2114 2131 2130
f 2115 2116 2131
f 2115 2132 2131
f 2116 2117 2132
f 2116 2133 2132
f 2117 2118 2133
f 2117 2134 2133
f 2118 2119 2134
f 2118 2135 2134
f 2119 2120 2135
f 2119 2136 2135
f 2120 2105 2136
f 2120 2121 2136
f 2137 2106 2105
f 2138 2121 2122
f 2137 2107 2106
f 2138 2122 2123
f 2137 2108 2107
f 2138 2123 2124
f 2137 2109 2108
f 2138 2124 2125
f 2137 2110 2109
f 2138 2125 2126
f 2137 2111 2110
f 2138 2126 2127
f 2137 2112 2111
f 2138 2127 2128
f 2137 2113 2112
f 2138 2128 2129
f 2137 2114 2113
f 2138 2129 2130
f 2137 2115 2114
f 2138 2130 2131
f 2137 2116 2115
f 2138 2131 2132
f 2137 2117 2116
f 2138 2132 2133
f 2137 2118 2117
f 2138 2133 2134
f 2137 2119 2118
f 2138 2134 2135
f 2137 2120 2119
f 2138 2135 2136
f 2137 2105 2120
f 2138 2136 2121

o 54
usemtl conduit_54
# 54: Syst_Est_interm -> Syst_Est_aval; shape=CIRCULAR; geom1=1.5; geom2=0; geom3=0; distance_length_ratio=1.00328
v 2578919.196489 410.747453 1216279.568296
v 2578919.134786 411.033491 1216279.571540
v 2578918.974830 411.275983 1216279.536218
v 2578918.740973 411.438010 1216279.467708
v 2578918.468818 411.494907 1216279.376440
v 2578918.199798 411.438010 1216279.276309
v 2578917.974868 411.275983 1216279.182558
v 2578917.828272 411.033491 1216279.109460
v 2578917.782329 410.747453 1216279.068144
v 2578917.844032 410.461415 1216279.064900
v 2578918.003988 410.218924 1216279.100222
v 2578918.237845 410.056896 1216279.168732
v 2578918.510000 410.000000 1216279.260000
v 2578918.779020 410.056896 1216279.360132
v 2578919.003950 410.218924 1216279.453882
v 2578919.150546 410.461415 1216279.526980
v 2578995.876489 429.747453 1216062.758296
v 2578995.814786 430.033491 1216062.761540
v 2578995.654830 430.275983 1216062.726218
v 2578995.420973 430.438010 1216062.657708
v 2578995.148818 430.494907 1216062.566440
v 2578994.879798 430.438010 1216062.466309
v 2578994.654868 430.275983 1216062.372558
v 2578994.508272 430.033491 1216062.299460
v 2578994.462329 429.747453 1216062.258144
v 2578994.524032 429.461415 1216062.254900
v 2578994.683988 429.218924 1216062.290222
v 2578994.917845 429.056896 1216062.358732
v 2578995.190000 429.000000 1216062.450000
v 2578995.459020 429.056896 1216062.550132
v 2578995.683950 429.218924 1216062.643882
v 2578995.830546 429.461415 1216062.716980
v 2578918.489409 410.747453 1216279.318220
v 2578995.169409 429.747453 1216062.508220
f 2139 2140 2155
f 2139 2156 2155
f 2140 2141 2156
f 2140 2157 2156
f 2141 2142 2157
f 2141 2158 2157
f 2142 2143 2158
f 2142 2159 2158
f 2143 2144 2159
f 2143 2160 2159
f 2144 2145 2160
f 2144 2161 2160
f 2145 2146 2161
f 2145 2162 2161
f 2146 2147 2162
f 2146 2163 2162
f 2147 2148 2163
f 2147 2164 2163
f 2148 2149 2164
f 2148 2165 2164
f 2149 2150 2165
f 2149 2166 2165
f 2150 2151 2166
f 2150 2167 2166
f 2151 2152 2167
f 2151 2168 2167
f 2152 2153 2168
f 2152 2169 2168
f 2153 2154 2169
f 2153 2170 2169
f 2154 2139 2170
f 2154 2155 2170
f 2171 2140 2139
f 2172 2155 2156
f 2171 2141 2140
f 2172 2156 2157
f 2171 2142 2141
f 2172 2157 2158
f 2171 2143 2142
f 2172 2158 2159
f 2171 2144 2143
f 2172 2159 2160
f 2171 2145 2144
f 2172 2160 2161
f 2171 2146 2145
f 2172 2161 2162
f 2171 2147 2146
f 2172 2162 2163
f 2171 2148 2147
f 2172 2163 2164
f 2171 2149 2148
f 2172 2164 2165
f 2171 2150 2149
f 2172 2165 2166
f 2171 2151 2150
f 2172 2166 2167
f 2171 2152 2151
f 2172 2167 2168
f 2171 2153 2152
f 2172 2168 2169
f 2171 2154 2153
f 2172 2169 2170
f 2171 2139 2154
f 2172 2170 2155

o 68
usemtl conduit_68
# 68: SonSto_F_sup -> SonSto_F; shape=CIRCULAR; geom1=3; geom2=0; geom3=0; distance_length_ratio=1.04422
v 2578233.313619 448.321206 1215864.981340
v 2578233.666502 448.444126 1215865.431791
v 2578234.169915 448.548333 1215865.711538
v 2578234.747217 448.617961 1215865.777994
v 2578235.310520 448.642412 1215865.621039
v 2578235.774065 448.617961 1215865.264570
v 2578236.067282 448.548333 1215864.762855
v 2578236.145531 448.444126 1215864.192276
v 2578235.996901 448.321206 1215863.639699
v 2578235.644017 448.198286 1215863.189248
v 2578235.140604 448.094079 1215862.909501
v 2578234.563302 448.024450 1215862.843046
v 2578234.000000 448.000000 1215863.000000
v 2578233.536455 448.024450 1215863.356469
v 2578233.243238 448.094079 1215863.858184
v 2578233.164988 448.198286 1215864.428763
v 2578234.313619 438.121206 1215866.981340
v 2578234.666502 438.244126 1215867.431791
v 2578235.169915 438.348333 1215867.711538
v 2578235.747217 438.417961 1215867.777994
v 2578236.310520 438.442412 1215867.621039
v 2578236.774065 438.417961 1215867.264570
v 2578237.067282 438.348333 1215866.762855
v 2578237.145531 438.244126 1215866.192276
v 2578236.996901 438.121206 1215865.639699
v 2578236.644017 437.998286 1215865.189248
v 2578236.140604 437.894079 1215864.909501
v 2578235.563302 437.824450 1215864.843046
v 2578235.000000 437.800000 1215865.000000
v 2578234.536455 437.824450 1215865.356469
v 2578234.243238 437.894079 1215865.858184
v 2578234.164988 437.998286 1215866.428763
v 2578234.655260 448.321206 1215864.310520
v 2578235.655260 438.121206 1215866.310520
f 2173 2174 2189
f 2173 2190 2189
f 2174 2175 2190
f 2174 2191 2190
f 2175 2176 2191
f 2175 2192 2191
f 2176 2177 2192
f 2176 2193 2192
f 2177 2178 2193
f 2177 2194 2193
f 2178 2179 2194
f 2178 2195 2194
f 2179 2180 2195
f 2179 2196 2195
f 2180 2181 2196
f 2180 2197 2196
f 2181 2182 2197
f 2181 2198 2197
f 2182 2183 2198
f 2182 2199 2198
f 2183 2184 2199
f 2183 2200 2199
f 2184 2185 2200
f 2184 2201 2200
f 2185 2186 2201
f 2185 2202 2201
f 2186 2187 2202
f 2186 2203 2202
f 2187 2188 2203
f 2187 2204 2203
f 2188 2173 2204
f 2188 2189 2204
f 2205 2174 2173
f 2206 2189 2190
f 2205 2175 2174
f 2206 2190 2191
f 2205 2176 2175
f 2206 2191 2192
f 2205 2177 2176
f 2206 2192 2193
f 2205 2178 2177
f 2206 2193 2194
f 2205 2179 2178
f 2206 2194 2195
f 2205 2180 2179
f 2206 2195 2196
f 2205 2181 2180
f 2206 2196 2197
f 2205 2182 2181
f 2206 2197 2198
f 2205 2183 2182
f 2206 2198 2199
f 2205 2184 2183
f 2206 2199 2200
f 2205 2185 2184
f 2206 2200 2201
f 2205 2186 2185
f 2206 2201 2202
f 2205 2187 2186
f 2206 2202 2203
f 2205 2188 2187
f 2206 2203 2204
f 2205 2173 2188
f 2206 2204 2189

o 73
usemtl conduit_73
# 73: SonSto_porte -> 2; shape=CIRCULAR; geom1=2; geom2=0; geom3=0; distance_length_ratio=0.781141
v 2578202.529683 439.499997 1215821.151801
v 2578202.488407 439.882679 1215821.215766
v 2578202.372458 440.207102 1215821.398923
v 2578202.199488 440.423874 1215821.673391
v 2578201.995830 440.499994 1215821.997382
v 2578201.792490 440.423874 1215822.321572
v 2578201.620424 440.207102 1215822.596607
v 2578201.505827 439.882679 1215822.780614
v 2578201.466147 439.499997 1215822.845581
v 2578201.507423 439.117315 1215822.781616
v 2578201.623372 438.792892 1215822.598458
v 2578201.796342 438.576120 1215822.323991
v 2578202.000000 438.500000 1215822.000000
v 2578202.203340 438.576120 1215821.675810
v 2578202.375406 438.792892 1215821.400775
v 2578202.490003 439.117315 1215821.216768
v 2578030.529683 438.999997 1215713.151801
v 2578030.488407 439.382679 1215713.215766
v 2578030.372458 439.707102 1215713.398923
v 2578030.199488 439.923874 1215713.673391
v 2578029.995830 439.999994 1215713.997382
v 2578029.792490 439.923874 1215714.321572
v 2578029.620424 439.707102 1215714.596607
v 2578029.505827 439.382679 1215714.780614
v 2578029.466147 438.999997 1215714.845581
v 2578029.507423 438.617315 1215714.781616
v 2578029.623372 438.292892 1215714.598458
v 2578029.796342 438.076120 1215714.323991
v 2578030.000000 438.000000 1215714.000000
v 2578030.203340 438.076120 1215713.675810
v 2578030.375406 438.292892 1215713.400775
v 2578030.490003 438.617315 1215713.216768
v 2578201.997915 439.499997 1215821.998691
v 2578029.997915 438.999997 1215713.998691
f 2207 2208 2223
f 2207 2224 2223
f 2208 2209 2224
f 2208 2225 2224
f 2209 2210 2225
f 2209 2226 2225
f 2210 2211 2226
f 2210 2227 2226
f 2211 2212 2227
f 2211 2228 2227
f 2212 2213 2228
f 2212 2229 2228
f 2213 2214 2229
f 2213 2230 2229
f 2214 2215 2230
f 2214 2231 2230
f 2215 2216 2231
f 2215 2232 2231
f 2216 2217 2232
f 2216 2233 2232
f 2217 2218 2233
f 2217 2234 2233
f 2218 2219 2234
f 2218 2235 2234
f 2219 2220 2235
f 2219 2236 2235
f 2220 2221 2236
f 2220 2237 2236
f 2221 2222 2237
f 2221 2238 2237
f 2222 2207 2238
f 2222 2223 2238
f 2239 2208 2207
f 2240 2223 2224
f 2239 2209 2208
f 2240 2224 2225
f 2239 2210 2209
f 2240 2225 2226
f 2239 2211 2210
f 2240 2226 2227
f 2239 2212 2211
f 2240 2227 2228
f 2239 2213 2212
f 2240 2228 2229
f 2239 2214 2213
f 2240 2229 2230
f 2239 2215 2214
f 2240 2230 2231
f 2239 2216 2215
f 2240 2231 2232
f 2239 2217 2216
f 2240 2232 2233
f 2239 2218 2217
f 2240 2233 2234
f 2239 2219 2218
f 2240 2234 2235
f 2239 2220 2219
f 2240 2235 2236
f 2239 2221 2220
f 2240 2236 2237
f 2239 2222 2221
f 2240 2237 2238
f 2239 2207 2222
f 2240 2238 2223

o node_9
usemtl junction
# 9: swmm_type=junction; type=NotFixed; shape=sphere; radier_elevation=438.5
v 2578175.000000 440.500000 1215900.000000
v 2578175.000000 440.500000 1215900.000000
v 2578175.000000 440.500000 1215900.000000
v 2578175.000000 440.500000 1215900.000000
v 2578175.000000 440.500000 1215900.000000
v 2578175.000000 440.500000 1215900.000000
v 2578175.000000 440.500000 1215900.000000
v 2578175.000000 440.500000 1215900.000000
v 2578175.000000 440.500000 1215900.000000
v 2578175.000000 440.500000 1215900.000000
v 2578175.000000 440.500000 1215900.000000
v 2578175.000000 440.500000 1215900.000000
v 2578175.500000 440.366025 1215900.000000
v 2578175.433013 440.366025 1215900.250000
v 2578175.250000 440.366025 1215900.433013
v 2578175.000000 440.366025 1215900.500000
v 2578174.750000 440.366025 1215900.433013
v 2578174.566987 440.366025 1215900.250000
v 2578174.500000 440.366025 1215900.000000
v 2578174.566987 440.366025 1215899.750000
v 2578174.750000 440.366025 1215899.566987
v 2578175.000000 440.366025 1215899.500000
v 2578175.250000 440.366025 1215899.566987
v 2578175.433013 440.366025 1215899.750000
v 2578175.866025 440.000000 1215900.000000
v 2578175.750000 440.000000 1215900.433013
v 2578175.433013 440.000000 1215900.750000
v 2578175.000000 440.000000 1215900.866025
v 2578174.566987 440.000000 1215900.750000
v 2578174.250000 440.000000 1215900.433013
v 2578174.133975 440.000000 1215900.000000
v 2578174.250000 440.000000 1215899.566987
v 2578174.566987 440.000000 1215899.250000
v 2578175.000000 440.000000 1215899.133975
v 2578175.433013 440.000000 1215899.250000
v 2578175.750000 440.000000 1215899.566987
v 2578176.000000 439.500000 1215900.000000
v 2578175.866025 439.500000 1215900.500000
v 2578175.500000 439.500000 1215900.866025
v 2578175.000000 439.500000 1215901.000000
v 2578174.500000 439.500000 1215900.866025
v 2578174.133975 439.500000 1215900.500000
v 2578174.000000 439.500000 1215900.000000
v 2578174.133975 439.500000 1215899.500000
v 2578174.500000 439.500000 1215899.133975
v 2578175.000000 439.500000 1215899.000000
v 2578175.500000 439.500000 1215899.133975
v 2578175.866025 439.500000 1215899.500000
v 2578175.866025 439.000000 1215900.000000
v 2578175.750000 439.000000 1215900.433013
v 2578175.433013 439.000000 1215900.750000
v 2578175.000000 439.000000 1215900.866025
v 2578174.566987 439.000000 1215900.750000
v 2578174.250000 439.000000 1215900.433013
v 2578174.133975 439.000000 1215900.000000
v 2578174.250000 439.000000 1215899.566987
v 2578174.566987 439.000000 1215899.250000
v 2578175.000000 439.000000 1215899.133975
v 2578175.433013 439.000000 1215899.250000
v 2578175.750000 439.000000 1215899.566987
v 2578175.500000 438.633975 1215900.000000
v 2578175.433013 438.633975 1215900.250000
v 2578175.250000 438.633975 1215900.433013
v 2578175.000000 438.633975 1215900.500000
v 2578174.750000 438.633975 1215900.433013
v 2578174.566987 438.633975 1215900.250000
v 2578174.500000 438.633975 1215900.000000
v 2578174.566987 438.633975 1215899.750000
v 2578174.750000 438.633975 1215899.566987
v 2578175.000000 438.633975 1215899.500000
v 2578175.250000 438.633975 1215899.566987
v 2578175.433013 438.633975 1215899.750000
v 2578175.000000 438.500000 1215900.000000
v 2578175.000000 438.500000 1215900.000000
v 2578175.000000 438.500000 1215900.000000
v 2578175.000000 438.500000 1215900.000000
v 2578175.000000 438.500000 1215900.000000
v 2578175.000000 438.500000 1215900.000000
v 2578175.000000 438.500000 1215900.000000
v 2578175.000000 438.500000 1215900.000000
v 2578175.000000 438.500000 1215900.000000
v 2578175.000000 438.500000 1215900.000000
v 2578175.000000 438.500000 1215900.000000
v 2578175.000000 438.500000 1215900.000000
f 2241 2253 2242
f 2242 2254 2253
f 2242 2254 2243
f 2243 2255 2254
f 2243 2255 2244
f 2244 2256 2255
f 2244 2256 2245
f 2245 2257 2256
f 2245 2257 2246
f 2246 2258 2257
f 2246 2258 2247
f 2247 2259 2258
f 2247 2259 2248
f 2248 2260 2259
f 2248 2260 2249
f 2249 2261 2260
f 2249 2261 2250
f 2250 2262 2261
f 2250 2262 2251
f 2251 2263 2262
f 2251 2263 2252
f 2252 2264 2263
f 2252 2264 2241
f 2241 2253 2264
f 2253 2265 2254
f 2254 2266 2265
f 2254 2266 2255
f 2255 2267 2266
f 2255 2267 2256
f 2256 2268 2267
f 2256 2268 2257
f 2257 2269 2268
f 2257 2269 2258
f 2258 2270 2269
f 2258 2270 2259
f 2259 2271 2270
f 2259 2271 2260
f 2260 2272 2271
f 2260 2272 2261
f 2261 2273 2272
f 2261 2273 2262
f 2262 2274 2273
f 2262 2274 2263
f 2263 2275 2274
f 2263 2275 2264
f 2264 2276 2275
f 2264 2276 2253
f 2253 2265 2276
f 2265 2277 2266
f 2266 2278 2277
f 2266 2278 2267
f 2267 2279 2278
f 2267 2279 2268
f 2268 2280 2279
f 2268 2280 2269
f 2269 2281 2280
f 2269 2281 2270
f 2270 2282 2281
f 2270 2282 2271
f 2271 2283 2282
f 2271 2283 2272
f 2272 2284 2283
f 2272 2284 2273
f 2273 2285 2284
f 2273 2285 2274
f 2274 2286 2285
f 2274 2286 2275
f 2275 2287 2286
f 2275 2287 2276
f 2276 2288 2287
f 2276 2288 2265
f 2265 2277 2288
f 2277 2289 2278
f 2278 2290 2289
f 2278 2290 2279
f 2279 2291 2290
f 2279 2291 2280
f 2280 2292 2291
f 2280 2292 2281
f 2281 2293 2292
f 2281 2293 2282
f 2282 2294 2293
f 2282 2294 2283
f 2283 2295 2294
f 2283 2295 2284
f 2284 2296 2295
f 2284 2296 2285
f 2285 2297 2296
f 2285 2297 2286
f 2286 2298 2297
f 2286 2298 2287
f 2287 2299 2298
f 2287 2299 2288
f 2288 2300 2299
f 2288 2300 2277
f 2277 2289 2300
f 2289 2301 2290
f 2290 2302 2301
f 2290 2302 2291
f 2291 2303 2302
f 2291 2303 2292
f 2292 2304 2303
f 2292 2304 2293
f 2293 2305 2304
f 2293 2305 2294
f 2294 2306 2305
f 2294 2306 2295
f 2295 2307 2306
f 2295 2307 2296
f 2296 2308 2307
f 2296 2308 2297
f 2297 2309 2308
f 2297 2309 2298
f 2298 2310 2309
f 2298 2310 2299
f 2299 2311 2310
f 2299 2311 2300
f 2300 2312 2311
f 2300 2312 2289
f 2289 2301 2312
f 2301 2313 2302
f 2302 2314 2313
f 2302 2314 2303
f 2303 2315 2314
f 2303 2315 2304
f 2304 2316 2315
f 2304 2316 2305
f 2305 2317 2316
f 2305 2317 2306
f 2306 2318 2317
f 2306 2318 2307
f 2307 2319 2318
f 2307 2319 2308
f 2308 2320 2319
f 2308 2320 2309
f 2309 2321 2320
f 2309 2321 2310
f 2310 2322 2321
f 2310 2322 2311
f 2311 2323 2322
f 2311 2323 2312
f 2312 2324 2323
f 2312 2324 2301
f 2301 2313 2324

o node_Holiloch_sonde
usemtl junction
# Holiloch_sonde: swmm_type=junction; type=Fixed; shape=cube; radier_elevation=440
v 2578182.000000 440.000000 1215936.000000
v 2578184.000000 440.000000 1215936.000000
v 2578184.000000 440.000000 1215938.000000
v 2578182.000000 440.000000 1215938.000000
v 2578182.000000 442.000000 1215936.000000
v 2578184.000000 442.000000 1215936.000000
v 2578184.000000 442.000000 1215938.000000
v 2578182.000000 442.000000 1215938.000000
f 2325 2326 2327
f 2325 2327 2328
f 2329 2331 2330
f 2329 2332 2331
f 2325 2329 2330
f 2325 2330 2326
f 2326 2330 2331
f 2326 2331 2327
f 2327 2331 2332
f 2327 2332 2328
f 2328 2332 2329
f 2328 2329 2325

o node_11
usemtl junction
# 11: swmm_type=junction; type=NotFixed; shape=sphere; radier_elevation=410
v 2578162.000000 412.000000 1215860.000000
v 2578162.000000 412.000000 1215860.000000
v 2578162.000000 412.000000 1215860.000000
v 2578162.000000 412.000000 1215860.000000
v 2578162.000000 412.000000 1215860.000000
v 2578162.000000 412.000000 1215860.000000
v 2578162.000000 412.000000 1215860.000000
v 2578162.000000 412.000000 1215860.000000
v 2578162.000000 412.000000 1215860.000000
v 2578162.000000 412.000000 1215860.000000
v 2578162.000000 412.000000 1215860.000000
v 2578162.000000 412.000000 1215860.000000
v 2578162.500000 411.866025 1215860.000000
v 2578162.433013 411.866025 1215860.250000
v 2578162.250000 411.866025 1215860.433013
v 2578162.000000 411.866025 1215860.500000
v 2578161.750000 411.866025 1215860.433013
v 2578161.566987 411.866025 1215860.250000
v 2578161.500000 411.866025 1215860.000000
v 2578161.566987 411.866025 1215859.750000
v 2578161.750000 411.866025 1215859.566987
v 2578162.000000 411.866025 1215859.500000
v 2578162.250000 411.866025 1215859.566987
v 2578162.433013 411.866025 1215859.750000
v 2578162.866025 411.500000 1215860.000000
v 2578162.750000 411.500000 1215860.433013
v 2578162.433013 411.500000 1215860.750000
v 2578162.000000 411.500000 1215860.866025
v 2578161.566987 411.500000 1215860.750000
v 2578161.250000 411.500000 1215860.433013
v 2578161.133975 411.500000 1215860.000000
v 2578161.250000 411.500000 1215859.566987
v 2578161.566987 411.500000 1215859.250000
v 2578162.000000 411.500000 1215859.133975
v 2578162.433013 411.500000 1215859.250000
v 2578162.750000 411.500000 1215859.566987
v 2578163.000000 411.000000 1215860.000000
v 2578162.866025 411.000000 1215860.500000
v 2578162.500000 411.000000 1215860.866025
v 2578162.000000 411.000000 1215861.000000
v 2578161.500000 411.000000 1215860.866025
v 2578161.133975 411.000000 1215860.500000
v 2578161.000000 411.000000 1215860.000000
v 2578161.133975 411.000000 1215859.500000
v 2578161.500000 411.000000 1215859.133975
v 2578162.000000 411.000000 1215859.000000
v 2578162.500000 411.000000 1215859.133975
v 2578162.866025 411.000000 1215859.500000
v 2578162.866025 410.500000 1215860.000000
v 2578162.750000 410.500000 1215860.433013
v 2578162.433013 410.500000 1215860.750000
v 2578162.000000 410.500000 1215860.866025
v 2578161.566987 410.500000 1215860.750000
v 2578161.250000 410.500000 1215860.433013
v 2578161.133975 410.500000 1215860.000000
v 2578161.250000 410.500000 1215859.566987
v 2578161.566987 410.500000 1215859.250000
v 2578162.000000 410.500000 1215859.133975
v 2578162.433013 410.500000 1215859.250000
v 2578162.750000 410.500000 1215859.566987
v 2578162.500000 410.133975 1215860.000000
v 2578162.433013 410.133975 1215860.250000
v 2578162.250000 410.133975 1215860.433013
v 2578162.000000 410.133975 1215860.500000
v 2578161.750000 410.133975 1215860.433013
v 2578161.566987 410.133975 1215860.250000
v 2578161.500000 410.133975 1215860.000000
v 2578161.566987 410.133975 1215859.750000
v 2578161.750000 410.133975 1215859.566987
v 2578162.000000 410.133975 1215859.500000
v 2578162.250000 410.133975 1215859.566987
v 2578162.433013 410.133975 1215859.750000
v 2578162.000000 410.000000 1215860.000000
v 2578162.000000 410.000000 1215860.000000
v 2578162.000000 410.000000 1215860.000000
v 2578162.000000 410.000000 1215860.000000
v 2578162.000000 410.000000 1215860.000000
v 2578162.000000 410.000000 1215860.000000
v 2578162.000000 410.000000 1215860.000000
v 2578162.000000 410.000000 1215860.000000
v 2578162.000000 410.000000 1215860.000000
v 2578162.000000 410.000000 1215860.000000
v 2578162.000000 410.000000 1215860.000000
v 2578162.000000 410.000000 1215860.000000
f 2333 2345 2334
f 2334 2346 2345
f 2334 2346 2335
f 2335 2347 2346
f 2335 2347 2336
f 2336 2348 2347
f 2336 2348 2337
f 2337 2349 2348
f 2337 2349 2338
f 2338 2350 2349
f 2338 2350 2339
f 2339 2351 2350
f 2339 2351 2340
f 2340 2352 2351
f 2340 2352 2341
f 2341 2353 2352
f 2341 2353 2342
f 2342 2354 2353
f 2342 2354 2343
f 2343 2355 2354
f 2343 2355 2344
f 2344 2356 2355
f 2344 2356 2333
f 2333 2345 2356
f 2345 2357 2346
f 2346 2358 2357
f 2346 2358 2347
f 2347 2359 2358
f 2347 2359 2348
f 2348 2360 2359
f 2348 2360 2349
f 2349 2361 2360
f 2349 2361 2350
f 2350 2362 2361
f 2350 2362 2351
f 2351 2363 2362
f 2351 2363 2352
f 2352 2364 2363
f 2352 2364 2353
f 2353 2365 2364
f 2353 2365 2354
f 2354 2366 2365
f 2354 2366 2355
f 2355 2367 2366
f 2355 2367 2356
f 2356 2368 2367
f 2356 2368 2345
f 2345 2357 2368
f 2357 2369 2358
f 2358 2370 2369
f 2358 2370 2359
f 2359 2371 2370
f 2359 2371 2360
f 2360 2372 2371
f 2360 2372 2361
f 2361 2373 2372
f 2361 2373 2362
f 2362 2374 2373
f 2362 2374 2363
f 2363 2375 2374
f 2363 2375 2364
f 2364 2376 2375
f 2364 2376 2365
f 2365 2377 2376
f 2365 2377 2366
f 2366 2378 2377
f 2366 2378 2367
f 2367 2379 2378
f 2367 2379 2368
f 2368 2380 2379
f 2368 2380 2357
f 2357 2369 2380
f 2369 2381 2370
f 2370 2382 2381
f 2370 2382 2371
f 2371 2383 2382
f 2371 2383 2372
f 2372 2384 2383
f 2372 2384 2373
f 2373 2385 2384
f 2373 2385 2374
f 2374 2386 2385
f 2374 2386 2375
f 2375 2387 2386
f 2375 2387 2376
f 2376 2388 2387
f 2376 2388 2377
f 2377 2389 2388
f 2377 2389 2378
f 2378 2390 2389
f 2378 2390 2379
f 2379 2391 2390
f 2379 2391 2380
f 2380 2392 2391
f 2380 2392 2369
f 2369 2381 2392
f 2381 2393 2382
f 2382 2394 2393
f 2382 2394 2383
f 2383 2395 2394
f 2383 2395 2384
f 2384 2396 2395
f 2384 2396 2385
f 2385 2397 2396
f 2385 2397 2386
f 2386 2398 2397
f 2386 2398 2387
f 2387 2399 2398
f 2387 2399 2388
f 2388 2400 2399
f 2388 2400 2389
f 2389 2401 2400
f 2389 2401 2390
f 2390 2402 2401
f 2390 2402 2391
f 2391 2403 2402
f 2391 2403 2392
f 2392 2404 2403
f 2392 2404 2381
f 2381 2393 2404
f 2393 2405 2394
f 2394 2406 2405
f 2394 2406 2395
f 2395 2407 2406
f 2395 2407 2396
f 2396 2408 2407
f 2396 2408 2397
f 2397 2409 2408
f 2397 2409 2398
f 2398 2410 2409
f 2398 2410 2399
f 2399 2411 2410
f 2399 2411 2400
f 2400 2412 2411
f 2400 2412 2401
f 2401 2413 2412
f 2401 2413 2402
f 2402 2414 2413
f 2402 2414 2403
f 2403 2415 2414
f 2403 2415 2404
f 2404 2416 2415
f 2404 2416 2393
f 2393 2405 2416

o node_13
usemtl junction
# 13: swmm_type=junction; type=NotFixed; shape=sphere; radier_elevation=438
v 2578215.000000 440.000000 1215860.000000
v 2578215.000000 440.000000 1215860.000000
v 2578215.000000 440.000000 1215860.000000
v 2578215.000000 440.000000 1215860.000000
v 2578215.000000 440.000000 1215860.000000
v 2578215.000000 440.000000 1215860.000000
v 2578215.000000 440.000000 1215860.000000
v 2578215.000000 440.000000 1215860.000000
v 2578215.000000 440.000000 1215860.000000
v 2578215.000000 440.000000 1215860.000000
v 2578215.000000 440.000000 1215860.000000
v 2578215.000000 440.000000 1215860.000000
v 2578215.500000 439.866025 1215860.000000
v 2578215.433013 439.866025 1215860.250000
v 2578215.250000 439.866025 1215860.433013
v 2578215.000000 439.866025 1215860.500000
v 2578214.750000 439.866025 1215860.433013
v 2578214.566987 439.866025 1215860.250000
v 2578214.500000 439.866025 1215860.000000
v 2578214.566987 439.866025 1215859.750000
v 2578214.750000 439.866025 1215859.566987
v 2578215.000000 439.866025 1215859.500000
v 2578215.250000 439.866025 1215859.566987
v 2578215.433013 439.866025 1215859.750000
v 2578215.866025 439.500000 1215860.000000
v 2578215.750000 439.500000 1215860.433013
v 2578215.433013 439.500000 1215860.750000
v 2578215.000000 439.500000 1215860.866025
v 2578214.566987 439.500000 1215860.750000
v 2578214.250000 439.500000 1215860.433013
v 2578214.133975 439.500000 1215860.000000
v 2578214.250000 439.500000 1215859.566987
v 2578214.566987 439.500000 1215859.250000
v 2578215.000000 439.500000 1215859.133975
v 2578215.433013 439.500000 1215859.250000
v 2578215.750000 439.500000 1215859.566987
v 2578216.000000 439.000000 1215860.000000
v 2578215.866025 439.000000 1215860.500000
v 2578215.500000 439.000000 1215860.866025
v 2578215.000000 439.000000 1215861.000000
v 2578214.500000 439.000000 1215860.866025
v 2578214.133975 439.000000 1215860.500000
v 2578214.000000 439.000000 1215860.000000
v 2578214.133975 439.000000 1215859.500000
v 2578214.500000 439.000000 1215859.133975
v 2578215.000000 439.000000 1215859.000000
v 2578215.500000 439.000000 1215859.133975
v 2578215.866025 439.000000 1215859.500000
v 2578215.866025 438.500000 1215860.000000
v 2578215.750000 438.500000 1215860.433013
v 2578215.433013 438.500000 1215860.750000
v 2578215.000000 438.500000 1215860.866025
v 2578214.566987 438.500000 1215860.750000
v 2578214.250000 438.500000 1215860.433013
v 2578214.133975 438.500000 1215860.000000
v 2578214.250000 438.500000 1215859.566987
v 2578214.566987 438.500000 1215859.250000
v 2578215.000000 438.500000 1215859.133975
v 2578215.433013 438.500000 1215859.250000
v 2578215.750000 438.500000 1215859.566987
v 2578215.500000 438.133975 1215860.000000
v 2578215.433013 438.133975 1215860.250000
v 2578215.250000 438.133975 1215860.433013
v 2578215.000000 438.133975 1215860.500000
v 2578214.750000 438.133975 1215860.433013
v 2578214.566987 438.133975 1215860.250000
v 2578214.500000 438.133975 1215860.000000
v 2578214.566987 438.133975 1215859.750000
v 2578214.750000 438.133975 1215859.566987
v 2578215.000000 438.133975 1215859.500000
v 2578215.250000 438.133975 1215859.566987
v 2578215.433013 438.133975 1215859.750000
v 2578215.000000 438.000000 1215860.000000
v 2578215.000000 438.000000 1215860.000000
v 2578215.000000 438.000000 1215860.000000
v 2578215.000000 438.000000 1215860.000000
v 2578215.000000 438.000000 1215860.000000
v 2578215.000000 438.000000 1215860.000000
v 2578215.000000 438.000000 1215860.000000
v 2578215.000000 438.000000 1215860.000000
v 2578215.000000 438.000000 1215860.000000
v 2578215.000000 438.000000 1215860.000000
v 2578215.000000 438.000000 1215860.000000
v 2578215.000000 438.000000 1215860.000000
f 2417 2429 2418
f 2418 2430 2429
f 2418 2430 2419
f 2419 2431 2430
f 2419 2431 2420
f 2420 2432 2431
f 2420 2432 2421
f 2421 2433 2432
f 2421 2433 2422
f 2422 2434 2433
f 2422 2434 2423
f 2423 2435 2434
f 2423 2435 2424
f 2424 2436 2435
f 2424 2436 2425
f 2425 2437 2436
f 2425 2437 2426
f 2426 2438 2437
f 2426 2438 2427
f 2427 2439 2438
f 2427 2439 2428
f 2428 2440 2439
f 2428 2440 2417
f 2417 2429 2440
f 2429 2441 2430
f 2430 2442 2441
f 2430 2442 2431
f 2431 2443 2442
f 2431 2443 2432
f 2432 2444 2443
f 2432 2444 2433
f 2433 2445 2444
f 2433 2445 2434
f 2434 2446 2445
f 2434 2446 2435
f 2435 2447 2446
f 2435 2447 2436
f 2436 2448 2447
f 2436 2448 2437
f 2437 2449 2448
f 2437 2449 2438
f 2438 2450 2449
f 2438 2450 2439
f 2439 2451 2450
f 2439 2451 2440
f 2440 2452 2451
f 2440 2452 2429
f 2429 2441 2452
f 2441 2453 2442
f 2442 2454 2453
f 2442 2454 2443
f 2443 2455 2454
f 2443 2455 2444
f 2444 2456 2455
f 2444 2456 2445
f 2445 2457 2456
f 2445 2457 2446
f 2446 2458 2457
f 2446 2458 2447
f 2447 2459 2458
f 2447 2459 2448
f 2448 2460 2459
f 2448 2460 2449
f 2449 2461 2460
f 2449 2461 2450
f 2450 2462 2461
f 2450 2462 2451
f 2451 2463 2462
f 2451 2463 2452
f 2452 2464 2463
f 2452 2464 2441
f 2441 2453 2464
f 2453 2465 2454
f 2454 2466 2465
f 2454 2466 2455
f 2455 2467 2466
f 2455 2467 2456
f 2456 2468 2467
f 2456 2468 2457
f 2457 2469 2468
f 2457 2469 2458
f 2458 2470 2469
f 2458 2470 2459
f 2459 2471 2470
f 2459 2471 2460
f 2460 2472 2471
f 2460 2472 2461
f 2461 2473 2472
f 2461 2473 2462
f 2462 2474 2473
f 2462 2474 2463
f 2463 2475 2474
f 2463 2475 2464
f 2464 2476 2475
f 2464 2476 2453
f 2453 2465 2476
f 2465 2477 2466
f 2466 2478 2477
f 2466 2478 2467
f 2467 2479 2478
f 2467 2479 2468
f 2468 2480 2479
f 2468 2480 2469
f 2469 2481 2480
f 2469 2481 2470
f 2470 2482 2481
f 2470 2482 2471
f 2471 2483 2482
f 2471 2483 2472
f 2472 2484 2483
f 2472 2484 2473
f 2473 2485 2484
f 2473 2485 2474
f 2474 2486 2485
f 2474 2486 2475
f 2475 2487 2486
f 2475 2487 2476
f 2476 2488 2487
f 2476 2488 2465
f 2465 2477 2488
f 2477 2489 2478
f 2478 2490 2489
f 2478 2490 2479
f 2479 2491 2490
f 2479 2491 2480
f 2480 2492 2491
f 2480 2492 2481
f 2481 2493 2492
f 2481 2493 2482
f 2482 2494 2493
f 2482 2494 2483
f 2483 2495 2494
f 2483 2495 2484
f 2484 2496 2495
f 2484 2496 2485
f 2485 2497 2496
f 2485 2497 2486
f 2486 2498 2497
f 2486 2498 2487
f 2487 2499 2498
f 2487 2499 2488
f 2488 2500 2499
f 2488 2500 2477
f 2477 2489 2500

o node_21
usemtl junction
# 21: swmm_type=junction; type=NotFixed; shape=sphere; radier_elevation=400
v 2578063.000000 402.000000 1215607.000000
v 2578063.000000 402.000000 1215607.000000
v 2578063.000000 402.000000 1215607.000000
v 2578063.000000 402.000000 1215607.000000
v 2578063.000000 402.000000 1215607.000000
v 2578063.000000 402.000000 1215607.000000
v 2578063.000000 402.000000 1215607.000000
v 2578063.000000 402.000000 1215607.000000
v 2578063.000000 402.000000 1215607.000000
v 2578063.000000 402.000000 1215607.000000
v 2578063.000000 402.000000 1215607.000000
v 2578063.000000 402.000000 1215607.000000
v 2578063.500000 401.866025 1215607.000000
v 2578063.433013 401.866025 1215607.250000
v 2578063.250000 401.866025 1215607.433013
v 2578063.000000 401.866025 1215607.500000
v 2578062.750000 401.866025 1215607.433013
v 2578062.566987 401.866025 1215607.250000
v 2578062.500000 401.866025 1215607.000000
v 2578062.566987 401.866025 1215606.750000
v 2578062.750000 401.866025 1215606.566987
v 2578063.000000 401.866025 1215606.500000
v 2578063.250000 401.866025 1215606.566987
v 2578063.433013 401.866025 1215606.750000
v 2578063.866025 401.500000 1215607.000000
v 2578063.750000 401.500000 1215607.433013
v 2578063.433013 401.500000 1215607.750000
v 2578063.000000 401.500000 1215607.866025
v 2578062.566987 401.500000 1215607.750000
v 2578062.250000 401.500000 1215607.433013
v 2578062.133975 401.500000 1215607.000000
v 2578062.250000 401.500000 1215606.566987
v 2578062.566987 401.500000 1215606.250000
v 2578063.000000 401.500000 1215606.133975
v 2578063.433013 401.500000 1215606.250000
v 2578063.750000 401.500000 1215606.566987
v 2578064.000000 401.000000 1215607.000000
v 2578063.866025 401.000000 1215607.500000
v 2578063.500000 401.000000 1215607.866025
v 2578063.000000 401.000000 1215608.000000
v 2578062.500000 401.000000 1215607.866025
v 2578062.133975 401.000000 1215607.500000
v 2578062.000000 401.000000 1215607.000000
v 2578062.133975 401.000000 1215606.500000
v 2578062.500000 401.000000 1215606.133975
v 2578063.000000 401.000000 1215606.000000
v 2578063.500000 401.000000 1215606.133975
v 2578063.866025 401.000000 1215606.500000
v 2578063.866025 400.500000 1215607.000000
v 2578063.750000 400.500000 1215607.433013
v 2578063.433013 400.500000 1215607.750000
v 2578063.000000 400.500000 1215607.866025
v 2578062.566987 400.500000 1215607.750000
v 2578062.250000 400.500000 1215607.433013
v 2578062.133975 400.500000 1215607.000000
v 2578062.250000 400.500000 1215606.566987
v 2578062.566987 400.500000 1215606.250000
v 2578063.000000 400.500000 1215606.133975
v 2578063.433013 400.500000 1215606.250000
v 2578063.750000 400.500000 1215606.566987
v 2578063.500000 400.133975 1215607.000000
v 2578063.433013 400.133975 1215607.250000
v 2578063.250000 400.133975 1215607.433013
v 2578063.000000 400.133975 1215607.500000
v 2578062.750000 400.133975 1215607.433013
v 2578062.566987 400.133975 1215607.250000
v 2578062.500000 400.133975 1215607.000000
v 2578062.566987 400.133975 1215606.750000
v 2578062.750000 400.133975 1215606.566987
v 2578063.000000 400.133975 1215606.500000
v 2578063.250000 400.133975 1215606.566987
v 2578063.433013 400.133975 1215606.750000
v 2578063.000000 400.000000 1215607.000000
v 2578063.000000 400.000000 1215607.000000
v 2578063.000000 400.000000 1215607.000000
v 2578063.000000 400.000000 1215607.000000
v 2578063.000000 400.000000 1215607.000000
v 2578063.000000 400.000000 1215607.000000
v 2578063.000000 400.000000 1215607.000000
v 2578063.000000 400.000000 1215607.000000
v 2578063.000000 400.000000 1215607.000000
v 2578063.000000 400.000000 1215607.000000
v 2578063.000000 400.000000 1215607.000000
v 2578063.000000 400.000000 1215607.000000
f 2501 2513 2502
f 2502 2514 2513
f 2502 2514 2503
f 2503 2515 2514
f 2503 2515 2504
f 2504 2516 2515
f 2504 2516 2505
f 2505 2517 2516
f 2505 2517 2506
f 2506 2518 2517
f 2506 2518 2507
f 2507 2519 2518
f 2507 2519 2508
f 2508 2520 2519
f 2508 2520 2509
f 2509 2521 2520
f 2509 2521 2510
f 2510 2522 2521
f 2510 2522 2511
f 2511 2523 2522
f 2511 2523 2512
f 2512 2524 2523
f 2512 2524 2501
f 2501 2513 2524
f 2513 2525 2514
f 2514 2526 2525
f 2514 2526 2515
f 2515 2527 2526
f 2515 2527 2516
f 2516 2528 2527
f 2516 2528 2517
f 2517 2529 2528
f 2517 2529 2518
f 2518 2530 2529
f 2518 2530 2519
f 2519 2531 2530
f 2519 2531 2520
f 2520 2532 2531
f 2520 2532 2521
f 2521 2533 2532
f 2521 2533 2522
f 2522 2534 2533
f 2522 2534 2523
f 2523 2535 2534
f 2523 2535 2524
f 2524 2536 2535
f 2524 2536 2513
f 2513 2525 2536
f 2525 2537 2526
f 2526 2538 2537
f 2526 2538 2527
f 2527 2539 2538
f 2527 2539 2528
f 2528 2540 2539
f 2528 2540 2529
f 2529 2541 2540
f 2529 2541 2530
f 2530 2542 2541
f 2530 2542 2531
f 2531 2543 2542
f 2531 2543 2532
f 2532 2544 2543
f 2532 2544 2533
f 2533 2545 2544
f 2533 2545 2534
f 2534 2546 2545
f 2534 2546 2535
f 2535 2547 2546
f 2535 2547 2536
f 2536 2548 2547
f 2536 2548 2525
f 2525 2537 2548
f 2537 2549 2538
f 2538 2550 2549
f 2538 2550 2539
f 2539 2551 2550
f 2539 2551 2540
f 2540 2552 2551
f 2540 2552 2541
f 2541 2553 2552
f 2541 2553 2542
f 2542 2554 2553
f 2542 2554 2543
f 2543 2555 2554
f 2543 2555 2544
f 2544 2556 2555
f 2544 2556 2545
f 2545 2557 2556
f 2545 2557 2546
f 2546 2558 2557
f 2546 2558 2547
f 2547 2559 2558
f 2547 2559 2548
f 2548 2560 2559
f 2548 2560 2537
f 2537 2549 2560
f 2549 2561 2550
f 2550 2562 2561
f 2550 2562 2551
f 2551 2563 2562
f 2551 2563 2552
f 2552 2564 2563
f 2552 2564 2553
f 2553 2565 2564
f 2553 2565 2554
f 2554 2566 2565
f 2554 2566 2555
f 2555 2567 2566
f 2555 2567 2556
f 2556 2568 2567
f 2556 2568 2557
f 2557 2569 2568
f 2557 2569 2558
f 2558 2570 2569
f 2558 2570 2559
f 2559 2571 2570
f 2559 2571 2560
f 2560 2572 2571
f 2560 2572 2549
f 2549 2561 2572
f 2561 2573 2562
f 2562 2574 2573
f 2562 2574 2563
f 2563 2575 2574
f 2563 2575 2564
f 2564 2576 2575
f 2564 2576 2565
f 2565 2577 2576
f 2565 2577 2566
f 2566 2578 2577
f 2566 2578 2567
f 2567 2579 2578
f 2567 2579 2568
f 2568 2580 2579
f 2568 2580 2569
f 2569 2581 2580
f 2569 2581 2570
f 2570 2582 2581
f 2570 2582 2571
f 2571 2583 2582
f 2571 2583 2572
f 2572 2584 2583
f 2572 2584 2561
f 2561 2573 2584

o node_SonSto_F
usemtl junction
# SonSto_F: swmm_type=junction; type=Fixed; shape=cube; radier_elevation=437.8
v 2578234.000000 437.800000 1215864.000000
v 2578236.000000 437.800000 1215864.000000
v 2578236.000000 437.800000 1215866.000000
v 2578234.000000 437.800000 1215866.000000
v 2578234.000000 439.800000 1215864.000000
v 2578236.000000 439.800000 1215864.000000
v 2578236.000000 439.800000 1215866.000000
v 2578234.000000 439.800000 1215866.000000
f 2585 2586 2587
f 2585 2587 2588
f 2589 2591 2590
f 2589 2592 2591
f 2585 2589 2590
f 2585 2590 2586
f 2586 2590 2591
f 2586 2591 2587
f 2587 2591 2592
f 2587 2592 2588
f 2588 2592 2589
f 2588 2589 2585

o node_Sondierstollen
usemtl junction
# Sondierstollen: swmm_type=junction; type=Fixed; shape=cube; radier_elevation=440.8
v 2578328.000000 440.800000 1215977.000000
v 2578330.000000 440.800000 1215977.000000
v 2578330.000000 440.800000 1215979.000000
v 2578328.000000 440.800000 1215979.000000
v 2578328.000000 442.800000 1215977.000000
v 2578330.000000 442.800000 1215977.000000
v 2578330.000000 442.800000 1215979.000000
v 2578328.000000 442.800000 1215979.000000
f 2593 2594 2595
f 2593 2595 2596
f 2597 2599 2598
f 2597 2600 2599
f 2593 2597 2598
f 2593 2598 2594
f 2594 2598 2599
f 2594 2599 2595
f 2595 2599 2600
f 2595 2600 2596
f 2596 2600 2597
f 2596 2597 2593

o node_Aval_Trappe
usemtl junction
# Aval_Trappe: swmm_type=junction; type=Fixed; shape=cube; radier_elevation=437.6
v 2578239.000000 437.600000 1215860.000000
v 2578241.000000 437.600000 1215860.000000
v 2578241.000000 437.600000 1215862.000000
v 2578239.000000 437.600000 1215862.000000
v 2578239.000000 439.600000 1215860.000000
v 2578241.000000 439.600000 1215860.000000
v 2578241.000000 439.600000 1215862.000000
v 2578239.000000 439.600000 1215862.000000
f 2601 2602 2603
f 2601 2603 2604
f 2605 2607 2606
f 2605 2608 2607
f 2601 2605 2606
f 2601 2606 2602
f 2602 2606 2607
f 2602 2607 2603
f 2603 2607 2608
f 2603 2608 2604
f 2604 2608 2605
f 2604 2605 2601

o node_30
usemtl junction
# 30: swmm_type=junction; type=NotFixed; shape=sphere; radier_elevation=437.3
v 2578252.000000 439.300000 1215847.000000
v 2578252.000000 439.300000 1215847.000000
v 2578252.000000 439.300000 1215847.000000
v 2578252.000000 439.300000 1215847.000000
v 2578252.000000 439.300000 1215847.000000
v 2578252.000000 439.300000 1215847.000000
v 2578252.000000 439.300000 1215847.000000
v 2578252.000000 439.300000 1215847.000000
v 2578252.000000 439.300000 1215847.000000
v 2578252.000000 439.300000 1215847.000000
v 2578252.000000 439.300000 1215847.000000
v 2578252.000000 439.300000 1215847.000000
v 2578252.500000 439.166025 1215847.000000
v 2578252.433013 439.166025 1215847.250000
v 2578252.250000 439.166025 1215847.433013
v 2578252.000000 439.166025 1215847.500000
v 2578251.750000 439.166025 1215847.433013
v 2578251.566987 439.166025 1215847.250000
v 2578251.500000 439.166025 1215847.000000
v 2578251.566987 439.166025 1215846.750000
v 2578251.750000 439.166025 1215846.566987
v 2578252.000000 439.166025 1215846.500000
v 2578252.250000 439.166025 1215846.566987
v 2578252.433013 439.166025 1215846.750000
v 2578252.866025 438.800000 1215847.000000
v 2578252.750000 438.800000 1215847.433013
v 2578252.433013 438.800000 1215847.750000
v 2578252.000000 438.800000 1215847.866025
v 2578251.566987 438.800000 1215847.750000
v 2578251.250000 438.800000 1215847.433013
v 2578251.133975 438.800000 1215847.000000
v 2578251.250000 438.800000 1215846.566987
v 2578251.566987 438.800000 1215846.250000
v 2578252.000000 438.800000 1215846.133975
v 2578252.433013 438.800000 1215846.250000
v 2578252.750000 438.800000 1215846.566987
v 2578253.000000 438.300000 1215847.000000
v 2578252.866025 438.300000 1215847.500000
v 2578252.500000 438.300000 1215847.866025
v 2578252.000000 438.300000 1215848.000000
v 2578251.500000 438.300000 1215847.866025
v 2578251.133975 438.300000 1215847.500000
v 2578251.000000 438.300000 1215847.000000
v 2578251.133975 438.300000 1215846.500000
v 2578251.500000 438.300000 1215846.133975
v 2578252.000000 438.300000 1215846.000000
v 2578252.500000 438.300000 1215846.133975
v 2578252.866025 438.300000 1215846.500000
v 2578252.866025 437.800000 1215847.000000
v 2578252.750000 437.800000 1215847.433013
v 2578252.433013 437.800000 1215847.750000
v 2578252.000000 437.800000 1215847.866025
v 2578251.566987 437.800000 1215847.750000
v 2578251.250000 437.800000 1215847.433013
v 2578251.133975 437.800000 1215847.000000
v 2578251.250000 437.800000 1215846.566987
v 2578251.566987 437.800000 1215846.250000
v 2578252.000000 437.800000 1215846.133975
v 2578252.433013 437.800000 1215846.250000
v 2578252.750000 437.800000 1215846.566987
v 2578252.500000 437.433975 1215847.000000
v 2578252.433013 437.433975 1215847.250000
v 2578252.250000 437.433975 1215847.433013
v 2578252.000000 437.433975 1215847.500000
v 2578251.750000 437.433975 1215847.433013
v 2578251.566987 437.433975 1215847.250000
v 2578251.500000 437.433975 1215847.000000
v 2578251.566987 437.433975 1215846.750000
v 2578251.750000 437.433975 1215846.566987
v 2578252.000000 437.433975 1215846.500000
v 2578252.250000 437.433975 1215846.566987
v 2578252.433013 437.433975 1215846.750000
v 2578252.000000 437.300000 1215847.000000
v 2578252.000000 437.300000 1215847.000000
v 2578252.000000 437.300000 1215847.000000
v 2578252.000000 437.300000 1215847.000000
v 2578252.000000 437.300000 1215847.000000
v 2578252.000000 437.300000 1215847.000000
v 2578252.000000 437.300000 1215847.000000
v 2578252.000000 437.300000 1215847.000000
v 2578252.000000 437.300000 1215847.000000
v 2578252.000000 437.300000 1215847.000000
v 2578252.000000 437.300000 1215847.000000
v 2578252.000000 437.300000 1215847.000000
f 2609 2621 2610
f 2610 2622 2621
f 2610 2622 2611
f 2611 2623 2622
f 2611 2623 2612
f 2612 2624 2623
f 2612 2624 2613
f 2613 2625 2624
f 2613 2625 2614
f 2614 2626 2625
f 2614 2626 2615
f 2615 2627 2626
f 2615 2627 2616
f 2616 2628 2627
f 2616 2628 2617
f 2617 2629 2628
f 2617 2629 2618
f 2618 2630 2629
f 2618 2630 2619
f 2619 2631 2630
f 2619 2631 2620
f 2620 2632 2631
f 2620 2632 2609
f 2609 2621 2632
f 2621 2633 2622
f 2622 2634 2633
f 2622 2634 2623
f 2623 2635 2634
f 2623 2635 2624
f 2624 2636 2635
f 2624 2636 2625
f 2625 2637 2636
f 2625 2637 2626
f 2626 2638 2637
f 2626 2638 2627
f 2627 2639 2638
f 2627 2639 2628
f 2628 2640 2639
f 2628 2640 2629
f 2629 2641 2640
f 2629 2641 2630
f 2630 2642 2641
f 2630 2642 2631
f 2631 2643 2642
f 2631 2643 2632
f 2632 2644 2643
f 2632 2644 2621
f 2621 2633 2644
f 2633 2645 2634
f 2634 2646 2645
f 2634 2646 2635
f 2635 2647 2646
f 2635 2647 2636
f 2636 2648 2647
f 2636 2648 2637
f 2637 2649 2648
f 2637 2649 2638
f 2638 2650 2649
f 2638 2650 2639
f 2639 2651 2650
f 2639 2651 2640
f 2640 2652 2651
f 2640 2652 2641
f 2641 2653 2652
f 2641 2653 2642
f 2642 2654 2653
f 2642 2654 2643
f 2643 2655 2654
f 2643 2655 2644
f 2644 2656 2655
f 2644 2656 2633
f 2633 2645 2656
f 2645 2657 2646
f 2646 2658 2657
f 2646 2658 2647
f 2647 2659 2658
f 2647 2659 2648
f 2648 2660 2659
f 2648 2660 2649
f 2649 2661 2660
f 2649 2661 2650
f 2650 2662 2661
f 2650 2662 2651
f 2651 2663 2662
f 2651 2663 2652
f 2652 2664 2663
f 2652 2664 2653
f 2653 2665 2664
f 2653 2665 2654
f 2654 2666 2665
f 2654 2666 2655
f 2655 2667 2666
f 2655 2667 2656
f 2656 2668 2667
f 2656 2668 2645
f 2645 2657 2668
f 2657 2669 2658
f 2658 2670 2669
f 2658 2670 2659
f 2659 2671 2670
f 2659 2671 2660
f 2660 2672 2671
f 2660 2672 2661
f 2661 2673 2672
f 2661 2673 2662
f 2662 2674 2673
f 2662 2674 2663
f 2663 2675 2674
f 2663 2675 2664
f 2664 2676 2675
f 2664 2676 2665
f 2665 2677 2676
f 2665 2677 2666
f 2666 2678 2677
f 2666 2678 2667
f 2667 2679 2678
f 2667 2679 2668
f 2668 2680 2679
f 2668 2680 2657
f 2657 2669 2680
f 2669 2681 2670
f 2670 2682 2681
f 2670 2682 2671
f 2671 2683 2682
f 2671 2683 2672
f 2672 2684 2683
f 2672 2684 2673
f 2673 2685 2684
f 2673 2685 2674
f 2674 2686 2685
f 2674 2686 2675
f 2675 2687 2686
f 2675 2687 2676
f 2676 2688 2687
f 2676 2688 2677
f 2677 2689 2688
f 2677 2689 2678
f 2678 2690 2689
f 2678 2690 2679
f 2679 2691 2690
f 2679 2691 2680
f 2680 2692 2691
f 2680 2692 2669
f 2669 2681 2692

o node_Gischeren_node
usemtl junction
# Gischeren_node: swmm_type=junction; type=Fixed; shape=cube; radier_elevation=476.5
v 2578232.000000 476.500000 1215891.000000
v 2578234.000000 476.500000 1215891.000000
v 2578234.000000 476.500000 1215893.000000
v 2578232.000000 476.500000 1215893.000000
v 2578232.000000 478.500000 1215891.000000
v 2578234.000000 478.500000 1215891.000000
v 2578234.000000 478.500000 1215893.000000
v 2578232.000000 478.500000 1215893.000000
f 2693 2694 2695
f 2693 2695 2696
f 2697 2699 2698
f 2697 2700 2699
f 2693 2697 2698
f 2693 2698 2694
f 2694 2698 2699
f 2694 2699 2695
f 2695 2699 2700
f 2695 2700 2696
f 2696 2700 2697
f 2696 2697 2693

o node_34
usemtl junction
# 34: swmm_type=junction; type=NotFixed; shape=sphere; radier_elevation=420
v 2578051.000000 422.000000 1215607.000000
v 2578051.000000 422.000000 1215607.000000
v 2578051.000000 422.000000 1215607.000000
v 2578051.000000 422.000000 1215607.000000
v 2578051.000000 422.000000 1215607.000000
v 2578051.000000 422.000000 1215607.000000
v 2578051.000000 422.000000 1215607.000000
v 2578051.000000 422.000000 1215607.000000
v 2578051.000000 422.000000 1215607.000000
v 2578051.000000 422.000000 1215607.000000
v 2578051.000000 422.000000 1215607.000000
v 2578051.000000 422.000000 1215607.000000
v 2578051.500000 421.866025 1215607.000000
v 2578051.433013 421.866025 1215607.250000
v 2578051.250000 421.866025 1215607.433013
v 2578051.000000 421.866025 1215607.500000
v 2578050.750000 421.866025 1215607.433013
v 2578050.566987 421.866025 1215607.250000
v 2578050.500000 421.866025 1215607.000000
v 2578050.566987 421.866025 1215606.750000
v 2578050.750000 421.866025 1215606.566987
v 2578051.000000 421.866025 1215606.500000
v 2578051.250000 421.866025 1215606.566987
v 2578051.433013 421.866025 1215606.750000
v 2578051.866025 421.500000 1215607.000000
v 2578051.750000 421.500000 1215607.433013
v 2578051.433013 421.500000 1215607.750000
v 2578051.000000 421.500000 1215607.866025
v 2578050.566987 421.500000 1215607.750000
v 2578050.250000 421.500000 1215607.433013
v 2578050.133975 421.500000 1215607.000000
v 2578050.250000 421.500000 1215606.566987
v 2578050.566987 421.500000 1215606.250000
v 2578051.000000 421.500000 1215606.133975
v 2578051.433013 421.500000 1215606.250000
v 2578051.750000 421.500000 1215606.566987
v 2578052.000000 421.000000 1215607.000000
v 2578051.866025 421.000000 1215607.500000
v 2578051.500000 421.000000 1215607.866025
v 2578051.000000 421.000000 1215608.000000
v 2578050.500000 421.000000 1215607.866025
v 2578050.133975 421.000000 1215607.500000
v 2578050.000000 421.000000 1215607.000000
v 2578050.133975 421.000000 1215606.500000
v 2578050.500000 421.000000 1215606.133975
v 2578051.000000 421.000000 1215606.000000
v 2578051.500000 421.000000 1215606.133975
v 2578051.866025 421.000000 1215606.500000
v 2578051.866025 420.500000 1215607.000000
v 2578051.750000 420.500000 1215607.433013
v 2578051.433013 420.500000 1215607.750000
v 2578051.000000 420.500000 1215607.866025
v 2578050.566987 420.500000 1215607.750000
v 2578050.250000 420.500000 1215607.433013
v 2578050.133975 420.500000 1215607.000000
v 2578050.250000 420.500000 1215606.566987
v 2578050.566987 420.500000 1215606.250000
v 2578051.000000 420.500000 1215606.133975
v 2578051.433013 420.500000 1215606.250000
v 2578051.750000 420.500000 1215606.566987
v 2578051.500000 420.133975 1215607.000000
v 2578051.433013 420.133975 1215607.250000
v 2578051.250000 420.133975 1215607.433013
v 2578051.000000 420.133975 1215607.500000
v 2578050.750000 420.133975 1215607.433013
v 2578050.566987 420.133975 1215607.250000
v 2578050.500000 420.133975 1215607.000000
v 2578050.566987 420.133975 1215606.750000
v 2578050.750000 420.133975 1215606.566987
v 2578051.000000 420.133975 1215606.500000
v 2578051.250000 420.133975 1215606.566987
v 2578051.433013 420.133975 1215606.750000
v 2578051.000000 420.000000 1215607.000000
v 2578051.000000 420.000000 1215607.000000
v 2578051.000000 420.000000 1215607.000000
v 2578051.000000 420.000000 1215607.000000
v 2578051.000000 420.000000 1215607.000000
v 2578051.000000 420.000000 1215607.000000
v 2578051.000000 420.000000 1215607.000000
v 2578051.000000 420.000000 1215607.000000
v 2578051.000000 420.000000 1215607.000000
v 2578051.000000 420.000000 1215607.000000
v 2578051.000000 420.000000 1215607.000000
v 2578051.000000 420.000000 1215607.000000
f 2701 2713 2702
f 2702 2714 2713
f 2702 2714 2703
f 2703 2715 2714
f 2703 2715 2704
f 2704 2716 2715
f 2704 2716 2705
f 2705 2717 2716
f 2705 2717 2706
f 2706 2718 2717
f 2706 2718 2707
f 2707 2719 2718
f 2707 2719 2708
f 2708 2720 2719
f 2708 2720 2709
f 2709 2721 2720
f 2709 2721 2710
f 2710 2722 2721
f 2710 2722 2711
f 2711 2723 2722
f 2711 2723 2712
f 2712 2724 2723
f 2712 2724 2701
f 2701 2713 2724
f 2713 2725 2714
f 2714 2726 2725
f 2714 2726 2715
f 2715 2727 2726
f 2715 2727 2716
f 2716 2728 2727
f 2716 2728 2717
f 2717 2729 2728
f 2717 2729 2718
f 2718 2730 2729
f 2718 2730 2719
f 2719 2731 2730
f 2719 2731 2720
f 2720 2732 2731
f 2720 2732 2721
f 2721 2733 2732
f 2721 2733 2722
f 2722 2734 2733
f 2722 2734 2723
f 2723 2735 2734
f 2723 2735 2724
f 2724 2736 2735
f 2724 2736 2713
f 2713 2725 2736
f 2725 2737 2726
f 2726 2738 2737
f 2726 2738 2727
f 2727 2739 2738
f 2727 2739 2728
f 2728 2740 2739
f 2728 2740 2729
f 2729 2741 2740
f 2729 2741 2730
f 2730 2742 2741
f 2730 2742 2731
f 2731 2743 2742
f 2731 2743 2732
f 2732 2744 2743
f 2732 2744 2733
f 2733 2745 2744
f 2733 2745 2734
f 2734 2746 2745
f 2734 2746 2735
f 2735 2747 2746
f 2735 2747 2736
f 2736 2748 2747
f 2736 2748 2725
f 2725 2737 2748
f 2737 2749 2738
f 2738 2750 2749
f 2738 2750 2739
f 2739 2751 2750
f 2739 2751 2740
f 2740 2752 2751
f 2740 2752 2741
f 2741 2753 2752
f 2741 2753 2742
f 2742 2754 2753
f 2742 2754 2743
f 2743 2755 2754
f 2743 2755 2744
f 2744 2756 2755
f 2744 2756 2745
f 2745 2757 2756
f 2745 2757 2746
f 2746 2758 2757
f 2746 2758 2747
f 2747 2759 2758
f 2747 2759 2748
f 2748 2760 2759
f 2748 2760 2737
f 2737 2749 2760
f 2749 2761 2750
f 2750 2762 2761
f 2750 2762 2751
f 2751 2763 2762
f 2751 2763 2752
f 2752 2764 2763
f 2752 2764 2753
f 2753 2765 2764
f 2753 2765 2754
f 2754 2766 2765
f 2754 2766 2755
f 2755 2767 2766
f 2755 2767 2756
f 2756 2768 2767
f 2756 2768 2757
f 2757 2769 2768
f 2757 2769 2758
f 2758 2770 2769
f 2758 2770 2759
f 2759 2771 2770
f 2759 2771 2760
f 2760 2772 2771
f 2760 2772 2749
f 2749 2761 2772
f 2761 2773 2762
f 2762 2774 2773
f 2762 2774 2763
f 2763 2775 2774
f 2763 2775 2764
f 2764 2776 2775
f 2764 2776 2765
f 2765 2777 2776
f 2765 2777 2766
f 2766 2778 2777
f 2766 2778 2767
f 2767 2779 2778
f 2767 2779 2768
f 2768 2780 2779
f 2768 2780 2769
f 2769 2781 2780
f 2769 2781 2770
f 2770 2782 2781
f 2770 2782 2771
f 2771 2783 2782
f 2771 2783 2772
f 2772 2784 2783
f 2772 2784 2761
f 2761 2773 2784

o node_38
usemtl junction
# 38: swmm_type=junction; type=NotFixed; shape=sphere; radier_elevation=420
v 2578158.000000 422.000000 1215716.000000
v 2578158.000000 422.000000 1215716.000000
v 2578158.000000 422.000000 1215716.000000
v 2578158.000000 422.000000 1215716.000000
v 2578158.000000 422.000000 1215716.000000
v 2578158.000000 422.000000 1215716.000000
v 2578158.000000 422.000000 1215716.000000
v 2578158.000000 422.000000 1215716.000000
v 2578158.000000 422.000000 1215716.000000
v 2578158.000000 422.000000 1215716.000000
v 2578158.000000 422.000000 1215716.000000
v 2578158.000000 422.000000 1215716.000000
v 2578158.500000 421.866025 1215716.000000
v 2578158.433013 421.866025 1215716.250000
v 2578158.250000 421.866025 1215716.433013
v 2578158.000000 421.866025 1215716.500000
v 2578157.750000 421.866025 1215716.433013
v 2578157.566987 421.866025 1215716.250000
v 2578157.500000 421.866025 1215716.000000
v 2578157.566987 421.866025 1215715.750000
v 2578157.750000 421.866025 1215715.566987
v 2578158.000000 421.866025 1215715.500000
v 2578158.250000 421.866025 1215715.566987
v 2578158.433013 421.866025 1215715.750000
v 2578158.866025 421.500000 1215716.000000
v 2578158.750000 421.500000 1215716.433013
v 2578158.433013 421.500000 1215716.750000
v 2578158.000000 421.500000 1215716.866025
v 2578157.566987 421.500000 1215716.750000
v 2578157.250000 421.500000 1215716.433013
v 2578157.133975 421.500000 1215716.000000
v 2578157.250000 421.500000 1215715.566987
v 2578157.566987 421.500000 1215715.250000
v 2578158.000000 421.500000 1215715.133975
v 2578158.433013 421.500000 1215715.250000
v 2578158.750000 421.500000 1215715.566987
v 2578159.000000 421.000000 1215716.000000
v 2578158.866025 421.000000 1215716.500000
v 2578158.500000 421.000000 1215716.866025
v 2578158.000000 421.000000 1215717.000000
v 2578157.500000 421.000000 1215716.866025
v 2578157.133975 421.000000 1215716.500000
v 2578157.000000 421.000000 1215716.000000
v 2578157.133975 421.000000 1215715.500000
v 2578157.500000 421.000000 1215715.133975
v 2578158.000000 421.000000 1215715.000000
v 2578158.500000 421.000000 1215715.133975
v 2578158.866025 421.000000 1215715.500000
v 2578158.866025 420.500000 1215716.000000
v 2578158.750000 420.500000 1215716.433013
v 2578158.433013 420.500000 1215716.750000
v 2578158.000000 420.500000 1215716.866025
v 2578157.566987 420.500000 1215716.750000
v 2578157.250000 420.500000 1215716.433013
v 2578157.133975 420.500000 1215716.000000
v 2578157.250000 420.500000 1215715.566987
v 2578157.566987 420.500000 1215715.250000
v 2578158.000000 420.500000 1215715.133975
v 2578158.433013 420.500000 1215715.250000
v 2578158.750000 420.500000 1215715.566987
v 2578158.500000 420.133975 1215716.000000
v 2578158.433013 420.133975 1215716.250000
v 2578158.250000 420.133975 1215716.433013
v 2578158.000000 420.133975 1215716.500000
v 2578157.750000 420.133975 1215716.433013
v 2578157.566987 420.133975 1215716.250000
v 2578157.500000 420.133975 1215716.000000
v 2578157.566987 420.133975 1215715.750000
v 2578157.750000 420.133975 1215715.566987
v 2578158.000000 420.133975 1215715.500000
v 2578158.250000 420.133975 1215715.566987
v 2578158.433013 420.133975 1215715.750000
v 2578158.000000 420.000000 1215716.000000
v 2578158.000000 420.000000 1215716.000000
v 2578158.000000 420.000000 1215716.000000
v 2578158.000000 420.000000 1215716.000000
v 2578158.000000 420.000000 1215716.000000
v 2578158.000000 420.000000 1215716.000000
v 2578158.000000 420.000000 1215716.000000
v 2578158.000000 420.000000 1215716.000000
v 2578158.000000 420.000000 1215716.000000
v 2578158.000000 420.000000 1215716.000000
v 2578158.000000 420.000000 1215716.000000
v 2578158.000000 420.000000 1215716.000000
f 2785 2797 2786
f 2786 2798 2797
f 2786 2798 2787
f 2787 2799 2798
f 2787 2799 2788
f 2788 2800 2799
f 2788 2800 2789
f 2789 2801 2800
f 2789 2801 2790
f 2790 2802 2801
f 2790 2802 2791
f 2791 2803 2802
f 2791 2803 2792
f 2792 2804 2803
f 2792 2804 2793
f 2793 2805 2804
f 2793 2805 2794
f 2794 2806 2805
f 2794 2806 2795
f 2795 2807 2806
f 2795 2807 2796
f 2796 2808 2807
f 2796 2808 2785
f 2785 2797 2808
f 2797 2809 2798
f 2798 2810 2809
f 2798 2810 2799
f 2799 2811 2810
f 2799 2811 2800
f 2800 2812 2811
f 2800 2812 2801
f 2801 2813 2812
f 2801 2813 2802
f 2802 2814 2813
f 2802 2814 2803
f 2803 2815 2814
f 2803 2815 2804
f 2804 2816 2815
f 2804 2816 2805
f 2805 2817 2816
f 2805 2817 2806
f 2806 2818 2817
f 2806 2818 2807
f 2807 2819 2818
f 2807 2819 2808
f 2808 2820 2819
f 2808 2820 2797
f 2797 2809 2820
f 2809 2821 2810
f 2810 2822 2821
f 2810 2822 2811
f 2811 2823 2822
f 2811 2823 2812
f 2812 2824 2823
f 2812 2824 2813
f 2813 2825 2824
f 2813 2825 2814
f 2814 2826 2825
f 2814 2826 2815
f 2815 2827 2826
f 2815 2827 2816
f 2816 2828 2827
f 2816 2828 2817
f 2817 2829 2828
f 2817 2829 2818
f 2818 2830 2829
f 2818 2830 2819
f 2819 2831 2830
f 2819 2831 2820
f 2820 2832 2831
f 2820 2832 2809
f 2809 2821 2832
f 2821 2833 2822
f 2822 2834 2833
f 2822 2834 2823
f 2823 2835 2834
f 2823 2835 2824
f 2824 2836 2835
f 2824 2836 2825
f 2825 2837 2836
f 2825 2837 2826
f 2826 2838 2837
f 2826 2838 2827
f 2827 2839 2838
f 2827 2839 2828
f 2828 2840 2839
f 2828 2840 2829
f 2829 2841 2840
f 2829 2841 2830
f 2830 2842 2841
f 2830 2842 2831
f 2831 2843 2842
f 2831 2843 2832
f 2832 2844 2843
f 2832 2844 2821
f 2821 2833 2844
f 2833 2845 2834
f 2834 2846 2845
f 2834 2846 2835
f 2835 2847 2846
f 2835 2847 2836
f 2836 2848 2847
f 2836 2848 2837
f 2837 2849 2848
f 2837 2849 2838
f 2838 2850 2849
f 2838 2850 2839
f 2839 2851 2850
f 2839 2851 2840
f 2840 2852 2851
f 2840 2852 2841
f 2841 2853 2852
f 2841 2853 2842
f 2842 2854 2853
f 2842 2854 2843
f 2843 2855 2854
f 2843 2855 2844
f 2844 2856 2855
f 2844 2856 2833
f 2833 2845 2856
f 2845 2857 2846
f 2846 2858 2857
f 2846 2858 2847
f 2847 2859 2858
f 2847 2859 2848
f 2848 2860 2859
f 2848 2860 2849
f 2849 2861 2860
f 2849 2861 2850
f 2850 2862 2861
f 2850 2862 2851
f 2851 2863 2862
f 2851 2863 2852
f 2852 2864 2863
f 2852 2864 2853
f 2853 2865 2864
f 2853 2865 2854
f 2854 2866 2865
f 2854 2866 2855
f 2855 2867 2866
f 2855 2867 2856
f 2856 2868 2867
f 2856 2868 2845
f 2845 2857 2868

o node_SS6
usemtl junction
# SS6: swmm_type=junction; type=Fixed; shape=cube; radier_elevation=448
v 2578246.000000 448.000000 1215878.000000
v 2578248.000000 448.000000 1215878.000000
v 2578248.000000 448.000000 1215880.000000
v 2578246.000000 448.000000 1215880.000000
v 2578246.000000 450.000000 1215878.000000
v 2578248.000000 450.000000 1215878.000000
v 2578248.000000 450.000000 1215880.000000
v 2578246.000000 450.000000 1215880.000000
f 2869 2870 2871
f 2869 2871 2872
f 2873 2875 2874
f 2873 2876 2875
f 2869 2873 2874
f 2869 2874 2870
f 2870 2874 2875
f 2870 2875 2871
f 2871 2875 2876
f 2871 2876 2872
f 2872 2876 2873
f 2872 2873 2869

o node_40
usemtl junction
# 40: swmm_type=junction; type=NotFixed; shape=sphere; radier_elevation=419
v 2578259.000000 421.000000 1215858.000000
v 2578259.000000 421.000000 1215858.000000
v 2578259.000000 421.000000 1215858.000000
v 2578259.000000 421.000000 1215858.000000
v 2578259.000000 421.000000 1215858.000000
v 2578259.000000 421.000000 1215858.000000
v 2578259.000000 421.000000 1215858.000000
v 2578259.000000 421.000000 1215858.000000
v 2578259.000000 421.000000 1215858.000000
v 2578259.000000 421.000000 1215858.000000
v 2578259.000000 421.000000 1215858.000000
v 2578259.000000 421.000000 1215858.000000
v 2578259.500000 420.866025 1215858.000000
v 2578259.433013 420.866025 1215858.250000
v 2578259.250000 420.866025 1215858.433013
v 2578259.000000 420.866025 1215858.500000
v 2578258.750000 420.866025 1215858.433013
v 2578258.566987 420.866025 1215858.250000
v 2578258.500000 420.866025 1215858.000000
v 2578258.566987 420.866025 1215857.750000
v 2578258.750000 420.866025 1215857.566987
v 2578259.000000 420.866025 1215857.500000
v 2578259.250000 420.866025 1215857.566987
v 2578259.433013 420.866025 1215857.750000
v 2578259.866025 420.500000 1215858.000000
v 2578259.750000 420.500000 1215858.433013
v 2578259.433013 420.500000 1215858.750000
v 2578259.000000 420.500000 1215858.866025
v 2578258.566987 420.500000 1215858.750000
v 2578258.250000 420.500000 1215858.433013
v 2578258.133975 420.500000 1215858.000000
v 2578258.250000 420.500000 1215857.566987
v 2578258.566987 420.500000 1215857.250000
v 2578259.000000 420.500000 1215857.133975
v 2578259.433013 420.500000 1215857.250000
v 2578259.750000 420.500000 1215857.566987
v 2578260.000000 420.000000 1215858.000000
v 2578259.866025 420.000000 1215858.500000
v 2578259.500000 420.000000 1215858.866025
v 2578259.000000 420.000000 1215859.000000
v 2578258.500000 420.000000 1215858.866025
v 2578258.133975 420.000000 1215858.500000
v 2578258.000000 420.000000 1215858.000000
v 2578258.133975 420.000000 1215857.500000
v 2578258.500000 420.000000 1215857.133975
v 2578259.000000 420.000000 1215857.000000
v 2578259.500000 420.000000 1215857.133975
v 2578259.866025 420.000000 1215857.500000
v 2578259.866025 419.500000 1215858.000000
v 2578259.750000 419.500000 1215858.433013
v 2578259.433013 419.500000 1215858.750000
v 2578259.000000 419.500000 1215858.866025
v 2578258.566987 419.500000 1215858.750000
v 2578258.250000 419.500000 1215858.433013
v 2578258.133975 419.500000 1215858.000000
v 2578258.250000 419.500000 1215857.566987
v 2578258.566987 419.500000 1215857.250000
v 2578259.000000 419.500000 1215857.133975
v 2578259.433013 419.500000 1215857.250000
v 2578259.750000 419.500000 1215857.566987
v 2578259.500000 419.133975 1215858.000000
v 2578259.433013 419.133975 1215858.250000
v 2578259.250000 419.133975 1215858.433013
v 2578259.000000 419.133975 1215858.500000
v 2578258.750000 419.133975 1215858.433013
v 2578258.566987 419.133975 1215858.250000
v 2578258.500000 419.133975 1215858.000000
v 2578258.566987 419.133975 1215857.750000
v 2578258.750000 419.133975 1215857.566987
v 2578259.000000 419.133975 1215857.500000
v 2578259.250000 419.133975 1215857.566987
v 2578259.433013 419.133975 1215857.750000
v 2578259.000000 419.000000 1215858.000000
v 2578259.000000 419.000000 1215858.000000
v 2578259.000000 419.000000 1215858.000000
v 2578259.000000 419.000000 1215858.000000
v 2578259.000000 419.000000 1215858.000000
v 2578259.000000 419.000000 1215858.000000
v 2578259.000000 419.000000 1215858.000000
v 2578259.000000 419.000000 1215858.000000
v 2578259.000000 419.000000 1215858.000000
v 2578259.000000 419.000000 1215858.000000
v 2578259.000000 419.000000 1215858.000000
v 2578259.000000 419.000000 1215858.000000
f 2877 2889 2878
f 2878 2890 2889
f 2878 2890 2879
f 2879 2891 2890
f 2879 2891 2880
f 2880 2892 2891
f 2880 2892 2881
f 2881 2893 2892
f 2881 2893 2882
f 2882 2894 2893
f 2882 2894 2883
f 2883 2895 2894
f 2883 2895 2884
f 2884 2896 2895
f 2884 2896 2885
f 2885 2897 2896
f 2885 2897 2886
f 2886 2898 2897
f 2886 2898 2887
f 2887 2899 2898
f 2887 2899 2888
f 2888 2900 2899
f 2888 2900 2877
f 2877 2889 2900
f 2889 2901 2890
f 2890 2902 2901
f 2890 2902 2891
f 2891 2903 2902
f 2891 2903 2892
f 2892 2904 2903
f 2892 2904 2893
f 2893 2905 2904
f 2893 2905 2894
f 2894 2906 2905
f 2894 2906 2895
f 2895 2907 2906
f 2895 2907 2896
f 2896 2908 2907
f 2896 2908 2897
f 2897 2909 2908
f 2897 2909 2898
f 2898 2910 2909
f 2898 2910 2899
f 2899 2911 2910
f 2899 2911 2900
f 2900 2912 2911
f 2900 2912 2889
f 2889 2901 2912
f 2901 2913 2902
f 2902 2914 2913
f 2902 2914 2903
f 2903 2915 2914
f 2903 2915 2904
f 2904 2916 2915
f 2904 2916 2905
f 2905 2917 2916
f 2905 2917 2906
f 2906 2918 2917
f 2906 2918 2907
f 2907 2919 2918
f 2907 2919 2908
f 2908 2920 2919
f 2908 2920 2909
f 2909 2921 2920
f 2909 2921 2910
f 2910 2922 2921
f 2910 2922 2911
f 2911 2923 2922
f 2911 2923 2912
f 2912 2924 2923
f 2912 2924 2901
f 2901 2913 2924
f 2913 2925 2914
f 2914 2926 2925
f 2914 2926 2915
f 2915 2927 2926
f 2915 2927 2916
f 2916 2928 2927
f 2916 2928 2917
f 2917 2929 2928
f 2917 2929 2918
f 2918 2930 2929
f 2918 2930 2919
f 2919 2931 2930
f 2919 2931 2920
f 2920 2932 2931
f 2920 2932 2921
f 2921 2933 2932
f 2921 2933 2922
f 2922 2934 2933
f 2922 2934 2923
f 2923 2935 2934
f 2923 2935 2924
f 2924 2936 2935
f 2924 2936 2913
f 2913 2925 2936
f 2925 2937 2926
f 2926 2938 2937
f 2926 2938 2927
f 2927 2939 2938
f 2927 2939 2928
f 2928 2940 2939
f 2928 2940 2929
f 2929 2941 2940
f 2929 2941 2930
f 2930 2942 2941
f 2930 2942 2931
f 2931 2943 2942
f 2931 2943 2932
f 2932 2944 2943
f 2932 2944 2933
f 2933 2945 2944
f 2933 2945 2934
f 2934 2946 2945
f 2934 2946 2935
f 2935 2947 2946
f 2935 2947 2936
f 2936 2948 2947
f 2936 2948 2925
f 2925 2937 2948
f 2937 2949 2938
f 2938 2950 2949
f 2938 2950 2939
f 2939 2951 2950
f 2939 2951 2940
f 2940 2952 2951
f 2940 2952 2941
f 2941 2953 2952
f 2941 2953 2942
f 2942 2954 2953
f 2942 2954 2943
f 2943 2955 2954
f 2943 2955 2944
f 2944 2956 2955
f 2944 2956 2945
f 2945 2957 2956
f 2945 2957 2946
f 2946 2958 2957
f 2946 2958 2947
f 2947 2959 2958
f 2947 2959 2948
f 2948 2960 2959
f 2948 2960 2937
f 2937 2949 2960

o node_41
usemtl junction
# 41: swmm_type=junction; type=NotFixed; shape=sphere; radier_elevation=437.5
v 2578210.000000 439.500000 1215870.000000
v 2578210.000000 439.500000 1215870.000000
v 2578210.000000 439.500000 1215870.000000
v 2578210.000000 439.500000 1215870.000000
v 2578210.000000 439.500000 1215870.000000
v 2578210.000000 439.500000 1215870.000000
v 2578210.000000 439.500000 1215870.000000
v 2578210.000000 439.500000 1215870.000000
v 2578210.000000 439.500000 1215870.000000
v 2578210.000000 439.500000 1215870.000000
v 2578210.000000 439.500000 1215870.000000
v 2578210.000000 439.500000 1215870.000000
v 2578210.500000 439.366025 1215870.000000
v 2578210.433013 439.366025 1215870.250000
v 2578210.250000 439.366025 1215870.433013
v 2578210.000000 439.366025 1215870.500000
v 2578209.750000 439.366025 1215870.433013
v 2578209.566987 439.366025 1215870.250000
v 2578209.500000 439.366025 1215870.000000
v 2578209.566987 439.366025 1215869.750000
v 2578209.750000 439.366025 1215869.566987
v 2578210.000000 439.366025 1215869.500000
v 2578210.250000 439.366025 1215869.566987
v 2578210.433013 439.366025 1215869.750000
v 2578210.866025 439.000000 1215870.000000
v 2578210.750000 439.000000 1215870.433013
v 2578210.433013 439.000000 1215870.750000
v 2578210.000000 439.000000 1215870.866025
v 2578209.566987 439.000000 1215870.750000
v 2578209.250000 439.000000 1215870.433013
v 2578209.133975 439.000000 1215870.000000
v 2578209.250000 439.000000 1215869.566987
v 2578209.566987 439.000000 1215869.250000
v 2578210.000000 439.000000 1215869.133975
v 2578210.433013 439.000000 1215869.250000
v 2578210.750000 439.000000 1215869.566987
v 2578211.000000 438.500000 1215870.000000
v 2578210.866025 438.500000 1215870.500000
v 2578210.500000 438.500000 1215870.866025
v 2578210.000000 438.500000 1215871.000000
v 2578209.500000 438.500000 1215870.866025
v 2578209.133975 438.500000 1215870.500000
v 2578209.000000 438.500000 1215870.000000
v 2578209.133975 438.500000 1215869.500000
v 2578209.500000 438.500000 1215869.133975
v 2578210.000000 438.500000 1215869.000000
v 2578210.500000 438.500000 1215869.133975
v 2578210.866025 438.500000 1215869.500000
v 2578210.866025 438.000000 1215870.000000
v 2578210.750000 438.000000 1215870.433013
v 2578210.433013 438.000000 1215870.750000
v 2578210.000000 438.000000 1215870.866025
v 2578209.566987 438.000000 1215870.750000
v 2578209.250000 438.000000 1215870.433013
v 2578209.133975 438.000000 1215870.000000
v 2578209.250000 438.000000 1215869.566987
v 2578209.566987 438.000000 1215869.250000
v 2578210.000000 438.000000 1215869.133975
v 2578210.433013 438.000000 1215869.250000
v 2578210.750000 438.000000 1215869.566987
v 2578210.500000 437.633975 1215870.000000
v 2578210.433013 437.633975 1215870.250000
v 2578210.250000 437.633975 1215870.433013
v 2578210.000000 437.633975 1215870.500000
v 2578209.750000 437.633975 1215870.433013
v 2578209.566987 437.633975 1215870.250000
v 2578209.500000 437.633975 1215870.000000
v 2578209.566987 437.633975 1215869.750000
v 2578209.750000 437.633975 1215869.566987
v 2578210.000000 437.633975 1215869.500000
v 2578210.250000 437.633975 1215869.566987
v 2578210.433013 437.633975 1215869.750000
v 2578210.000000 437.500000 1215870.000000
v 2578210.000000 437.500000 1215870.000000
v 2578210.000000 437.500000 1215870.000000
v 2578210.000000 437.500000 1215870.000000
v 2578210.000000 437.500000 1215870.000000
v 2578210.000000 437.500000 1215870.000000
v 2578210.000000 437.500000 1215870.000000
v 2578210.000000 437.500000 1215870.000000
v 2578210.000000 437.500000 1215870.000000
v 2578210.000000 437.500000 1215870.000000
v 2578210.000000 437.500000 1215870.000000
v 2578210.000000 437.500000 1215870.000000
f 2961 2973 2962
f 2962 2974 2973
f 2962 2974 2963
f 2963 2975 2974
f 2963 2975 2964
f 2964 2976 2975
f 2964 2976 2965
f 2965 2977 2976
f 2965 2977 2966
f 2966 2978 2977
f 2966 2978 2967
f 2967 2979 2978
f 2967 2979 2968
f 2968 2980 2979
f 2968 2980 2969
f 2969 2981 2980
f 2969 2981 2970
f 2970 2982 2981
f 2970 2982 2971
f 2971 2983 2982
f 2971 2983 2972
f 2972 2984 2983
f 2972 2984 2961
f 2961 2973 2984
f 2973 2985 2974
f 2974 2986 2985
f 2974 2986 2975
f 2975 2987 2986
f 2975 2987 2976
f 2976 2988 2987
f 2976 2988 2977
f 2977 2989 2988
f 2977 2989 2978
f 2978 2990 2989
f 2978 2990 2979
f 2979 2991 2990
f 2979 2991 2980
f 2980 2992 2991
f 2980 2992 2981
f 2981 2993 2992
f 2981 2993 2982
f 2982 2994 2993
f 2982 2994 2983
f 2983 2995 2994
f 2983 2995 2984
f 2984 2996 2995
f 2984 2996 2973
f 2973 2985 2996
f 2985 2997 2986
f 2986 2998 2997
f 2986 2998 2987
f 2987 2999 2998
f 2987 2999 2988
f 2988 3000 2999
f 2988 3000 2989
f 2989 3001 3000
f 2989 3001 2990
f 2990 3002 3001
f 2990 3002 2991
f 2991 3003 3002
f 2991 3003 2992
f 2992 3004 3003
f 2992 3004 2993
f 2993 3005 3004
f 2993 3005 2994
f 2994 3006 3005
f 2994 3006 2995
f 2995 3007 3006
f 2995 3007 2996
f 2996 3008 3007
f 2996 3008 2985
f 2985 2997 3008
f 2997 3009 2998
f 2998 3010 3009
f 2998 3010 2999
f 2999 3011 3010
f 2999 3011 3000
f 3000 3012 3011
f 3000 3012 3001
f 3001 3013 3012
f 3001 3013 3002
f 3002 3014 3013
f 3002 3014 3003
f 3003 3015 3014
f 3003 3015 3004
f 3004 3016 3015
f 3004 3016 3005
f 3005 3017 3016
f 3005 3017 3006
f 3006 3018 3017
f 3006 3018 3007
f 3007 3019 3018
f 3007 3019 3008
f 3008 3020 3019
f 3008 3020 2997
f 2997 3009 3020
f 3009 3021 3010
f 3010 3022 3021
f 3010 3022 3011
f 3011 3023 3022
f 3011 3023 3012
f 3012 3024 3023
f 3012 3024 3013
f 3013 3025 3024
f 3013 3025 3014
f 3014 3026 3025
f 3014 3026 3015
f 3015 3027 3026
f 3015 3027 3016
f 3016 3028 3027
f 3016 3028 3017
f 3017 3029 3028
f 3017 3029 3018
f 3018 3030 3029
f 3018 3030 3019
f 3019 3031 3030
f 3019 3031 3020
f 3020 3032 3031
f 3020 3032 3009
f 3009 3021 3032
f 3021 3033 3022
f 3022 3034 3033
f 3022 3034 3023
f 3023 3035 3034
f 3023 3035 3024
f 3024 3036 3035
f 3024 3036 3025
f 3025 3037 3036
f 3025 3037 3026
f 3026 3038 3037
f 3026 3038 3027
f 3027 3039 3038
f 3027 3039 3028
f 3028 3040 3039
f 3028 3040 3029
f 3029 3041 3040
f 3029 3041 3030
f 3030 3042 3041
f 3030 3042 3031
f 3031 3043 3042
f 3031 3043 3032
f 3032 3044 3043
f 3032 3044 3021
f 3021 3033 3044

o node_SondeSchuettstein
usemtl junction
# SondeSchuettstein: swmm_type=junction; type=Fixed; shape=cube; radier_elevation=459
v 2578170.000000 459.000000 1215877.000000
v 2578172.000000 459.000000 1215877.000000
v 2578172.000000 459.000000 1215879.000000
v 2578170.000000 459.000000 1215879.000000
v 2578170.000000 461.000000 1215877.000000
v 2578172.000000 461.000000 1215877.000000
v 2578172.000000 461.000000 1215879.000000
v 2578170.000000 461.000000 1215879.000000
f 3045 3046 3047
f 3045 3047 3048
f 3049 3051 3050
f 3049 3052 3051
f 3045 3049 3050
f 3045 3050 3046
f 3046 3050 3051
f 3046 3051 3047
f 3047 3051 3052
f 3047 3052 3048
f 3048 3052 3049
f 3048 3049 3045

o node_SS4
usemtl junction
# SS4: swmm_type=junction; type=Fixed; shape=cube; radier_elevation=448
v 2578259.000000 448.000000 1215896.000000
v 2578261.000000 448.000000 1215896.000000
v 2578261.000000 448.000000 1215898.000000
v 2578259.000000 448.000000 1215898.000000
v 2578259.000000 450.000000 1215896.000000
v 2578261.000000 450.000000 1215896.000000
v 2578261.000000 450.000000 1215898.000000
v 2578259.000000 450.000000 1215898.000000
f 3053 3054 3055
f 3053 3055 3056
f 3057 3059 3058
f 3057 3060 3059
f 3053 3057 3058
f 3053 3058 3054
f 3054 3058 3059
f 3054 3059 3055
f 3055 3059 3060
f 3055 3060 3056
f 3056 3060 3057
f 3056 3057 3053

o node_47
usemtl junction
# 47: swmm_type=junction; type=Fixed; shape=cube; radier_elevation=464.9
v 2578187.000000 464.900000 1215915.000000
v 2578189.000000 464.900000 1215915.000000
v 2578189.000000 464.900000 1215917.000000
v 2578187.000000 464.900000 1215917.000000
v 2578187.000000 466.900000 1215915.000000
v 2578189.000000 466.900000 1215915.000000
v 2578189.000000 466.900000 1215917.000000
v 2578187.000000 466.900000 1215917.000000
f 3061 3062 3063
f 3061 3063 3064
f 3065 3067 3066
f 3065 3068 3067
f 3061 3065 3066
f 3061 3066 3062
f 3062 3066 3067
f 3062 3067 3063
f 3063 3067 3068
f 3063 3068 3064
f 3064 3068 3065
f 3064 3065 3061

o node_48
usemtl junction
# 48: swmm_type=junction; type=Fixed; shape=cube; radier_elevation=471
v 2578172.000000 471.000000 1215878.000000
v 2578174.000000 471.000000 1215878.000000
v 2578174.000000 471.000000 1215880.000000
v 2578172.000000 471.000000 1215880.000000
v 2578172.000000 473.000000 1215878.000000
v 2578174.000000 473.000000 1215878.000000
v 2578174.000000 473.000000 1215880.000000
v 2578172.000000 473.000000 1215880.000000
f 3069 3070 3071
f 3069 3071 3072
f 3073 3075 3074
f 3073 3076 3075
f 3069 3073 3074
f 3069 3074 3070
f 3070 3074 3075
f 3070 3075 3071
f 3071 3075 3076
f 3071 3076 3072
f 3072 3076 3073
f 3072 3073 3069

o node_SondeGischeren
usemtl junction
# SondeGischeren: swmm_type=junction; type=Fixed; shape=cube; radier_elevation=465
v 2578250.000000 465.000000 1215911.000000
v 2578252.000000 465.000000 1215911.000000
v 2578252.000000 465.000000 1215913.000000
v 2578250.000000 465.000000 1215913.000000
v 2578250.000000 467.000000 1215911.000000
v 2578252.000000 467.000000 1215911.000000
v 2578252.000000 467.000000 1215913.000000
v 2578250.000000 467.000000 1215913.000000
f 3077 3078 3079
f 3077 3079 3080
f 3081 3083 3082
f 3081 3084 3083
f 3077 3081 3082
f 3077 3082 3078
f 3078 3082 3083
f 3078 3083 3079
f 3079 3083 3084
f 3079 3084 3080
f 3080 3084 3081
f 3080 3081 3077

o node_49
usemtl junction
# 49: swmm_type=junction; type=NotFixed; shape=sphere; radier_elevation=466
v 2578248.000000 468.000000 1215880.000000
v 2578248.000000 468.000000 1215880.000000
v 2578248.000000 468.000000 1215880.000000
v 2578248.000000 468.000000 1215880.000000
v 2578248.000000 468.000000 1215880.000000
v 2578248.000000 468.000000 1215880.000000
v 2578248.000000 468.000000 1215880.000000
v 2578248.000000 468.000000 1215880.000000
v 2578248.000000 468.000000 1215880.000000
v 2578248.000000 468.000000 1215880.000000
v 2578248.000000 468.000000 1215880.000000
v 2578248.000000 468.000000 1215880.000000
v 2578248.500000 467.866025 1215880.000000
v 2578248.433013 467.866025 1215880.250000
v 2578248.250000 467.866025 1215880.433013
v 2578248.000000 467.866025 1215880.500000
v 2578247.750000 467.866025 1215880.433013
v 2578247.566987 467.866025 1215880.250000
v 2578247.500000 467.866025 1215880.000000
v 2578247.566987 467.866025 1215879.750000
v 2578247.750000 467.866025 1215879.566987
v 2578248.000000 467.866025 1215879.500000
v 2578248.250000 467.866025 1215879.566987
v 2578248.433013 467.866025 1215879.750000
v 2578248.866025 467.500000 1215880.000000
v 2578248.750000 467.500000 1215880.433013
v 2578248.433013 467.500000 1215880.750000
v 2578248.000000 467.500000 1215880.866025
v 2578247.566987 467.500000 1215880.750000
v 2578247.250000 467.500000 1215880.433013
v 2578247.133975 467.500000 1215880.000000
v 2578247.250000 467.500000 1215879.566987
v 2578247.566987 467.500000 1215879.250000
v 2578248.000000 467.500000 1215879.133975
v 2578248.433013 467.500000 1215879.250000
v 2578248.750000 467.500000 1215879.566987
v 2578249.000000 467.000000 1215880.000000
v 2578248.866025 467.000000 1215880.500000
v 2578248.500000 467.000000 1215880.866025
v 2578248.000000 467.000000 1215881.000000
v 2578247.500000 467.000000 1215880.866025
v 2578247.133975 467.000000 1215880.500000
v 2578247.000000 467.000000 1215880.000000
v 2578247.133975 467.000000 1215879.500000
v 2578247.500000 467.000000 1215879.133975
v 2578248.000000 467.000000 1215879.000000
v 2578248.500000 467.000000 1215879.133975
v 2578248.866025 467.000000 1215879.500000
v 2578248.866025 466.500000 1215880.000000
v 2578248.750000 466.500000 1215880.433013
v 2578248.433013 466.500000 1215880.750000
v 2578248.000000 466.500000 1215880.866025
v 2578247.566987 466.500000 1215880.750000
v 2578247.250000 466.500000 1215880.433013
v 2578247.133975 466.500000 1215880.000000
v 2578247.250000 466.500000 1215879.566987
v 2578247.566987 466.500000 1215879.250000
v 2578248.000000 466.500000 1215879.133975
v 2578248.433013 466.500000 1215879.250000
v 2578248.750000 466.500000 1215879.566987
v 2578248.500000 466.133975 1215880.000000
v 2578248.433013 466.133975 1215880.250000
v 2578248.250000 466.133975 1215880.433013
v 2578248.000000 466.133975 1215880.500000
v 2578247.750000 466.133975 1215880.433013
v 2578247.566987 466.133975 1215880.250000
v 2578247.500000 466.133975 1215880.000000
v 2578247.566987 466.133975 1215879.750000
v 2578247.750000 466.133975 1215879.566987
v 2578248.000000 466.133975 1215879.500000
v 2578248.250000 466.133975 1215879.566987
v 2578248.433013 466.133975 1215879.750000
v 2578248.000000 466.000000 1215880.000000
v 2578248.000000 466.000000 1215880.000000
v 2578248.000000 466.000000 1215880.000000
v 2578248.000000 466.000000 1215880.000000
v 2578248.000000 466.000000 1215880.000000
v 2578248.000000 466.000000 1215880.000000
v 2578248.000000 466.000000 1215880.000000
v 2578248.000000 466.000000 1215880.000000
v 2578248.000000 466.000000 1215880.000000
v 2578248.000000 466.000000 1215880.000000
v 2578248.000000 466.000000 1215880.000000
v 2578248.000000 466.000000 1215880.000000
f 3085 3097 3086
f 3086 3098 3097
f 3086 3098 3087
f 3087 3099 3098
f 3087 3099 3088
f 3088 3100 3099
f 3088 3100 3089
f 3089 3101 3100
f 3089 3101 3090
f 3090 3102 3101
f 3090 3102 3091
f 3091 3103 3102
f 3091 3103 3092
f 3092 3104 3103
f 3092 3104 3093
f 3093 3105 3104
f 3093 3105 3094
f 3094 3106 3105
f 3094 3106 3095
f 3095 3107 3106
f 3095 3107 3096
f 3096 3108 3107
f 3096 3108 3085
f 3085 3097 3108
f 3097 3109 3098
f 3098 3110 3109
f 3098 3110 3099
f 3099 3111 3110
f 3099 3111 3100
f 3100 3112 3111
f 3100 3112 3101
f 3101 3113 3112
f 3101 3113 3102
f 3102 3114 3113
f 3102 3114 3103
f 3103 3115 3114
f 3103 3115 3104
f 3104 3116 3115
f 3104 3116 3105
f 3105 3117 3116
f 3105 3117 3106
f 3106 3118 3117
f 3106 3118 3107
f 3107 3119 3118
f 3107 3119 3108
f 3108 3120 3119
f 3108 3120 3097
f 3097 3109 3120
f 3109 3121 3110
f 3110 3122 3121
f 3110 3122 3111
f 3111 3123 3122
f 3111 3123 3112
f 3112 3124 3123
f 3112 3124 3113
f 3113 3125 3124
f 3113 3125 3114
f 3114 3126 3125
f 3114 3126 3115
f 3115 3127 3126
f 3115 3127 3116
f 3116 3128 3127
f 3116 3128 3117
f 3117 3129 3128
f 3117 3129 3118
f 3118 3130 3129
f 3118 3130 3119
f 3119 3131 3130
f 3119 3131 3120
f 3120 3132 3131
f 3120 3132 3109
f 3109 3121 3132
f 3121 3133 3122
f 3122 3134 3133
f 3122 3134 3123
f 3123 3135 3134
f 3123 3135 3124
f 3124 3136 3135
f 3124 3136 3125
f 3125 3137 3136
f 3125 3137 3126
f 3126 3138 3137
f 3126 3138 3127
f 3127 3139 3138
f 3127 3139 3128
f 3128 3140 3139
f 3128 3140 3129
f 3129 3141 3140
f 3129 3141 3130
f 3130 3142 3141
f 3130 3142 3131
f 3131 3143 3142
f 3131 3143 3132
f 3132 3144 3143
f 3132 3144 3121
f 3121 3133 3144
f 3133 3145 3134
f 3134 3146 3145
f 3134 3146 3135
f 3135 3147 3146
f 3135 3147 3136
f 3136 3148 3147
f 3136 3148 3137
f 3137 3149 3148
f 3137 3149 3138
f 3138 3150 3149
f 3138 3150 3139
f 3139 3151 3150
f 3139 3151 3140
f 3140 3152 3151
f 3140 3152 3141
f 3141 3153 3152
f 3141 3153 3142
f 3142 3154 3153
f 3142 3154 3143
f 3143 3155 3154
f 3143 3155 3144
f 3144 3156 3155
f 3144 3156 3133
f 3133 3145 3156
f 3145 3157 3146
f 3146 3158 3157
f 3146 3158 3147
f 3147 3159 3158
f 3147 3159 3148
f 3148 3160 3159
f 3148 3160 3149
f 3149 3161 3160
f 3149 3161 3150
f 3150 3162 3161
f 3150 3162 3151
f 3151 3163 3162
f 3151 3163 3152
f 3152 3164 3163
f 3152 3164 3153
f 3153 3165 3164
f 3153 3165 3154
f 3154 3166 3165
f 3154 3166 3155
f 3155 3167 3166
f 3155 3167 3156
f 3156 3168 3167
f 3156 3168 3145
f 3145 3157 3168

o node_50
usemtl junction
# 50: swmm_type=junction; type=NotFixed; shape=sphere; radier_elevation=463
v 2578243.000000 465.000000 1215892.000000
v 2578243.000000 465.000000 1215892.000000
v 2578243.000000 465.000000 1215892.000000
v 2578243.000000 465.000000 1215892.000000
v 2578243.000000 465.000000 1215892.000000
v 2578243.000000 465.000000 1215892.000000
v 2578243.000000 465.000000 1215892.000000
v 2578243.000000 465.000000 1215892.000000
v 2578243.000000 465.000000 1215892.000000
v 2578243.000000 465.000000 1215892.000000
v 2578243.000000 465.000000 1215892.000000
v 2578243.000000 465.000000 1215892.000000
v 2578243.500000 464.866025 1215892.000000
v 2578243.433013 464.866025 1215892.250000
v 2578243.250000 464.866025 1215892.433013
v 2578243.000000 464.866025 1215892.500000
v 2578242.750000 464.866025 1215892.433013
v 2578242.566987 464.866025 1215892.250000
v 2578242.500000 464.866025 1215892.000000
v 2578242.566987 464.866025 1215891.750000
v 2578242.750000 464.866025 1215891.566987
v 2578243.000000 464.866025 1215891.500000
v 2578243.250000 464.866025 1215891.566987
v 2578243.433013 464.866025 1215891.750000
v 2578243.866025 464.500000 1215892.000000
v 2578243.750000 464.500000 1215892.433013
v 2578243.433013 464.500000 1215892.750000
v 2578243.000000 464.500000 1215892.866025
v 2578242.566987 464.500000 1215892.750000
v 2578242.250000 464.500000 1215892.433013
v 2578242.133975 464.500000 1215892.000000
v 2578242.250000 464.500000 1215891.566987
v 2578242.566987 464.500000 1215891.250000
v 2578243.000000 464.500000 1215891.133975
v 2578243.433013 464.500000 1215891.250000
v 2578243.750000 464.500000 1215891.566987
v 2578244.000000 464.000000 1215892.000000
v 2578243.866025 464.000000 1215892.500000
v 2578243.500000 464.000000 1215892.866025
v 2578243.000000 464.000000 1215893.000000
v 2578242.500000 464.000000 1215892.866025
v 2578242.133975 464.000000 1215892.500000
v 2578242.000000 464.000000 1215892.000000
v 2578242.133975 464.000000 1215891.500000
v 2578242.500000 464.000000 1215891.133975
v 2578243.000000 464.000000 1215891.000000
v 2578243.500000 464.000000 1215891.133975
v 2578243.866025 464.000000 1215891.500000
v 2578243.866025 463.500000 1215892.000000
v 2578243.750000 463.500000 1215892.433013
v 2578243.433013 463.500000 1215892.750000
v 2578243.000000 463.500000 1215892.866025
v 2578242.566987 463.500000 1215892.750000
v 2578242.250000 463.500000 1215892.433013
v 2578242.133975 463.500000 1215892.000000
v 2578242.250000 463.500000 1215891.566987
v 2578242.566987 463.500000 1215891.250000
v 2578243.000000 463.500000 1215891.133975
v 2578243.433013 463.500000 1215891.250000
v 2578243.750000 463.500000 1215891.566987
v 2578243.500000 463.133975 1215892.000000
v 2578243.433013 463.133975 1215892.250000
v 2578243.250000 463.133975 1215892.433013
v 2578243.000000 463.133975 1215892.500000
v 2578242.750000 463.133975 1215892.433013
v 2578242.566987 463.133975 1215892.250000
v 2578242.500000 463.133975 1215892.000000
v 2578242.566987 463.133975 1215891.750000
v 2578242.750000 463.133975 1215891.566987
v 2578243.000000 463.133975 1215891.500000
v 2578243.250000 463.133975 1215891.566987
v 2578243.433013 463.133975 1215891.750000
v 2578243.000000 463.000000 1215892.000000
v 2578243.000000 463.000000 1215892.000000
v 2578243.000000 463.000000 1215892.000000
v 2578243.000000 463.000000 1215892.000000
v 2578243.000000 463.000000 1215892.000000
v 2578243.000000 463.000000 1215892.000000
v 2578243.000000 463.000000 1215892.000000
v 2578243.000000 463.000000 1215892.000000
v 2578243.000000 463.000000 1215892.000000
v 2578243.000000 463.000000 1215892.000000
v 2578243.000000 463.000000 1215892.000000
v 2578243.000000 463.000000 1215892.000000
f 3169 3181 3170
f 3170 3182 3181
f 3170 3182 3171
f 3171 3183 3182
f 3171 3183 3172
f 3172 3184 3183
f 3172 3184 3173
f 3173 3185 3184
f 3173 3185 3174
f 3174 3186 3185
f 3174 3186 3175
f 3175 3187 3186
f 3175 3187 3176
f 3176 3188 3187
f 3176 3188 3177
f 3177 3189 3188
f 3177 3189 3178
f 3178 3190 3189
f 3178 3190 3179
f 3179 3191 3190
f 3179 3191 3180
f 3180 3192 3191
f 3180 3192 3169
f 3169 3181 3192
f 3181 3193 3182
f 3182 3194 3193
f 3182 3194 3183
f 3183 3195 3194
f 3183 3195 3184
f 3184 3196 3195
f 3184 3196 3185
f 3185 3197 3196
f 3185 3197 3186
f 3186 3198 3197
f 3186 3198 3187
f 3187 3199 3198
f 3187 3199 3188
f 3188 3200 3199
f 3188 3200 3189
f 3189 3201 3200
f 3189 3201 3190
f 3190 3202 3201
f 3190 3202 3191
f 3191 3203 3202
f 3191 3203 3192
f 3192 3204 3203
f 3192 3204 3181
f 3181 3193 3204
f 3193 3205 3194
f 3194 3206 3205
f 3194 3206 3195
f 3195 3207 3206
f 3195 3207 3196
f 3196 3208 3207
f 3196 3208 3197
f 3197 3209 3208
f 3197 3209 3198
f 3198 3210 3209
f 3198 3210 3199
f 3199 3211 3210
f 3199 3211 3200
f 3200 3212 3211
f 3200 3212 3201
f 3201 3213 3212
f 3201 3213 3202
f 3202 3214 3213
f 3202 3214 3203
f 3203 3215 3214
f 3203 3215 3204
f 3204 3216 3215
f 3204 3216 3193
f 3193 3205 3216
f 3205 3217 3206
f 3206 3218 3217
f 3206 3218 3207
f 3207 3219 3218
f 3207 3219 3208
f 3208 3220 3219
f 3208 3220 3209
f 3209 3221 3220
f 3209 3221 3210
f 3210 3222 3221
f 3210 3222 3211
f 3211 3223 3222
f 3211 3223 3212
f 3212 3224 3223
f 3212 3224 3213
f 3213 3225 3224
f 3213 3225 3214
f 3214 3226 3225
f 3214 3226 3215
f 3215 3227 3226
f 3215 3227 3216
f 3216 3228 3227
f 3216 3228 3205
f 3205 3217 3228
f 3217 3229 3218
f 3218 3230 3229
f 3218 3230 3219
f 3219 3231 3230
f 3219 3231 3220
f 3220 3232 3231
f 3220 3232 3221
f 3221 3233 3232
f 3221 3233 3222
f 3222 3234 3233
f 3222 3234 3223
f 3223 3235 3234
f 3223 3235 3224
f 3224 3236 3235
f 3224 3236 3225
f 3225 3237 3236
f 3225 3237 3226
f 3226 3238 3237
f 3226 3238 3227
f 3227 3239 3238
f 3227 3239 3228
f 3228 3240 3239
f 3228 3240 3217
f 3217 3229 3240
f 3229 3241 3230
f 3230 3242 3241
f 3230 3242 3231
f 3231 3243 3242
f 3231 3243 3232
f 3232 3244 3243
f 3232 3244 3233
f 3233 3245 3244
f 3233 3245 3234
f 3234 3246 3245
f 3234 3246 3235
f 3235 3247 3246
f 3235 3247 3236
f 3236 3248 3247
f 3236 3248 3237
f 3237 3249 3248
f 3237 3249 3238
f 3238 3250 3249
f 3238 3250 3239
f 3239 3251 3250
f 3239 3251 3240
f 3240 3252 3251
f 3240 3252 3229
f 3229 3241 3252

o node_51
usemtl junction
# 51: swmm_type=junction; type=NotFixed; shape=sphere; radier_elevation=420
v 2578212.000000 422.000000 1215860.000000
v 2578212.000000 422.000000 1215860.000000
v 2578212.000000 422.000000 1215860.000000
v 2578212.000000 422.000000 1215860.000000
v 2578212.000000 422.000000 1215860.000000
v 2578212.000000 422.000000 1215860.000000
v 2578212.000000 422.000000 1215860.000000
v 2578212.000000 422.000000 1215860.000000
v 2578212.000000 422.000000 1215860.000000
v 2578212.000000 422.000000 1215860.000000
v 2578212.000000 422.000000 1215860.000000
v 2578212.000000 422.000000 1215860.000000
v 2578212.500000 421.866025 1215860.000000
v 2578212.433013 421.866025 1215860.250000
v 2578212.250000 421.866025 1215860.433013
v 2578212.000000 421.866025 1215860.500000
v 2578211.750000 421.866025 1215860.433013
v 2578211.566987 421.866025 1215860.250000
v 2578211.500000 421.866025 1215860.000000
v 2578211.566987 421.866025 1215859.750000
v 2578211.750000 421.866025 1215859.566987
v 2578212.000000 421.866025 1215859.500000
v 2578212.250000 421.866025 1215859.566987
v 2578212.433013 421.866025 1215859.750000
v 2578212.866025 421.500000 1215860.000000
v 2578212.750000 421.500000 1215860.433013
v 2578212.433013 421.500000 1215860.750000
v 2578212.000000 421.500000 1215860.866025
v 2578211.566987 421.500000 1215860.750000
v 2578211.250000 421.500000 1215860.433013
v 2578211.133975 421.500000 1215860.000000
v 2578211.250000 421.500000 1215859.566987
v 2578211.566987 421.500000 1215859.250000
v 2578212.000000 421.500000 1215859.133975
v 2578212.433013 421.500000 1215859.250000
v 2578212.750000 421.500000 1215859.566987
v 2578213.000000 421.000000 1215860.000000
v 2578212.866025 421.000000 1215860.500000
v 2578212.500000 421.000000 1215860.866025
v 2578212.000000 421.000000 1215861.000000
v 2578211.500000 421.000000 1215860.866025
v 2578211.133975 421.000000 1215860.500000
v 2578211.000000 421.000000 1215860.000000
v 2578211.133975 421.000000 1215859.500000
v 2578211.500000 421.000000 1215859.133975
v 2578212.000000 421.000000 1215859.000000
v 2578212.500000 421.000000 1215859.133975
v 2578212.866025 421.000000 1215859.500000
v 2578212.866025 420.500000 1215860.000000
v 2578212.750000 420.500000 1215860.433013
v 2578212.433013 420.500000 1215860.750000
v 2578212.000000 420.500000 1215860.866025
v 2578211.566987 420.500000 1215860.750000
v 2578211.250000 420.500000 1215860.433013
v 2578211.133975 420.500000 1215860.000000
v 2578211.250000 420.500000 1215859.566987
v 2578211.566987 420.500000 1215859.250000
v 2578212.000000 420.500000 1215859.133975
v 2578212.433013 420.500000 1215859.250000
v 2578212.750000 420.500000 1215859.566987
v 2578212.500000 420.133975 1215860.000000
v 2578212.433013 420.133975 1215860.250000
v 2578212.250000 420.133975 1215860.433013
v 2578212.000000 420.133975 1215860.500000
v 2578211.750000 420.133975 1215860.433013
v 2578211.566987 420.133975 1215860.250000
v 2578211.500000 420.133975 1215860.000000
v 2578211.566987 420.133975 1215859.750000
v 2578211.750000 420.133975 1215859.566987
v 2578212.000000 420.133975 1215859.500000
v 2578212.250000 420.133975 1215859.566987
v 2578212.433013 420.133975 1215859.750000
v 2578212.000000 420.000000 1215860.000000
v 2578212.000000 420.000000 1215860.000000
v 2578212.000000 420.000000 1215860.000000
v 2578212.000000 420.000000 1215860.000000
v 2578212.000000 420.000000 1215860.000000
v 2578212.000000 420.000000 1215860.000000
v 2578212.000000 420.000000 1215860.000000
v 2578212.000000 420.000000 1215860.000000
v 2578212.000000 420.000000 1215860.000000
v 2578212.000000 420.000000 1215860.000000
v 2578212.000000 420.000000 1215860.000000
v 2578212.000000 420.000000 1215860.000000
f 3253 3265 3254
f 3254 3266 3265
f 3254 3266 3255
f 3255 3267 3266
f 3255 3267 3256
f 3256 3268 3267
f 3256 3268 3257
f 3257 3269 3268
f 3257 3269 3258
f 3258 3270 3269
f 3258 3270 3259
f 3259 3271 3270
f 3259 3271 3260
f 3260 3272 3271
f 3260 3272 3261
f 3261 3273 3272
f 3261 3273 3262
f 3262 3274 3273
f 3262 3274 3263
f 3263 3275 3274
f 3263 3275 3264
f 3264 3276 3275
f 3264 3276 3253
f 3253 3265 3276
f 3265 3277 3266
f 3266 3278 3277
f 3266 3278 3267
f 3267 3279 3278
f 3267 3279 3268
f 3268 3280 3279
f 3268 3280 3269
f 3269 3281 3280
f 3269 3281 3270
f 3270 3282 3281
f 3270 3282 3271
f 3271 3283 3282
f 3271 3283 3272
f 3272 3284 3283
f 3272 3284 3273
f 3273 3285 3284
f 3273 3285 3274
f 3274 3286 3285
f 3274 3286 3275
f 3275 3287 3286
f 3275 3287 3276
f 3276 3288 3287
f 3276 3288 3265
f 3265 3277 3288
f 3277 3289 3278
f 3278 3290 3289
f 3278 3290 3279
f 3279 3291 3290
f 3279 3291 3280
f 3280 3292 3291
f 3280 3292 3281
f 3281 3293 3292
f 3281 3293 3282
f 3282 3294 3293
f 3282 3294 3283
f 3283 3295 3294
f 3283 3295 3284
f 3284 3296 3295
f 3284 3296 3285
f 3285 3297 3296
f 3285 3297 3286
f 3286 3298 3297
f 3286 3298 3287
f 3287 3299 3298
f 3287 3299 3288
f 3288 3300 3299
f 3288 3300 3277
f 3277 3289 3300
f 3289 3301 3290
f 3290 3302 3301
f 3290 3302 3291
f 3291 3303 3302
f 3291 3303 3292
f 3292 3304 3303
f 3292 3304 3293
f 3293 3305 3304
f 3293 3305 3294
f 3294 3306 3305
f 3294 3306 3295
f 3295 3307 3306
f 3295 3307 3296
f 3296 3308 3307
f 3296 3308 3297
f 3297 3309 3308
f 3297 3309 3298
f 3298 3310 3309
f 3298 3310 3299
f 3299 3311 3310
f 3299 3311 3300
f 3300 3312 3311
f 3300 3312 3289
f 3289 3301 3312
f 3301 3313 3302
f 3302 3314 3313
f 3302 3314 3303
f 3303 3315 3314
f 3303 3315 3304
f 3304 3316 3315
f 3304 3316 3305
f 3305 3317 3316
f 3305 3317 3306
f 3306 3318 3317
f 3306 3318 3307
f 3307 3319 3318
f 3307 3319 3308
f 3308 3320 3319
f 3308 3320 3309
f 3309 3321 3320
f 3309 3321 3310
f 3310 3322 3321
f 3310 3322 3311
f 3311 3323 3322
f 3311 3323 3312
f 3312 3324 3323
f 3312 3324 3301
f 3301 3313 3324
f 3313 3325 3314
f 3314 3326 3325
f 3314 3326 3315
f 3315 3327 3326
f 3315 3327 3316
f 3316 3328 3327
f 3316 3328 3317
f 3317 3329 3328
f 3317 3329 3318
f 3318 3330 3329
f 3318 3330 3319
f 3319 3331 3330
f 3319 3331 3320
f 3320 3332 3331
f 3320 3332 3321
f 3321 3333 3332
f 3321 3333 3322
f 3322 3334 3333
f 3322 3334 3323
f 3323 3335 3334
f 3323 3335 3324
f 3324 3336 3335
f 3324 3336 3313
f 3313 3325 3336

o node_Amont_C
usemtl junction
# Amont_C: swmm_type=junction; type=NotFixed; shape=sphere; radier_elevation=418
v 2578165.000000 420.000000 1215931.000000
v 2578165.000000 420.000000 1215931.000000
v 2578165.000000 420.000000 1215931.000000
v 2578165.000000 420.000000 1215931.000000
v 2578165.000000 420.000000 1215931.000000
v 2578165.000000 420.000000 1215931.000000
v 2578165.000000 420.000000 1215931.000000
v 2578165.000000 420.000000 1215931.000000
v 2578165.000000 420.000000 1215931.000000
v 2578165.000000 420.000000 1215931.000000
v 2578165.000000 420.000000 1215931.000000
v 2578165.000000 420.000000 1215931.000000
v 2578165.500000 419.866025 1215931.000000
v 2578165.433013 419.866025 1215931.250000
v 2578165.250000 419.866025 1215931.433013
v 2578165.000000 419.866025 1215931.500000
v 2578164.750000 419.866025 1215931.433013
v 2578164.566987 419.866025 1215931.250000
v 2578164.500000 419.866025 1215931.000000
v 2578164.566987 419.866025 1215930.750000
v 2578164.750000 419.866025 1215930.566987
v 2578165.000000 419.866025 1215930.500000
v 2578165.250000 419.866025 1215930.566987
v 2578165.433013 419.866025 1215930.750000
v 2578165.866025 419.500000 1215931.000000
v 2578165.750000 419.500000 1215931.433013
v 2578165.433013 419.500000 1215931.750000
v 2578165.000000 419.500000 1215931.866025
v 2578164.566987 419.500000 1215931.750000
v 2578164.250000 419.500000 1215931.433013
v 2578164.133975 419.500000 1215931.000000
v 2578164.250000 419.500000 1215930.566987
v 2578164.566987 419.500000 1215930.250000
v 2578165.000000 419.500000 1215930.133975
v 2578165.433013 419.500000 1215930.250000
v 2578165.750000 419.500000 1215930.566987
v 2578166.000000 419.000000 1215931.000000
v 2578165.866025 419.000000 1215931.500000
v 2578165.500000 419.000000 1215931.866025
v 2578165.000000 419.000000 1215932.000000
v 2578164.500000 419.000000 1215931.866025
v 2578164.133975 419.000000 1215931.500000
v 2578164.000000 419.000000 1215931.000000
v 2578164.133975 419.000000 1215930.500000
v 2578164.500000 419.000000 1215930.133975
v 2578165.000000 419.000000 1215930.000000
v 2578165.500000 419.000000 1215930.133975
v 2578165.866025 419.000000 1215930.500000
v 2578165.866025 418.500000 1215931.000000
v 2578165.750000 418.500000 1215931.433013
v 2578165.433013 418.500000 1215931.750000
v 2578165.000000 418.500000 1215931.866025
v 2578164.566987 418.500000 1215931.750000
v 2578164.250000 418.500000 1215931.433013
v 2578164.133975 418.500000 1215931.000000
v 2578164.250000 418.500000 1215930.566987
v 2578164.566987 418.500000 1215930.250000
v 2578165.000000 418.500000 1215930.133975
v 2578165.433013 418.500000 1215930.250000
v 2578165.750000 418.500000 1215930.566987
v 2578165.500000 418.133975 1215931.000000
v 2578165.433013 418.133975 1215931.250000
v 2578165.250000 418.133975 1215931.433013
v 2578165.000000 418.133975 1215931.500000
v 2578164.750000 418.133975 1215931.433013
v 2578164.566987 418.133975 1215931.250000
v 2578164.500000 418.133975 1215931.000000
v 2578164.566987 418.133975 1215930.750000
v 2578164.750000 418.133975 1215930.566987
v 2578165.000000 418.133975 1215930.500000
v 2578165.250000 418.133975 1215930.566987
v 2578165.433013 418.133975 1215930.750000
v 2578165.000000 418.000000 1215931.000000
v 2578165.000000 418.000000 1215931.000000
v 2578165.000000 418.000000 1215931.000000
v 2578165.000000 418.000000 1215931.000000
v 2578165.000000 418.000000 1215931.000000
v 2578165.000000 418.000000 1215931.000000
v 2578165.000000 418.000000 1215931.000000
v 2578165.000000 418.000000 1215931.000000
v 2578165.000000 418.000000 1215931.000000
v 2578165.000000 418.000000 1215931.000000
v 2578165.000000 418.000000 1215931.000000
v 2578165.000000 418.000000 1215931.000000
f 3337 3349 3338
f 3338 3350 3349
f 3338 3350 3339
f 3339 3351 3350
f 3339 3351 3340
f 3340 3352 3351
f 3340 3352 3341
f 3341 3353 3352
f 3341 3353 3342
f 3342 3354 3353
f 3342 3354 3343
f 3343 3355 3354
f 3343 3355 3344
f 3344 3356 3355
f 3344 3356 3345
f 3345 3357 3356
f 3345 3357 3346
f 3346 3358 3357
f 3346 3358 3347
f 3347 3359 3358
f 3347 3359 3348
f 3348 3360 3359
f 3348 3360 3337
f 3337 3349 3360
f 3349 3361 3350
f 3350 3362 3361
f 3350 3362 3351
f 3351 3363 3362
f 3351 3363 3352
f 3352 3364 3363
f 3352 3364 3353
f 3353 3365 3364
f 3353 3365 3354
f 3354 3366 3365
f 3354 3366 3355
f 3355 3367 3366
f 3355 3367 3356
f 3356 3368 3367
f 3356 3368 3357
f 3357 3369 3368
f 3357 3369 3358
f 3358 3370 3369
f 3358 3370 3359
f 3359 3371 3370
f 3359 3371 3360
f 3360 3372 3371
f 3360 3372 3349
f 3349 3361 3372
f 3361 3373 3362
f 3362 3374 3373
f 3362 3374 3363
f 3363 3375 3374
f 3363 3375 3364
f 3364 3376 3375
f 3364 3376 3365
f 3365 3377 3376
f 3365 3377 3366
f 3366 3378 3377
f 3366 3378 3367
f 3367 3379 3378
f 3367 3379 3368
f 3368 3380 3379
f 3368 3380 3369
f 3369 3381 3380
f 3369 3381 3370
f 3370 3382 3381
f 3370 3382 3371
f 3371 3383 3382
f 3371 3383 3372
f 3372 3384 3383
f 3372 3384 3361
f 3361 3373 3384
f 3373 3385 3374
f 3374 3386 3385
f 3374 3386 3375
f 3375 3387 3386
f 3375 3387 3376
f 3376 3388 3387
f 3376 3388 3377
f 3377 3389 3388
f 3377 3389 3378
f 3378 3390 3389
f 3378 3390 3379
f 3379 3391 3390
f 3379 3391 3380
f 3380 3392 3391
f 3380 3392 3381
f 3381 3393 3392
f 3381 3393 3382
f 3382 3394 3393
f 3382 3394 3383
f 3383 3395 3394
f 3383 3395 3384
f 3384 3396 3395
f 3384 3396 3373
f 3373 3385 3396
f 3385 3397 3386
f 3386 3398 3397
f 3386 3398 3387
f 3387 3399 3398
f 3387 3399 3388
f 3388 3400 3399
f 3388 3400 3389
f 3389 3401 3400
f 3389 3401 3390
f 3390 3402 3401
f 3390 3402 3391
f 3391 3403 3402
f 3391 3403 3392
f 3392 3404 3403
f 3392 3404 3393
f 3393 3405 3404
f 3393 3405 3394
f 3394 3406 3405
f 3394 3406 3395
f 3395 3407 3406
f 3395 3407 3396
f 3396 3408 3407
f 3396 3408 3385
f 3385 3397 3408
f 3397 3409 3398
f 3398 3410 3409
f 3398 3410 3399
f 3399 3411 3410
f 3399 3411 3400
f 3400 3412 3411
f 3400 3412 3401
f 3401 3413 3412
f 3401 3413 3402
f 3402 3414 3413
f 3402 3414 3403
f 3403 3415 3414
f 3403 3415 3404
f 3404 3416 3415
f 3404 3416 3405
f 3405 3417 3416
f 3405 3417 3406
f 3406 3418 3417
f 3406 3418 3407
f 3407 3419 3418
f 3407 3419 3408
f 3408 3420 3419
f 3408 3420 3397
f 3397 3409 3420

o node_52
usemtl junction
# 52: swmm_type=junction; type=NotFixed; shape=sphere; radier_elevation=457
v 2578146.000000 459.000000 1215780.000000
v 2578146.000000 459.000000 1215780.000000
v 2578146.000000 459.000000 1215780.000000
v 2578146.000000 459.000000 1215780.000000
v 2578146.000000 459.000000 1215780.000000
v 2578146.000000 459.000000 1215780.000000
v 2578146.000000 459.000000 1215780.000000
v 2578146.000000 459.000000 1215780.000000
v 2578146.000000 459.000000 1215780.000000
v 2578146.000000 459.000000 1215780.000000
v 2578146.000000 459.000000 1215780.000000
v 2578146.000000 459.000000 1215780.000000
v 2578146.500000 458.866025 1215780.000000
v 2578146.433013 458.866025 1215780.250000
v 2578146.250000 458.866025 1215780.433013
v 2578146.000000 458.866025 1215780.500000
v 2578145.750000 458.866025 1215780.433013
v 2578145.566987 458.866025 1215780.250000
v 2578145.500000 458.866025 1215780.000000
v 2578145.566987 458.866025 1215779.750000
v 2578145.750000 458.866025 1215779.566987
v 2578146.000000 458.866025 1215779.500000
v 2578146.250000 458.866025 1215779.566987
v 2578146.433013 458.866025 1215779.750000
v 2578146.866025 458.500000 1215780.000000
v 2578146.750000 458.500000 1215780.433013
v 2578146.433013 458.500000 1215780.750000
v 2578146.000000 458.500000 1215780.866025
v 2578145.566987 458.500000 1215780.750000
v 2578145.250000 458.500000 1215780.433013
v 2578145.133975 458.500000 1215780.000000
v 2578145.250000 458.500000 1215779.566987
v 2578145.566987 458.500000 1215779.250000
v 2578146.000000 458.500000 1215779.133975
v 2578146.433013 458.500000 1215779.250000
v 2578146.750000 458.500000 1215779.566987
v 2578147.000000 458.000000 1215780.000000
v 2578146.866025 458.000000 1215780.500000
v 2578146.500000 458.000000 1215780.866025
v 2578146.000000 458.000000 1215781.000000
v 2578145.500000 458.000000 1215780.866025
v 2578145.133975 458.000000 1215780.500000
v 2578145.000000 458.000000 1215780.000000
v 2578145.133975 458.000000 1215779.500000
v 2578145.500000 458.000000 1215779.133975
v 2578146.000000 458.000000 1215779.000000
v 2578146.500000 458.000000 1215779.133975
v 2578146.866025 458.000000 1215779.500000
v 2578146.866025 457.500000 1215780.000000
v 2578146.750000 457.500000 1215780.433013
v 2578146.433013 457.500000 1215780.750000
v 2578146.000000 457.500000 1215780.866025
v 2578145.566987 457.500000 1215780.750000
v 2578145.250000 457.500000 1215780.433013
v 2578145.133975 457.500000 1215780.000000
v 2578145.250000 457.500000 1215779.566987
v 2578145.566987 457.500000 1215779.250000
v 2578146.000000 457.500000 1215779.133975
v 2578146.433013 457.500000 1215779.250000
v 2578146.750000 457.500000 1215779.566987
v 2578146.500000 457.133975 1215780.000000
v 2578146.433013 457.133975 1215780.250000
v 2578146.250000 457.133975 1215780.433013
v 2578146.000000 457.133975 1215780.500000
v 2578145.750000 457.133975 1215780.433013
v 2578145.566987 457.133975 1215780.250000
v 2578145.500000 457.133975 1215780.000000
v 2578145.566987 457.133975 1215779.750000
v 2578145.750000 457.133975 1215779.566987
v 2578146.000000 457.133975 1215779.500000
v 2578146.250000 457.133975 1215779.566987
v 2578146.433013 457.133975 1215779.750000
v 2578146.000000 457.000000 1215780.000000
v 2578146.000000 457.000000 1215780.000000
v 2578146.000000 457.000000 1215780.000000
v 2578146.000000 457.000000 1215780.000000
v 2578146.000000 457.000000 1215780.000000
v 2578146.000000 457.000000 1215780.000000
v 2578146.000000 457.000000 1215780.000000
v 2578146.000000 457.000000 1215780.000000
v 2578146.000000 457.000000 1215780.000000
v 2578146.000000 457.000000 1215780.000000
v 2578146.000000 457.000000 1215780.000000
v 2578146.000000 457.000000 1215780.000000
f 3421 3433 3422
f 3422 3434 3433
f 3422 3434 3423
f 3423 3435 3434
f 3423 3435 3424
f 3424 3436 3435
f 3424 3436 3425
f 3425 3437 3436
f 3425 3437 3426
f 3426 3438 3437
f 3426 3438 3427
f 3427 3439 3438
f 3427 3439 3428
f 3428 3440 3439
f 3428 3440 3429
f 3429 3441 3440
f 3429 3441 3430
f 3430 3442 3441
f 3430 3442 3431
f 3431 3443 3442
f 3431 3443 3432
f 3432 3444 3443
f 3432 3444 3421
f 3421 3433 3444
f 3433 3445 3434
f 3434 3446 3445
f 3434 3446 3435
f 3435 3447 3446
f 3435 3447 3436
f 3436 3448 3447
f 3436 3448 3437
f 3437 3449 3448
f 3437 3449 3438
f 3438 3450 3449
f 3438 3450 3439
f 3439 3451 3450
f 3439 3451 3440
f 3440 3452 3451
f 3440 3452 3441
f 3441 3453 3452
f 3441 3453 3442
f 3442 3454 3453
f 3442 3454 3443
f 3443 3455 3454
f 3443 3455 3444
f 3444 3456 3455
f 3444 3456 3433
f 3433 3445 3456
f 3445 3457 3446
f 3446 3458 3457
f 3446 3458 3447
f 3447 3459 3458
f 3447 3459 3448
f 3448 3460 3459
f 3448 3460 3449
f 3449 3461 3460
f 3449 3461 3450
f 3450 3462 3461
f 3450 3462 3451
f 3451 3463 3462
f 3451 3463 3452
f 3452 3464 3463
f 3452 3464 3453
f 3453 3465 3464
f 3453 3465 3454
f 3454 3466 3465
f 3454 3466 3455
f 3455 3467 3466
f 3455 3467 3456
f 3456 3468 3467
f 3456 3468 3445
f 3445 3457 3468
f 3457 3469 3458
f 3458 3470 3469
f 3458 3470 3459
f 3459 3471 3470
f 3459 3471 3460
f 3460 3472 3471
f 3460 3472 3461
f 3461 3473 3472
f 3461 3473 3462
f 3462 3474 3473
f 3462 3474 3463
f 3463 3475 3474
f 3463 3475 3464
f 3464 3476 3475
f 3464 3476 3465
f 3465 3477 3476
f 3465 3477 3466
f 3466 3478 3477
f 3466 3478 3467
f 3467 3479 3478
f 3467 3479 3468
f 3468 3480 3479
f 3468 3480 3457
f 3457 3469 3480
f 3469 3481 3470
f 3470 3482 3481
f 3470 3482 3471
f 3471 3483 3482
f 3471 3483 3472
f 3472 3484 3483
f 3472 3484 3473
f 3473 3485 3484
f 3473 3485 3474
f 3474 3486 3485
f 3474 3486 3475
f 3475 3487 3486
f 3475 3487 3476
f 3476 3488 3487
f 3476 3488 3477
f 3477 3489 3488
f 3477 3489 3478
f 3478 3490 3489
f 3478 3490 3479
f 3479 3491 3490
f 3479 3491 3480
f 3480 3492 3491
f 3480 3492 3469
f 3469 3481 3492
f 3481 3493 3482
f 3482 3494 3493
f 3482 3494 3483
f 3483 3495 3494
f 3483 3495 3484
f 3484 3496 3495
f 3484 3496 3485
f 3485 3497 3496
f 3485 3497 3486
f 3486 3498 3497
f 3486 3498 3487
f 3487 3499 3498
f 3487 3499 3488
f 3488 3500 3499
f 3488 3500 3489
f 3489 3501 3500
f 3489 3501 3490
f 3490 3502 3501
f 3490 3502 3491
f 3491 3503 3502
f 3491 3503 3492
f 3492 3504 3503
f 3492 3504 3481
f 3481 3493 3504

o node_53
usemtl junction
# 53: swmm_type=junction; type=NotFixed; shape=sphere; radier_elevation=467
v 2578230.000000 469.000000 1215870.000000
v 2578230.000000 469.000000 1215870.000000
v 2578230.000000 469.000000 1215870.000000
v 2578230.000000 469.000000 1215870.000000
v 2578230.000000 469.000000 1215870.000000
v 2578230.000000 469.000000 1215870.000000
v 2578230.000000 469.000000 1215870.000000
v 2578230.000000 469.000000 1215870.000000
v 2578230.000000 469.000000 1215870.000000
v 2578230.000000 469.000000 1215870.000000
v 2578230.000000 469.000000 1215870.000000
v 2578230.000000 469.000000 1215870.000000
v 2578230.500000 468.866025 1215870.000000
v 2578230.433013 468.866025 1215870.250000
v 2578230.250000 468.866025 1215870.433013
v 2578230.000000 468.866025 1215870.500000
v 2578229.750000 468.866025 1215870.433013
v 2578229.566987 468.866025 1215870.250000
v 2578229.500000 468.866025 1215870.000000
v 2578229.566987 468.866025 1215869.750000
v 2578229.750000 468.866025 1215869.566987
v 2578230.000000 468.866025 1215869.500000
v 2578230.250000 468.866025 1215869.566987
v 2578230.433013 468.866025 1215869.750000
v 2578230.866025 468.500000 1215870.000000
v 2578230.750000 468.500000 1215870.433013
v 2578230.433013 468.500000 1215870.750000
v 2578230.000000 468.500000 1215870.866025
v 2578229.566987 468.500000 1215870.750000
v 2578229.250000 468.500000 1215870.433013
v 2578229.133975 468.500000 1215870.000000
v 2578229.250000 468.500000 1215869.566987
v 2578229.566987 468.500000 1215869.250000
v 2578230.000000 468.500000 1215869.133975
v 2578230.433013 468.500000 1215869.250000
v 2578230.750000 468.500000 1215869.566987
v 2578231.000000 468.000000 1215870.000000
v 2578230.866025 468.000000 1215870.500000
v 2578230.500000 468.000000 1215870.866025
v 2578230.000000 468.000000 1215871.000000
v 2578229.500000 468.000000 1215870.866025
v 2578229.133975 468.000000 1215870.500000
v 2578229.000000 468.000000 1215870.000000
v 2578229.133975 468.000000 1215869.500000
v 2578229.500000 468.000000 1215869.133975
v 2578230.000000 468.000000 1215869.000000
v 2578230.500000 468.000000 1215869.133975
v 2578230.866025 468.000000 1215869.500000
v 2578230.866025 467.500000 1215870.000000
v 2578230.750000 467.500000 1215870.433013
v 2578230.433013 467.500000 1215870.750000
v 2578230.000000 467.500000 1215870.866025
v 2578229.566987 467.500000 1215870.750000
v 2578229.250000 467.500000 1215870.433013
v 2578229.133975 467.500000 1215870.000000
v 2578229.250000 467.500000 1215869.566987
v 2578229.566987 467.500000 1215869.250000
v 2578230.000000 467.500000 1215869.133975
v 2578230.433013 467.500000 1215869.250000
v 2578230.750000 467.500000 1215869.566987
v 2578230.500000 467.133975 1215870.000000
v 2578230.433013 467.133975 1215870.250000
v 2578230.250000 467.133975 1215870.433013
v 2578230.000000 467.133975 1215870.500000
v 2578229.750000 467.133975 1215870.433013
v 2578229.566987 467.133975 1215870.250000
v 2578229.500000 467.133975 1215870.000000
v 2578229.566987 467.133975 1215869.750000
v 2578229.750000 467.133975 1215869.566987
v 2578230.000000 467.133975 1215869.500000
v 2578230.250000 467.133975 1215869.566987
v 2578230.433013 467.133975 1215869.750000
v 2578230.000000 467.000000 1215870.000000
v 2578230.000000 467.000000 1215870.000000
v 2578230.000000 467.000000 1215870.000000
v 2578230.000000 467.000000 1215870.000000
v 2578230.000000 467.000000 1215870.000000
v 2578230.000000 467.000000 1215870.000000
v 2578230.000000 467.000000 1215870.000000
v 2578230.000000 467.000000 1215870.000000
v 2578230.000000 467.000000 1215870.000000
v 2578230.000000 467.000000 1215870.000000
v 2578230.000000 467.000000 1215870.000000
v 2578230.000000 467.000000 1215870.000000
f 3505 3517 3506
f 3506 3518 3517
f 3506 3518 3507
f 3507 3519 3518
f 3507 3519 3508
f 3508 3520 3519
f 3508 3520 3509
f 3509 3521 3520
f 3509 3521 3510
f 3510 3522 3521
f 3510 3522 3511
f 3511 3523 3522
f 3511 3523 3512
f 3512 3524 3523
f 3512 3524 3513
f 3513 3525 3524
f 3513 3525 3514
f 3514 3526 3525
f 3514 3526 3515
f 3515 3527 3526
f 3515 3527 3516
f 3516 3528 3527
f 3516 3528 3505
f 3505 3517 3528
f 3517 3529 3518
f 3518 3530 3529
f 3518 3530 3519
f 3519 3531 3530
f 3519 3531 3520
f 3520 3532 3531
f 3520 3532 3521
f 3521 3533 3532
f 3521 3533 3522
f 3522 3534 3533
f 3522 3534 3523
f 3523 3535 3534
f 3523 3535 3524
f 3524 3536 3535
f 3524 3536 3525
f 3525 3537 3536
f 3525 3537 3526
f 3526 3538 3537
f 3526 3538 3527
f 3527 3539 3538
f 3527 3539 3528
f 3528 3540 3539
f 3528 3540 3517
f 3517 3529 3540
f 3529 3541 3530
f 3530 3542 3541
f 3530 3542 3531
f 3531 3543 3542
f 3531 3543 3532
f 3532 3544 3543
f 3532 3544 3533
f 3533 3545 3544
f 3533 3545 3534
f 3534 3546 3545
f 3534 3546 3535
f 3535 3547 3546
f 3535 3547 3536
f 3536 3548 3547
f 3536 3548 3537
f 3537 3549 3548
f 3537 3549 3538
f 3538 3550 3549
f 3538 3550 3539
f 3539 3551 3550
f 3539 3551 3540
f 3540 3552 3551
f 3540 3552 3529
f 3529 3541 3552
f 3541 3553 3542
f 3542 3554 3553
f 3542 3554 3543
f 3543 3555 3554
f 3543 3555 3544
f 3544 3556 3555
f 3544 3556 3545
f 3545 3557 3556
f 3545 3557 3546
f 3546 3558 3557
f 3546 3558 3547
f 3547 3559 3558
f 3547 3559 3548
f 3548 3560 3559
f 3548 3560 3549
f 3549 3561 3560
f 3549 3561 3550
f 3550 3562 3561
f 3550 3562 3551
f 3551 3563 3562
f 3551 3563 3552
f 3552 3564 3563
f 3552 3564 3541
f 3541 3553 3564
f 3553 3565 3554
f 3554 3566 3565
f 3554 3566 3555
f 3555 3567 3566
f 3555 3567 3556
f 3556 3568 3567
f 3556 3568 3557
f 3557 3569 3568
f 3557 3569 3558
f 3558 3570 3569
f 3558 3570 3559
f 3559 3571 3570
f 3559 3571 3560
f 3560 3572 3571
f 3560 3572 3561
f 3561 3573 3572
f 3561 3573 3562
f 3562 3574 3573
f 3562 3574 3563
f 3563 3575 3574
f 3563 3575 3564
f 3564 3576 3575
f 3564 3576 3553
f 3553 3565 3576
f 3565 3577 3566
f 3566 3578 3577
f 3566 3578 3567
f 3567 3579 3578
f 3567 3579 3568
f 3568 3580 3579
f 3568 3580 3569
f 3569 3581 3580
f 3569 3581 3570
f 3570 3582 3581
f 3570 3582 3571
f 3571 3583 3582
f 3571 3583 3572
f 3572 3584 3583
f 3572 3584 3573
f 3573 3585 3584
f 3573 3585 3574
f 3574 3586 3585
f 3574 3586 3575
f 3575 3587 3586
f 3575 3587 3576
f 3576 3588 3587
f 3576 3588 3565
f 3565 3577 3588

o node_54
usemtl junction
# 54: swmm_type=junction; type=NotFixed; shape=sphere; radier_elevation=463
v 2578250.000000 465.000000 1215883.000000
v 2578250.000000 465.000000 1215883.000000
v 2578250.000000 465.000000 1215883.000000
v 2578250.000000 465.000000 1215883.000000
v 2578250.000000 465.000000 1215883.000000
v 2578250.000000 465.000000 1215883.000000
v 2578250.000000 465.000000 1215883.000000
v 2578250.000000 465.000000 1215883.000000
v 2578250.000000 465.000000 1215883.000000
v 2578250.000000 465.000000 1215883.000000
v 2578250.000000 465.000000 1215883.000000
v 2578250.000000 465.000000 1215883.000000
v 2578250.500000 464.866025 1215883.000000
v 2578250.433013 464.866025 1215883.250000
v 2578250.250000 464.866025 1215883.433013
v 2578250.000000 464.866025 1215883.500000
v 2578249.750000 464.866025 1215883.433013
v 2578249.566987 464.866025 1215883.250000
v 2578249.500000 464.866025 1215883.000000
v 2578249.566987 464.866025 1215882.750000
v 2578249.750000 464.866025 1215882.566987
v 2578250.000000 464.866025 1215882.500000
v 2578250.250000 464.866025 1215882.566987
v 2578250.433013 464.866025 1215882.750000
v 2578250.866025 464.500000 1215883.000000
v 2578250.750000 464.500000 1215883.433013
v 2578250.433013 464.500000 1215883.750000
v 2578250.000000 464.500000 1215883.866025
v 2578249.566987 464.500000 1215883.750000
v 2578249.250000 464.500000 1215883.433013
v 2578249.133975 464.500000 1215883.000000
v 2578249.250000 464.500000 1215882.566987
v 2578249.566987 464.500000 1215882.250000
v 2578250.000000 464.500000 1215882.133975
v 2578250.433013 464.500000 1215882.250000
v 2578250.750000 464.500000 1215882.566987
v 2578251.000000 464.000000 1215883.000000
v 2578250.866025 464.000000 1215883.500000
v 2578250.500000 464.000000 1215883.866025
v 2578250.000000 464.000000 1215884.000000
v 2578249.500000 464.000000 1215883.866025
v 2578249.133975 464.000000 1215883.500000
v 2578249.000000 464.000000 1215883.000000
v 2578249.133975 464.000000 1215882.500000
v 2578249.500000 464.000000 1215882.133975
v 2578250.000000 464.000000 1215882.000000
v 2578250.500000 464.000000 1215882.133975
v 2578250.866025 464.000000 1215882.500000
v 2578250.866025 463.500000 1215883.000000
v 2578250.750000 463.500000 1215883.433013
v 2578250.433013 463.500000 1215883.750000
v 2578250.000000 463.500000 1215883.866025
v 2578249.566987 463.500000 1215883.750000
v 2578249.250000 463.500000 1215883.433013
v 2578249.133975 463.500000 1215883.000000
v 2578249.250000 463.500000 1215882.566987
v 2578249.566987 463.500000 1215882.250000
v 2578250.000000 463.500000 1215882.133975
v 2578250.433013 463.500000 1215882.250000
v 2578250.750000 463.500000 1215882.566987
v 2578250.500000 463.133975 1215883.000000
v 2578250.433013 463.133975 1215883.250000
v 2578250.250000 463.133975 1215883.433013
v 2578250.000000 463.133975 1215883.500000
v 2578249.750000 463.133975 1215883.433013
v 2578249.566987 463.133975 1215883.250000
v 2578249.500000 463.133975 1215883.000000
v 2578249.566987 463.133975 1215882.750000
v 2578249.750000 463.133975 1215882.566987
v 2578250.000000 463.133975 1215882.500000
v 2578250.250000 463.133975 1215882.566987
v 2578250.433013 463.133975 1215882.750000
v 2578250.000000 463.000000 1215883.000000
v 2578250.000000 463.000000 1215883.000000
v 2578250.000000 463.000000 1215883.000000
v 2578250.000000 463.000000 1215883.000000
v 2578250.000000 463.000000 1215883.000000
v 2578250.000000 463.000000 1215883.000000
v 2578250.000000 463.000000 1215883.000000
v 2578250.000000 463.000000 1215883.000000
v 2578250.000000 463.000000 1215883.000000
v 2578250.000000 463.000000 1215883.000000
v 2578250.000000 463.000000 1215883.000000
v 2578250.000000 463.000000 1215883.000000
f 3589 3601 3590
f 3590 3602 3601
f 3590 3602 3591
f 3591 3603 3602
f 3591 3603 3592
f 3592 3604 3603
f 3592 3604 3593
f 3593 3605 3604
f 3593 3605 3594
f 3594 3606 3605
f 3594 3606 3595
f 3595 3607 3606
f 3595 3607 3596
f 3596 3608 3607
f 3596 3608 3597
f 3597 3609 3608
f 3597 3609 3598
f 3598 3610 3609
f 3598 3610 3599
f 3599 3611 3610
f 3599 3611 3600
f 3600 3612 3611
f 3600 3612 3589
f 3589 3601 3612
f 3601 3613 3602
f 3602 3614 3613
f 3602 3614 3603
f 3603 3615 3614
f 3603 3615 3604
f 3604 3616 3615
f 3604 3616 3605
f 3605 3617 3616
f 3605 3617 3606
f 3606 3618 3617
f 3606 3618 3607
f 3607 3619 3618
f 3607 3619 3608
f 3608 3620 3619
f 3608 3620 3609
f 3609 3621 3620
f 3609 3621 3610
f 3610 3622 3621
f 3610 3622 3611
f 3611 3623 3622
f 3611 3623 3612
f 3612 3624 3623
f 3612 3624 3601
f 3601 3613 3624
f 3613 3625 3614
f 3614 3626 3625
f 3614 3626 3615
f 3615 3627 3626
f 3615 3627 3616
f 3616 3628 3627
f 3616 3628 3617
f 3617 3629 3628
f 3617 3629 3618
f 3618 3630 3629
f 3618 3630 3619
f 3619 3631 3630
f 3619 3631 3620
f 3620 3632 3631
f 3620 3632 3621
f 3621 3633 3632
f 3621 3633 3622
f 3622 3634 3633
f 3622 3634 3623
f 3623 3635 3634
f 3623 3635 3624
f 3624 3636 3635
f 3624 3636 3613
f 3613 3625 3636
f 3625 3637 3626
f 3626 3638 3637
f 3626 3638 3627
f 3627 3639 3638
f 3627 3639 3628
f 3628 3640 3639
f 3628 3640 3629
f 3629 3641 3640
f 3629 3641 3630
f 3630 3642 3641
f 3630 3642 3631
f 3631 3643 3642
f 3631 3643 3632
f 3632 3644 3643
f 3632 3644 3633
f 3633 3645 3644
f 3633 3645 3634
f 3634 3646 3645
f 3634 3646 3635
f 3635 3647 3646
f 3635 3647 3636
f 3636 3648 3647
f 3636 3648 3625
f 3625 3637 3648
f 3637 3649 3638
f 3638 3650 3649
f 3638 3650 3639
f 3639 3651 3650
f 3639 3651 3640
f 3640 3652 3651
f 3640 3652 3641
f 3641 3653 3652
f 3641 3653 3642
f 3642 3654 3653
f 3642 3654 3643
f 3643 3655 3654
f 3643 3655 3644
f 3644 3656 3655
f 3644 3656 3645
f 3645 3657 3656
f 3645 3657 3646
f 3646 3658 3657
f 3646 3658 3647
f 3647 3659 3658
f 3647 3659 3648
f 3648 3660 3659
f 3648 3660 3637
f 3637 3649 3660
f 3649 3661 3650
f 3650 3662 3661
f 3650 3662 3651
f 3651 3663 3662
f 3651 3663 3652
f 3652 3664 3663
f 3652 3664 3653
f 3653 3665 3664
f 3653 3665 3654
f 3654 3666 3665
f 3654 3666 3655
f 3655 3667 3666
f 3655 3667 3656
f 3656 3668 3667
f 3656 3668 3657
f 3657 3669 3668
f 3657 3669 3658
f 3658 3670 3669
f 3658 3670 3659
f 3659 3671 3670
f 3659 3671 3660
f 3660 3672 3671
f 3660 3672 3649
f 3649 3661 3672

o node_56
usemtl junction
# 56: swmm_type=junction; type=NotFixed; shape=sphere; radier_elevation=430
v 2578249.000000 432.000000 1215843.000000
v 2578249.000000 432.000000 1215843.000000
v 2578249.000000 432.000000 1215843.000000
v 2578249.000000 432.000000 1215843.000000
v 2578249.000000 432.000000 1215843.000000
v 2578249.000000 432.000000 1215843.000000
v 2578249.000000 432.000000 1215843.000000
v 2578249.000000 432.000000 1215843.000000
v 2578249.000000 432.000000 1215843.000000
v 2578249.000000 432.000000 1215843.000000
v 2578249.000000 432.000000 1215843.000000
v 2578249.000000 432.000000 1215843.000000
v 2578249.500000 431.866025 1215843.000000
v 2578249.433013 431.866025 1215843.250000
v 2578249.250000 431.866025 1215843.433013
v 2578249.000000 431.866025 1215843.500000
v 2578248.750000 431.866025 1215843.433013
v 2578248.566987 431.866025 1215843.250000
v 2578248.500000 431.866025 1215843.000000
v 2578248.566987 431.866025 1215842.750000
v 2578248.750000 431.866025 1215842.566987
v 2578249.000000 431.866025 1215842.500000
v 2578249.250000 431.866025 1215842.566987
v 2578249.433013 431.866025 1215842.750000
v 2578249.866025 431.500000 1215843.000000
v 2578249.750000 431.500000 1215843.433013
v 2578249.433013 431.500000 1215843.750000
v 2578249.000000 431.500000 1215843.866025
v 2578248.566987 431.500000 1215843.750000
v 2578248.250000 431.500000 1215843.433013
v 2578248.133975 431.500000 1215843.000000
v 2578248.250000 431.500000 1215842.566987
v 2578248.566987 431.500000 1215842.250000
v 2578249.000000 431.500000 1215842.133975
v 2578249.433013 431.500000 1215842.250000
v 2578249.750000 431.500000 1215842.566987
v 2578250.000000 431.000000 1215843.000000
v 2578249.866025 431.000000 1215843.500000
v 2578249.500000 431.000000 1215843.866025
v 2578249.000000 431.000000 1215844.000000
v 2578248.500000 431.000000 1215843.866025
v 2578248.133975 431.000000 1215843.500000
v 2578248.000000 431.000000 1215843.000000
v 2578248.133975 431.000000 1215842.500000
v 2578248.500000 431.000000 1215842.133975
v 2578249.000000 431.000000 1215842.000000
v 2578249.500000 431.000000 1215842.133975
v 2578249.866025 431.000000 1215842.500000
v 2578249.866025 430.500000 1215843.000000
v 2578249.750000 430.500000 1215843.433013
v 2578249.433013 430.500000 1215843.750000
v 2578249.000000 430.500000 1215843.866025
v 2578248.566987 430.500000 1215843.750000
v 2578248.250000 430.500000 1215843.433013
v 2578248.133975 430.500000 1215843.000000
v 2578248.250000 430.500000 1215842.566987
v 2578248.566987 430.500000 1215842.250000
v 2578249.000000 430.500000 1215842.133975
v 2578249.433013 430.500000 1215842.250000
v 2578249.750000 430.500000 1215842.566987
v 2578249.500000 430.133975 1215843.000000
v 2578249.433013 430.133975 1215843.250000
v 2578249.250000 430.133975 1215843.433013
v 2578249.000000 430.133975 1215843.500000
v 2578248.750000 430.133975 1215843.433013
v 2578248.566987 430.133975 1215843.250000
v 2578248.500000 430.133975 1215843.000000
v 2578248.566987 430.133975 1215842.750000
v 2578248.750000 430.133975 1215842.566987
v 2578249.000000 430.133975 1215842.500000
v 2578249.250000 430.133975 1215842.566987
v 2578249.433013 430.133975 1215842.750000
v 2578249.000000 430.000000 1215843.000000
v 2578249.000000 430.000000 1215843.000000
v 2578249.000000 430.000000 1215843.000000
v 2578249.000000 430.000000 1215843.000000
v 2578249.000000 430.000000 1215843.000000
v 2578249.000000 430.000000 1215843.000000
v 2578249.000000 430.000000 1215843.000000
v 2578249.000000 430.000000 1215843.000000
v 2578249.000000 430.000000 1215843.000000
v 2578249.000000 430.000000 1215843.000000
v 2578249.000000 430.000000 1215843.000000
v 2578249.000000 430.000000 1215843.000000
f 3673 3685 3674
f 3674 3686 3685
f 3674 3686 3675
f 3675 3687 3686
f 3675 3687 3676
f 3676 3688 3687
f 3676 3688 3677
f 3677 3689 3688
f 3677 3689 3678
f 3678 3690 3689
f 3678 3690 3679
f 3679 3691 3690
f 3679 3691 3680
f 3680 3692 3691
f 3680 3692 3681
f 3681 3693 3692
f 3681 3693 3682
f 3682 3694 3693
f 3682 3694 3683
f 3683 3695 3694
f 3683 3695 3684
f 3684 3696 3695
f 3684 3696 3673
f 3673 3685 3696
f 3685 3697 3686
f 3686 3698 3697
f 3686 3698 3687
f 3687 3699 3698
f 3687 3699 3688
f 3688 3700 3699
f 3688 3700 3689
f 3689 3701 3700
f 3689 3701 3690
f 3690 3702 3701
f 3690 3702 3691
f 3691 3703 3702
f 3691 3703 3692
f 3692 3704 3703
f 3692 3704 3693
f 3693 3705 3704
f 3693 3705 3694
f 3694 3706 3705
f 3694 3706 3695
f 3695 3707 3706
f 3695 3707 3696
f 3696 3708 3707
f 3696 3708 3685
f 3685 3697 3708
f 3697 3709 3698
f 3698 3710 3709
f 3698 3710 3699
f 3699 3711 3710
f 3699 3711 3700
f 3700 3712 3711
f 3700 3712 3701
f 3701 3713 3712
f 3701 3713 3702
f 3702 3714 3713
f 3702 3714 3703
f 3703 3715 3714
f 3703 3715 3704
f 3704 3716 3715
f 3704 3716 3705
f 3705 3717 3716
f 3705 3717 3706
f 3706 3718 3717
f 3706 3718 3707
f 3707 3719 3718
f 3707 3719 3708
f 3708 3720 3719
f 3708 3720 3697
f 3697 3709 3720
f 3709 3721 3710
f 3710 3722 3721
f 3710 3722 3711
f 3711 3723 3722
f 3711 3723 3712
f 3712 3724 3723
f 3712 3724 3713
f 3713 3725 3724
f 3713 3725 3714
f 3714 3726 3725
f 3714 3726 3715
f 3715 3727 3726
f 3715 3727 3716
f 3716 3728 3727
f 3716 3728 3717
f 3717 3729 3728
f 3717 3729 3718
f 3718 3730 3729
f 3718 3730 3719
f 3719 3731 3730
f 3719 3731 3720
f 3720 3732 3731
f 3720 3732 3709
f 3709 3721 3732
f 3721 3733 3722
f 3722 3734 3733
f 3722 3734 3723
f 3723 3735 3734
f 3723 3735 3724
f 3724 3736 3735
f 3724 3736 3725
f 3725 3737 3736
f 3725 3737 3726
f 3726 3738 3737
f 3726 3738 3727
f 3727 3739 3738
f 3727 3739 3728
f 3728 3740 3739
f 3728 3740 3729
f 3729 3741 3740
f 3729 3741 3730
f 3730 3742 3741
f 3730 3742 3731
f 3731 3743 3742
f 3731 3743 3732
f 3732 3744 3743
f 3732 3744 3721
f 3721 3733 3744
f 3733 3745 3734
f 3734 3746 3745
f 3734 3746 3735
f 3735 3747 3746
f 3735 3747 3736
f 3736 3748 3747
f 3736 3748 3737
f 3737 3749 3748
f 3737 3749 3738
f 3738 3750 3749
f 3738 3750 3739
f 3739 3751 3750
f 3739 3751 3740
f 3740 3752 3751
f 3740 3752 3741
f 3741 3753 3752
f 3741 3753 3742
f 3742 3754 3753
f 3742 3754 3743
f 3743 3755 3754
f 3743 3755 3744
f 3744 3756 3755
f 3744 3756 3733
f 3733 3745 3756

o node_2
usemtl junction
# 2: swmm_type=junction; type=Fixed; shape=cube; radier_elevation=438
v 2578029.000000 438.000000 1215713.000000
v 2578031.000000 438.000000 1215713.000000
v 2578031.000000 438.000000 1215715.000000
v 2578029.000000 438.000000 1215715.000000
v 2578029.000000 440.000000 1215713.000000
v 2578031.000000 440.000000 1215713.000000
v 2578031.000000 440.000000 1215715.000000
v 2578029.000000 440.000000 1215715.000000
f 3757 3758 3759
f 3757 3759 3760
f 3761 3763 3762
f 3761 3764 3763
f 3757 3761 3762
f 3757 3762 3758
f 3758 3762 3763
f 3758 3763 3759
f 3759 3763 3764
f 3759 3764 3760
f 3760 3764 3761
f 3760 3761 3757

o node_4
usemtl junction
# 4: swmm_type=junction; type=NotFixed; shape=sphere; radier_elevation=428
v 2578040.000000 430.000000 1215610.000000
v 2578040.000000 430.000000 1215610.000000
v 2578040.000000 430.000000 1215610.000000
v 2578040.000000 430.000000 1215610.000000
v 2578040.000000 430.000000 1215610.000000
v 2578040.000000 430.000000 1215610.000000
v 2578040.000000 430.000000 1215610.000000
v 2578040.000000 430.000000 1215610.000000
v 2578040.000000 430.000000 1215610.000000
v 2578040.000000 430.000000 1215610.000000
v 2578040.000000 430.000000 1215610.000000
v 2578040.000000 430.000000 1215610.000000
v 2578040.500000 429.866025 1215610.000000
v 2578040.433013 429.866025 1215610.250000
v 2578040.250000 429.866025 1215610.433013
v 2578040.000000 429.866025 1215610.500000
v 2578039.750000 429.866025 1215610.433013
v 2578039.566987 429.866025 1215610.250000
v 2578039.500000 429.866025 1215610.000000
v 2578039.566987 429.866025 1215609.750000
v 2578039.750000 429.866025 1215609.566987
v 2578040.000000 429.866025 1215609.500000
v 2578040.250000 429.866025 1215609.566987
v 2578040.433013 429.866025 1215609.750000
v 2578040.866025 429.500000 1215610.000000
v 2578040.750000 429.500000 1215610.433013
v 2578040.433013 429.500000 1215610.750000
v 2578040.000000 429.500000 1215610.866025
v 2578039.566987 429.500000 1215610.750000
v 2578039.250000 429.500000 1215610.433013
v 2578039.133975 429.500000 1215610.000000
v 2578039.250000 429.500000 1215609.566987
v 2578039.566987 429.500000 1215609.250000
v 2578040.000000 429.500000 1215609.133975
v 2578040.433013 429.500000 1215609.250000
v 2578040.750000 429.500000 1215609.566987
v 2578041.000000 429.000000 1215610.000000
v 2578040.866025 429.000000 1215610.500000
v 2578040.500000 429.000000 1215610.866025
v 2578040.000000 429.000000 1215611.000000
v 2578039.500000 429.000000 1215610.866025
v 2578039.133975 429.000000 1215610.500000
v 2578039.000000 429.000000 1215610.000000
v 2578039.133975 429.000000 1215609.500000
v 2578039.500000 429.000000 1215609.133975
v 2578040.000000 429.000000 1215609.000000
v 2578040.500000 429.000000 1215609.133975
v 2578040.866025 429.000000 1215609.500000
v 2578040.866025 428.500000 1215610.000000
v 2578040.750000 428.500000 1215610.433013
v 2578040.433013 428.500000 1215610.750000
v 2578040.000000 428.500000 1215610.866025
v 2578039.566987 428.500000 1215610.750000
v 2578039.250000 428.500000 1215610.433013
v 2578039.133975 428.500000 1215610.000000
v 2578039.250000 428.500000 1215609.566987
v 2578039.566987 428.500000 1215609.250000
v 2578040.000000 428.500000 1215609.133975
v 2578040.433013 428.500000 1215609.250000
v 2578040.750000 428.500000 1215609.566987
v 2578040.500000 428.133975 1215610.000000
v 2578040.433013 428.133975 1215610.250000
v 2578040.250000 428.133975 1215610.433013
v 2578040.000000 428.133975 1215610.500000
v 2578039.750000 428.133975 1215610.433013
v 2578039.566987 428.133975 1215610.250000
v 2578039.500000 428.133975 1215610.000000
v 2578039.566987 428.133975 1215609.750000
v 2578039.750000 428.133975 1215609.566987
v 2578040.000000 428.133975 1215609.500000
v 2578040.250000 428.133975 1215609.566987
v 2578040.433013 428.133975 1215609.750000
v 2578040.000000 428.000000 1215610.000000
v 2578040.000000 428.000000 1215610.000000
v 2578040.000000 428.000000 1215610.000000
v 2578040.000000 428.000000 1215610.000000
v 2578040.000000 428.000000 1215610.000000
v 2578040.000000 428.000000 1215610.000000
v 2578040.000000 428.000000 1215610.000000
v 2578040.000000 428.000000 1215610.000000
v 2578040.000000 428.000000 1215610.000000
v 2578040.000000 428.000000 1215610.000000
v 2578040.000000 428.000000 1215610.000000
v 2578040.000000 428.000000 1215610.000000
f 3765 3777 3766
f 3766 3778 3777
f 3766 3778 3767
f 3767 3779 3778
f 3767 3779 3768
f 3768 3780 3779
f 3768 3780 3769
f 3769 3781 3780
f 3769 3781 3770
f 3770 3782 3781
f 3770 3782 3771
f 3771 3783 3782
f 3771 3783 3772
f 3772 3784 3783
f 3772 3784 3773
f 3773 3785 3784
f 3773 3785 3774
f 3774 3786 3785
f 3774 3786 3775
f 3775 3787 3786
f 3775 3787 3776
f 3776 3788 3787
f 3776 3788 3765
f 3765 3777 3788
f 3777 3789 3778
f 3778 3790 3789
f 3778 3790 3779
f 3779 3791 3790
f 3779 3791 3780
f 3780 3792 3791
f 3780 3792 3781
f 3781 3793 3792
f 3781 3793 3782
f 3782 3794 3793
f 3782 3794 3783
f 3783 3795 3794
f 3783 3795 3784
f 3784 3796 3795
f 3784 3796 3785
f 3785 3797 3796
f 3785 3797 3786
f 3786 3798 3797
f 3786 3798 3787
f 3787 3799 3798
f 3787 3799 3788
f 3788 3800 3799
f 3788 3800 3777
f 3777 3789 3800
f 3789 3801 3790
f 3790 3802 3801
f 3790 3802 3791
f 3791 3803 3802
f 3791 3803 3792
f 3792 3804 3803
f 3792 3804 3793
f 3793 3805 3804
f 3793 3805 3794
f 3794 3806 3805
f 3794 3806 3795
f 3795 3807 3806
f 3795 3807 3796
f 3796 3808 3807
f 3796 3808 3797
f 3797 3809 3808
f 3797 3809 3798
f 3798 3810 3809
f 3798 3810 3799
f 3799 3811 3810
f 3799 3811 3800
f 3800 3812 3811
f 3800 3812 3789
f 3789 3801 3812
f 3801 3813 3802
f 3802 3814 3813
f 3802 3814 3803
f 3803 3815 3814
f 3803 3815 3804
f 3804 3816 3815
f 3804 3816 3805
f 3805 3817 3816
f 3805 3817 3806
f 3806 3818 3817
f 3806 3818 3807
f 3807 3819 3818
f 3807 3819 3808
f 3808 3820 3819
f 3808 3820 3809
f 3809 3821 3820
f 3809 3821 3810
f 3810 3822 3821
f 3810 3822 3811
f 3811 3823 3822
f 3811 3823 3812
f 3812 3824 3823
f 3812 3824 3801
f 3801 3813 3824
f 3813 3825 3814
f 3814 3826 3825
f 3814 3826 3815
f 3815 3827 3826
f 3815 3827 3816
f 3816 3828 3827
f 3816 3828 3817
f 3817 3829 3828
f 3817 3829 3818
f 3818 3830 3829
f 3818 3830 3819
f 3819 3831 3830
f 3819 3831 3820
f 3820 3832 3831
f 3820 3832 3821
f 3821 3833 3832
f 3821 3833 3822
f 3822 3834 3833
f 3822 3834 3823
f 3823 3835 3834
f 3823 3835 3824
f 3824 3836 3835
f 3824 3836 3813
f 3813 3825 3836
f 3825 3837 3826
f 3826 3838 3837
f 3826 3838 3827
f 3827 3839 3838
f 3827 3839 3828
f 3828 3840 3839
f 3828 3840 3829
f 3829 3841 3840
f 3829 3841 3830
f 3830 3842 3841
f 3830 3842 3831
f 3831 3843 3842
f 3831 3843 3832
f 3832 3844 3843
f 3832 3844 3833
f 3833 3845 3844
f 3833 3845 3834
f 3834 3846 3845
f 3834 3846 3835
f 3835 3847 3846
f 3835 3847 3836
f 3836 3848 3847
f 3836 3848 3825
f 3825 3837 3848

o node_5
usemtl junction
# 5: swmm_type=junction; type=Fixed; shape=cube; radier_elevation=472.5
v 2578191.000000 472.500000 1215915.000000
v 2578193.000000 472.500000 1215915.000000
v 2578193.000000 472.500000 1215917.000000
v 2578191.000000 472.500000 1215917.000000
v 2578191.000000 474.500000 1215915.000000
v 2578193.000000 474.500000 1215915.000000
v 2578193.000000 474.500000 1215917.000000
v 2578191.000000 474.500000 1215917.000000
f 3849 3850 3851
f 3849 3851 3852
f 3853 3855 3854
f 3853 3856 3855
f 3849 3853 3854
f 3849 3854 3850
f 3850 3854 3855
f 3850 3855 3851
f 3851 3855 3856
f 3851 3856 3852
f 3852 3856 3853
f 3852 3853 3849

o node_6
usemtl junction
# 6: swmm_type=junction; type=Fixed; shape=cube; radier_elevation=458
v 2578185.000000 458.000000 1215921.000000
v 2578187.000000 458.000000 1215921.000000
v 2578187.000000 458.000000 1215923.000000
v 2578185.000000 458.000000 1215923.000000
v 2578185.000000 460.000000 1215921.000000
v 2578187.000000 460.000000 1215921.000000
v 2578187.000000 460.000000 1215923.000000
v 2578185.000000 460.000000 1215923.000000
f 3857 3858 3859
f 3857 3859 3860
f 3861 3863 3862
f 3861 3864 3863
f 3857 3861 3862
f 3857 3862 3858
f 3858 3862 3863
f 3858 3863 3859
f 3859 3863 3864
f 3859 3864 3860
f 3860 3864 3861
f 3860 3861 3857

o node_7
usemtl junction
# 7: swmm_type=junction; type=Fixed; shape=cube; radier_elevation=475
v 2578209.000000 475.000000 1215908.000000
v 2578211.000000 475.000000 1215908.000000
v 2578211.000000 475.000000 1215910.000000
v 2578209.000000 475.000000 1215910.000000
v 2578209.000000 477.000000 1215908.000000
v 2578211.000000 477.000000 1215908.000000
v 2578211.000000 477.000000 1215910.000000
v 2578209.000000 477.000000 1215910.000000
f 3865 3866 3867
f 3865 3867 3868
f 3869 3871 3870
f 3869 3872 3871
f 3865 3869 3870
f 3865 3870 3866
f 3866 3870 3871
f 3866 3871 3867
f 3867 3871 3872
f 3867 3872 3868
f 3868 3872 3869
f 3868 3869 3865

o node_SS3
usemtl junction
# SS3: swmm_type=junction; type=Fixed; shape=cube; radier_elevation=448
v 2578277.000000 448.000000 1215913.000000
v 2578279.000000 448.000000 1215913.000000
v 2578279.000000 448.000000 1215915.000000
v 2578277.000000 448.000000 1215915.000000
v 2578277.000000 450.000000 1215913.000000
v 2578279.000000 450.000000 1215913.000000
v 2578279.000000 450.000000 1215915.000000
v 2578277.000000 450.000000 1215915.000000
f 3873 3874 3875
f 3873 3875 3876
f 3877 3879 3878
f 3877 3880 3879
f 3873 3877 3878
f 3873 3878 3874
f 3874 3878 3879
f 3874 3879 3875
f 3875 3879 3880
f 3875 3880 3876
f 3876 3880 3877
f 3876 3877 3873

o node_SS5
usemtl junction
# SS5: swmm_type=junction; type=Fixed; shape=cube; radier_elevation=438.9
v 2578260.000000 438.900000 1215888.000000
v 2578262.000000 438.900000 1215888.000000
v 2578262.000000 438.900000 1215890.000000
v 2578260.000000 438.900000 1215890.000000
v 2578260.000000 440.900000 1215888.000000
v 2578262.000000 440.900000 1215888.000000
v 2578262.000000 440.900000 1215890.000000
v 2578260.000000 440.900000 1215890.000000
f 3881 3882 3883
f 3881 3883 3884
f 3885 3887 3886
f 3885 3888 3887
f 3881 3885 3886
f 3881 3886 3882
f 3882 3886 3887
f 3882 3887 3883
f 3883 3887 3888
f 3883 3888 3884
f 3884 3888 3885
f 3884 3885 3881

o node_8
usemtl junction
# 8: swmm_type=junction; type=NotFixed; shape=sphere; radier_elevation=474
v 2578223.000000 476.000000 1215890.000000
v 2578223.000000 476.000000 1215890.000000
v 2578223.000000 476.000000 1215890.000000
v 2578223.000000 476.000000 1215890.000000
v 2578223.000000 476.000000 1215890.000000
v 2578223.000000 476.000000 1215890.000000
v 2578223.000000 476.000000 1215890.000000
v 2578223.000000 476.000000 1215890.000000
v 2578223.000000 476.000000 1215890.000000
v 2578223.000000 476.000000 1215890.000000
v 2578223.000000 476.000000 1215890.000000
v 2578223.000000 476.000000 1215890.000000
v 2578223.500000 475.866025 1215890.000000
v 2578223.433013 475.866025 1215890.250000
v 2578223.250000 475.866025 1215890.433013
v 2578223.000000 475.866025 1215890.500000
v 2578222.750000 475.866025 1215890.433013
v 2578222.566987 475.866025 1215890.250000
v 2578222.500000 475.866025 1215890.000000
v 2578222.566987 475.866025 1215889.750000
v 2578222.750000 475.866025 1215889.566987
v 2578223.000000 475.866025 1215889.500000
v 2578223.250000 475.866025 1215889.566987
v 2578223.433013 475.866025 1215889.750000
v 2578223.866025 475.500000 1215890.000000
v 2578223.750000 475.500000 1215890.433013
v 2578223.433013 475.500000 1215890.750000
v 2578223.000000 475.500000 1215890.866025
v 2578222.566987 475.500000 1215890.750000
v 2578222.250000 475.500000 1215890.433013
v 2578222.133975 475.500000 1215890.000000
v 2578222.250000 475.500000 1215889.566987
v 2578222.566987 475.500000 1215889.250000
v 2578223.000000 475.500000 1215889.133975
v 2578223.433013 475.500000 1215889.250000
v 2578223.750000 475.500000 1215889.566987
v 2578224.000000 475.000000 1215890.000000
v 2578223.866025 475.000000 1215890.500000
v 2578223.500000 475.000000 1215890.866025
v 2578223.000000 475.000000 1215891.000000
v 2578222.500000 475.000000 1215890.866025
v 2578222.133975 475.000000 1215890.500000
v 2578222.000000 475.000000 1215890.000000
v 2578222.133975 475.000000 1215889.500000
v 2578222.500000 475.000000 1215889.133975
v 2578223.000000 475.000000 1215889.000000
v 2578223.500000 475.000000 1215889.133975
v 2578223.866025 475.000000 1215889.500000
v 2578223.866025 474.500000 1215890.000000
v 2578223.750000 474.500000 1215890.433013
v 2578223.433013 474.500000 1215890.750000
v 2578223.000000 474.500000 1215890.866025
v 2578222.566987 474.500000 1215890.750000
v 2578222.250000 474.500000 1215890.433013
v 2578222.133975 474.500000 1215890.000000
v 2578222.250000 474.500000 1215889.566987
v 2578222.566987 474.500000 1215889.250000
v 2578223.000000 474.500000 1215889.133975
v 2578223.433013 474.500000 1215889.250000
v 2578223.750000 474.500000 1215889.566987
v 2578223.500000 474.133975 1215890.000000
v 2578223.433013 474.133975 1215890.250000
v 2578223.250000 474.133975 1215890.433013
v 2578223.000000 474.133975 1215890.500000
v 2578222.750000 474.133975 1215890.433013
v 2578222.566987 474.133975 1215890.250000
v 2578222.500000 474.133975 1215890.000000
v 2578222.566987 474.133975 1215889.750000
v 2578222.750000 474.133975 1215889.566987
v 2578223.000000 474.133975 1215889.500000
v 2578223.250000 474.133975 1215889.566987
v 2578223.433013 474.133975 1215889.750000
v 2578223.000000 474.000000 1215890.000000
v 2578223.000000 474.000000 1215890.000000
v 2578223.000000 474.000000 1215890.000000
v 2578223.000000 474.000000 1215890.000000
v 2578223.000000 474.000000 1215890.000000
v 2578223.000000 474.000000 1215890.000000
v 2578223.000000 474.000000 1215890.000000
v 2578223.000000 474.000000 1215890.000000
v 2578223.000000 474.000000 1215890.000000
v 2578223.000000 474.000000 1215890.000000
v 2578223.000000 474.000000 1215890.000000
v 2578223.000000 474.000000 1215890.000000
f 3889 3901 3890
f 3890 3902 3901
f 3890 3902 3891
f 3891 3903 3902
f 3891 3903 3892
f 3892 3904 3903
f 3892 3904 3893
f 3893 3905 3904
f 3893 3905 3894
f 3894 3906 3905
f 3894 3906 3895
f 3895 3907 3906
f 3895 3907 3896
f 3896 3908 3907
f 3896 3908 3897
f 3897 3909 3908
f 3897 3909 3898
f 3898 3910 3909
f 3898 3910 3899
f 3899 3911 3910
f 3899 3911 3900
f 3900 3912 3911
f 3900 3912 3889
f 3889 3901 3912
f 3901 3913 3902
f 3902 3914 3913
f 3902 3914 3903
f 3903 3915 3914
f 3903 3915 3904
f 3904 3916 3915
f 3904 3916 3905
f 3905 3917 3916
f 3905 3917 3906
f 3906 3918 3917
f 3906 3918 3907
f 3907 3919 3918
f 3907 3919 3908
f 3908 3920 3919
f 3908 3920 3909
f 3909 3921 3920
f 3909 3921 3910
f 3910 3922 3921
f 3910 3922 3911
f 3911 3923 3922
f 3911 3923 3912
f 3912 3924 3923
f 3912 3924 3901
f 3901 3913 3924
f 3913 3925 3914
f 3914 3926 3925
f 3914 3926 3915
f 3915 3927 3926
f 3915 3927 3916
f 3916 3928 3927
f 3916 3928 3917
f 3917 3929 3928
f 3917 3929 3918
f 3918 3930 3929
f 3918 3930 3919
f 3919 3931 3930
f 3919 3931 3920
f 3920 3932 3931
f 3920 3932 3921
f 3921 3933 3932
f 3921 3933 3922
f 3922 3934 3933
f 3922 3934 3923
f 3923 3935 3934
f 3923 3935 3924
f 3924 3936 3935
f 3924 3936 3913
f 3913 3925 3936
f 3925 3937 3926
f 3926 3938 3937
f 3926 3938 3927
f 3927 3939 3938
f 3927 3939 3928
f 3928 3940 3939
f 3928 3940 3929
f 3929 3941 3940
f 3929 3941 3930
f 3930 3942 3941
f 3930 3942 3931
f 3931 3943 3942
f 3931 3943 3932
f 3932 3944 3943
f 3932 3944 3933
f 3933 3945 3944
f 3933 3945 3934
f 3934 3946 3945
f 3934 3946 3935
f 3935 3947 3946
f 3935 3947 3936
f 3936 3948 3947
f 3936 3948 3925
f 3925 3937 3948
f 3937 3949 3938
f 3938 3950 3949
f 3938 3950 3939
f 3939 3951 3950
f 3939 3951 3940
f 3940 3952 3951
f 3940 3952 3941
f 3941 3953 3952
f 3941 3953 3942
f 3942 3954 3953
f 3942 3954 3943
f 3943 3955 3954
f 3943 3955 3944
f 3944 3956 3955
f 3944 3956 3945
f 3945 3957 3956
f 3945 3957 3946
f 3946 3958 3957
f 3946 3958 3947
f 3947 3959 3958
f 3947 3959 3948
f 3948 3960 3959
f 3948 3960 3937
f 3937 3949 3960
f 3949 3961 3950
f 3950 3962 3961
f 3950 3962 3951
f 3951 3963 3962
f 3951 3963 3952
f 3952 3964 3963
f 3952 3964 3953
f 3953 3965 3964
f 3953 3965 3954
f 3954 3966 3965
f 3954 3966 3955
f 3955 3967 3966
f 3955 3967 3956
f 3956 3968 3967
f 3956 3968 3957
f 3957 3969 3968
f 3957 3969 3958
f 3958 3970 3969
f 3958 3970 3959
f 3959 3971 3970
f 3959 3971 3960
f 3960 3972 3971
f 3960 3972 3949
f 3949 3961 3972

o node_10
usemtl junction
# 10: swmm_type=junction; type=NotFixed; shape=sphere; radier_elevation=468
v 2578244.000000 470.000000 1215877.000000
v 2578244.000000 470.000000 1215877.000000
v 2578244.000000 470.000000 1215877.000000
v 2578244.000000 470.000000 1215877.000000
v 2578244.000000 470.000000 1215877.000000
v 2578244.000000 470.000000 1215877.000000
v 2578244.000000 470.000000 1215877.000000
v 2578244.000000 470.000000 1215877.000000
v 2578244.000000 470.000000 1215877.000000
v 2578244.000000 470.000000 1215877.000000
v 2578244.000000 470.000000 1215877.000000
v 2578244.000000 470.000000 1215877.000000
v 2578244.500000 469.866025 1215877.000000
v 2578244.433013 469.866025 1215877.250000
v 2578244.250000 469.866025 1215877.433013
v 2578244.000000 469.866025 1215877.500000
v 2578243.750000 469.866025 1215877.433013
v 2578243.566987 469.866025 1215877.250000
v 2578243.500000 469.866025 1215877.000000
v 2578243.566987 469.866025 1215876.750000
v 2578243.750000 469.866025 1215876.566987
v 2578244.000000 469.866025 1215876.500000
v 2578244.250000 469.866025 1215876.566987
v 2578244.433013 469.866025 1215876.750000
v 2578244.866025 469.500000 1215877.000000
v 2578244.750000 469.500000 1215877.433013
v 2578244.433013 469.500000 1215877.750000
v 2578244.000000 469.500000 1215877.866025
v 2578243.566987 469.500000 1215877.750000
v 2578243.250000 469.500000 1215877.433013
v 2578243.133975 469.500000 1215877.000000
v 2578243.250000 469.500000 1215876.566987
v 2578243.566987 469.500000 1215876.250000
v 2578244.000000 469.500000 1215876.133975
v 2578244.433013 469.500000 1215876.250000
v 2578244.750000 469.500000 1215876.566987
v 2578245.000000 469.000000 1215877.000000
v 2578244.866025 469.000000 1215877.500000
v 2578244.500000 469.000000 1215877.866025
v 2578244.000000 469.000000 1215878.000000
v 2578243.500000 469.000000 1215877.866025
v 2578243.133975 469.000000 1215877.500000
v 2578243.000000 469.000000 1215877.000000
v 2578243.133975 469.000000 1215876.500000
v 2578243.500000 469.000000 1215876.133975
v 2578244.000000 469.000000 1215876.000000
v 2578244.500000 469.000000 1215876.133975
v 2578244.866025 469.000000 1215876.500000
v 2578244.866025 468.500000 1215877.000000
v 2578244.750000 468.500000 1215877.433013
v 2578244.433013 468.500000 1215877.750000
v 2578244.000000 468.500000 1215877.866025
v 2578243.566987 468.500000 1215877.750000
v 2578243.250000 468.500000 1215877.433013
v 2578243.133975 468.500000 1215877.000000
v 2578243.250000 468.500000 1215876.566987
v 2578243.566987 468.500000 1215876.250000
v 2578244.000000 468.500000 1215876.133975
v 2578244.433013 468.500000 1215876.250000
v 2578244.750000 468.500000 1215876.566987
v 2578244.500000 468.133975 1215877.000000
v 2578244.433013 468.133975 1215877.250000
v 2578244.250000 468.133975 1215877.433013
v 2578244.000000 468.133975 1215877.500000
v 2578243.750000 468.133975 1215877.433013
v 2578243.566987 468.133975 1215877.250000
v 2578243.500000 468.133975 1215877.000000
v 2578243.566987 468.133975 1215876.750000
v 2578243.750000 468.133975 1215876.566987
v 2578244.000000 468.133975 1215876.500000
v 2578244.250000 468.133975 1215876.566987
v 2578244.433013 468.133975 1215876.750000
v 2578244.000000 468.000000 1215877.000000
v 2578244.000000 468.000000 1215877.000000
v 2578244.000000 468.000000 1215877.000000
v 2578244.000000 468.000000 1215877.000000
v 2578244.000000 468.000000 1215877.000000
v 2578244.000000 468.000000 1215877.000000
v 2578244.000000 468.000000 1215877.000000
v 2578244.000000 468.000000 1215877.000000
v 2578244.000000 468.000000 1215877.000000
v 2578244.000000 468.000000 1215877.000000
v 2578244.000000 468.000000 1215877.000000
v 2578244.000000 468.000000 1215877.000000
f 3973 3985 3974
f 3974 3986 3985
f 3974 3986 3975
f 3975 3987 3986
f 3975 3987 3976
f 3976 3988 3987
f 3976 3988 3977
f 3977 3989 3988
f 3977 3989 3978
f 3978 3990 3989
f 3978 3990 3979
f 3979 3991 3990
f 3979 3991 3980
f 3980 3992 3991
f 3980 3992 3981
f 3981 3993 3992
f 3981 3993 3982
f 3982 3994 3993
f 3982 3994 3983
f 3983 3995 3994
f 3983 3995 3984
f 3984 3996 3995
f 3984 3996 3973
f 3973 3985 3996
f 3985 3997 3986
f 3986 3998 3997
f 3986 3998 3987
f 3987 3999 3998
f 3987 3999 3988
f 3988 4000 3999
f 3988 4000 3989
f 3989 4001 4000
f 3989 4001 3990
f 3990 4002 4001
f 3990 4002 3991
f 3991 4003 4002
f 3991 4003 3992
f 3992 4004 4003
f 3992 4004 3993
f 3993 4005 4004
f 3993 4005 3994
f 3994 4006 4005
f 3994 4006 3995
f 3995 4007 4006
f 3995 4007 3996
f 3996 4008 4007
f 3996 4008 3985
f 3985 3997 4008
f 3997 4009 3998
f 3998 4010 4009
f 3998 4010 3999
f 3999 4011 4010
f 3999 4011 4000
f 4000 4012 4011
f 4000 4012 4001
f 4001 4013 4012
f 4001 4013 4002
f 4002 4014 4013
f 4002 4014 4003
f 4003 4015 4014
f 4003 4015 4004
f 4004 4016 4015
f 4004 4016 4005
f 4005 4017 4016
f 4005 4017 4006
f 4006 4018 4017
f 4006 4018 4007
f 4007 4019 4018
f 4007 4019 4008
f 4008 4020 4019
f 4008 4020 3997
f 3997 4009 4020
f 4009 4021 4010
f 4010 4022 4021
f 4010 4022 4011
f 4011 4023 4022
f 4011 4023 4012
f 4012 4024 4023
f 4012 4024 4013
f 4013 4025 4024
f 4013 4025 4014
f 4014 4026 4025
f 4014 4026 4015
f 4015 4027 4026
f 4015 4027 4016
f 4016 4028 4027
f 4016 4028 4017
f 4017 4029 4028
f 4017 4029 4018
f 4018 4030 4029
f 4018 4030 4019
f 4019 4031 4030
f 4019 4031 4020
f 4020 4032 4031
f 4020 4032 4009
f 4009 4021 4032
f 4021 4033 4022
f 4022 4034 4033
f 4022 4034 4023
f 4023 4035 4034
f 4023 4035 4024
f 4024 4036 4035
f 4024 4036 4025
f 4025 4037 4036
f 4025 4037 4026
f 4026 4038 4037
f 4026 4038 4027
f 4027 4039 4038
f 4027 4039 4028
f 4028 4040 4039
f 4028 4040 4029
f 4029 4041 4040
f 4029 4041 4030
f 4030 4042 4041
f 4030 4042 4031
f 4031 4043 4042
f 4031 4043 4032
f 4032 4044 4043
f 4032 4044 4021
f 4021 4033 4044
f 4033 4045 4034
f 4034 4046 4045
f 4034 4046 4035
f 4035 4047 4046
f 4035 4047 4036
f 4036 4048 4047
f 4036 4048 4037
f 4037 4049 4048
f 4037 4049 4038
f 4038 4050 4049
f 4038 4050 4039
f 4039 4051 4050
f 4039 4051 4040
f 4040 4052 4051
f 4040 4052 4041
f 4041 4053 4052
f 4041 4053 4042
f 4042 4054 4053
f 4042 4054 4043
f 4043 4055 4054
f 4043 4055 4044
f 4044 4056 4055
f 4044 4056 4033
f 4033 4045 4056

o node_SonSto_SS5
usemtl junction
# SonSto_SS5: swmm_type=junction; type=Fixed; shape=cube; radier_elevation=439.3
v 2578259.000000 439.300000 1215892.000000
v 2578261.000000 439.300000 1215892.000000
v 2578261.000000 439.300000 1215894.000000
v 2578259.000000 439.300000 1215894.000000
v 2578259.000000 441.300000 1215892.000000
v 2578261.000000 441.300000 1215892.000000
v 2578261.000000 441.300000 1215894.000000
v 2578259.000000 441.300000 1215894.000000
f 4057 4058 4059
f 4057 4059 4060
f 4061 4063 4062
f 4061 4064 4063
f 4057 4061 4062
f 4057 4062 4058
f 4058 4062 4063
f 4058 4063 4059
f 4059 4063 4064
f 4059 4064 4060
f 4060 4064 4061
f 4060 4061 4057

o node_SonSto_SS3
usemtl junction
# SonSto_SS3: swmm_type=junction; type=Fixed; shape=cube; radier_elevation=439.7
v 2578276.000000 439.700000 1215914.000000
v 2578278.000000 439.700000 1215914.000000
v 2578278.000000 439.700000 1215916.000000
v 2578276.000000 439.700000 1215916.000000
v 2578276.000000 441.700000 1215914.000000
v 2578278.000000 441.700000 1215914.000000
v 2578278.000000 441.700000 1215916.000000
v 2578276.000000 441.700000 1215916.000000
f 4065 4066 4067
f 4065 4067 4068
f 4069 4071 4070
f 4069 4072 4071
f 4065 4069 4070
f 4065 4070 4066
f 4066 4070 4071
f 4066 4071 4067
f 4067 4071 4072
f 4067 4072 4068
f 4068 4072 4069
f 4068 4069 4065

o node_SonSto_SS4
usemtl junction
# SonSto_SS4: swmm_type=junction; type=Fixed; shape=cube; radier_elevation=439.4
v 2578261.000000 439.400000 1215895.000000
v 2578263.000000 439.400000 1215895.000000
v 2578263.000000 439.400000 1215897.000000
v 2578261.000000 439.400000 1215897.000000
v 2578261.000000 441.400000 1215895.000000
v 2578263.000000 441.400000 1215895.000000
v 2578263.000000 441.400000 1215897.000000
v 2578261.000000 441.400000 1215897.000000
f 4073 4074 4075
f 4073 4075 4076
f 4077 4079 4078
f 4077 4080 4079
f 4073 4077 4078
f 4073 4078 4074
f 4074 4078 4079
f 4074 4079 4075
f 4075 4079 4080
f 4075 4080 4076
f 4076 4080 4077
f 4076 4077 4073

o node_Amont_Trappe
usemtl junction
# Amont_Trappe: swmm_type=junction; type=Fixed; shape=cube; radier_elevation=437.7
v 2578238.000000 437.700000 1215861.000000
v 2578240.000000 437.700000 1215861.000000
v 2578240.000000 437.700000 1215863.000000
v 2578238.000000 437.700000 1215863.000000
v 2578238.000000 439.700000 1215861.000000
v 2578240.000000 439.700000 1215861.000000
v 2578240.000000 439.700000 1215863.000000
v 2578238.000000 439.700000 1215863.000000
f 4081 4082 4083
f 4081 4083 4084
f 4085 4087 4086
f 4085 4088 4087
f 4081 4085 4086
f 4081 4086 4082
f 4082 4086 4087
f 4082 4087 4083
f 4083 4087 4088
f 4083 4088 4084
f 4084 4088 4085
f 4084 4085 4081

o node_SonSto_SS6
usemtl junction
# SonSto_SS6: swmm_type=junction; type=Fixed; shape=cube; radier_elevation=438.7
v 2578248.000000 438.700000 1215878.000000
v 2578250.000000 438.700000 1215878.000000
v 2578250.000000 438.700000 1215880.000000
v 2578248.000000 438.700000 1215880.000000
v 2578248.000000 440.700000 1215878.000000
v 2578250.000000 440.700000 1215878.000000
v 2578250.000000 440.700000 1215880.000000
v 2578248.000000 440.700000 1215880.000000
f 4089 4090 4091
f 4089 4091 4092
f 4093 4095 4094
f 4093 4096 4095
f 4089 4093 4094
f 4089 4094 4090
f 4090 4094 4095
f 4090 4095 4091
f 4091 4095 4096
f 4091 4096 4092
f 4092 4096 4093
f 4092 4093 4089

o node_SS2
usemtl junction
# SS2: swmm_type=junction; type=446; shape=sphere; radier_elevation=448
v 2578291.000000 450.000000 1215937.000000
v 2578291.000000 450.000000 1215937.000000
v 2578291.000000 450.000000 1215937.000000
v 2578291.000000 450.000000 1215937.000000
v 2578291.000000 450.000000 1215937.000000
v 2578291.000000 450.000000 1215937.000000
v 2578291.000000 450.000000 1215937.000000
v 2578291.000000 450.000000 1215937.000000
v 2578291.000000 450.000000 1215937.000000
v 2578291.000000 450.000000 1215937.000000
v 2578291.000000 450.000000 1215937.000000
v 2578291.000000 450.000000 1215937.000000
v 2578291.500000 449.866025 1215937.000000
v 2578291.433013 449.866025 1215937.250000
v 2578291.250000 449.866025 1215937.433013
v 2578291.000000 449.866025 1215937.500000
v 2578290.750000 449.866025 1215937.433013
v 2578290.566987 449.866025 1215937.250000
v 2578290.500000 449.866025 1215937.000000
v 2578290.566987 449.866025 1215936.750000
v 2578290.750000 449.866025 1215936.566987
v 2578291.000000 449.866025 1215936.500000
v 2578291.250000 449.866025 1215936.566987
v 2578291.433013 449.866025 1215936.750000
v 2578291.866025 449.500000 1215937.000000
v 2578291.750000 449.500000 1215937.433013
v 2578291.433013 449.500000 1215937.750000
v 2578291.000000 449.500000 1215937.866025
v 2578290.566987 449.500000 1215937.750000
v 2578290.250000 449.500000 1215937.433013
v 2578290.133975 449.500000 1215937.000000
v 2578290.250000 449.500000 1215936.566987
v 2578290.566987 449.500000 1215936.250000
v 2578291.000000 449.500000 1215936.133975
v 2578291.433013 449.500000 1215936.250000
v 2578291.750000 449.500000 1215936.566987
v 2578292.000000 449.000000 1215937.000000
v 2578291.866025 449.000000 1215937.500000
v 2578291.500000 449.000000 1215937.866025
v 2578291.000000 449.000000 1215938.000000
v 2578290.500000 449.000000 1215937.866025
v 2578290.133975 449.000000 1215937.500000
v 2578290.000000 449.000000 1215937.000000
v 2578290.133975 449.000000 1215936.500000
v 2578290.500000 449.000000 1215936.133975
v 2578291.000000 449.000000 1215936.000000
v 2578291.500000 449.000000 1215936.133975
v 2578291.866025 449.000000 1215936.500000
v 2578291.866025 448.500000 1215937.000000
v 2578291.750000 448.500000 1215937.433013
v 2578291.433013 448.500000 1215937.750000
v 2578291.000000 448.500000 1215937.866025
v 2578290.566987 448.500000 1215937.750000
v 2578290.250000 448.500000 1215937.433013
v 2578290.133975 448.500000 1215937.000000
v 2578290.250000 448.500000 1215936.566987
v 2578290.566987 448.500000 1215936.250000
v 2578291.000000 448.500000 1215936.133975
v 2578291.433013 448.500000 1215936.250000
v 2578291.750000 448.500000 1215936.566987
v 2578291.500000 448.133975 1215937.000000
v 2578291.433013 448.133975 1215937.250000
v 2578291.250000 448.133975 1215937.433013
v 2578291.000000 448.133975 1215937.500000
v 2578290.750000 448.133975 1215937.433013
v 2578290.566987 448.133975 1215937.250000
v 2578290.500000 448.133975 1215937.000000
v 2578290.566987 448.133975 1215936.750000
v 2578290.750000 448.133975 1215936.566987
v 2578291.000000 448.133975 1215936.500000
v 2578291.250000 448.133975 1215936.566987
v 2578291.433013 448.133975 1215936.750000
v 2578291.000000 448.000000 1215937.000000
v 2578291.000000 448.000000 1215937.000000
v 2578291.000000 448.000000 1215937.000000
v 2578291.000000 448.000000 1215937.000000
v 2578291.000000 448.000000 1215937.000000
v 2578291.000000 448.000000 1215937.000000
v 2578291.000000 448.000000 1215937.000000
v 2578291.000000 448.000000 1215937.000000
v 2578291.000000 448.000000 1215937.000000
v 2578291.000000 448.000000 1215937.000000
v 2578291.000000 448.000000 1215937.000000
v 2578291.000000 448.000000 1215937.000000
f 4097 4109 4098
f 4098 4110 4109
f 4098 4110 4099
f 4099 4111 4110
f 4099 4111 4100
f 4100 4112 4111
f 4100 4112 4101
f 4101 4113 4112
f 4101 4113 4102
f 4102 4114 4113
f 4102 4114 4103
f 4103 4115 4114
f 4103 4115 4104
f 4104 4116 4115
f 4104 4116 4105
f 4105 4117 4116
f 4105 4117 4106
f 4106 4118 4117
f 4106 4118 4107
f 4107 4119 4118
f 4107 4119 4108
f 4108 4120 4119
f 4108 4120 4097
f 4097 4109 4120
f 4109 4121 4110
f 4110 4122 4121
f 4110 4122 4111
f 4111 4123 4122
f 4111 4123 4112
f 4112 4124 4123
f 4112 4124 4113
f 4113 4125 4124
f 4113 4125 4114
f 4114 4126 4125
f 4114 4126 4115
f 4115 4127 4126
f 4115 4127 4116
f 4116 4128 4127
f 4116 4128 4117
f 4117 4129 4128
f 4117 4129 4118
f 4118 4130 4129
f 4118 4130 4119
f 4119 4131 4130
f 4119 4131 4120
f 4120 4132 4131
f 4120 4132 4109
f 4109 4121 4132
f 4121 4133 4122
f 4122 4134 4133
f 4122 4134 4123
f 4123 4135 4134
f 4123 4135 4124
f 4124 4136 4135
f 4124 4136 4125
f 4125 4137 4136
f 4125 4137 4126
f 4126 4138 4137
f 4126 4138 4127
f 4127 4139 4138
f 4127 4139 4128
f 4128 4140 4139
f 4128 4140 4129
f 4129 4141 4140
f 4129 4141 4130
f 4130 4142 4141
f 4130 4142 4131
f 4131 4143 4142
f 4131 4143 4132
f 4132 4144 4143
f 4132 4144 4121
f 4121 4133 4144
f 4133 4145 4134
f 4134 4146 4145
f 4134 4146 4135
f 4135 4147 4146
f 4135 4147 4136
f 4136 4148 4147
f 4136 4148 4137
f 4137 4149 4148
f 4137 4149 4138
f 4138 4150 4149
f 4138 4150 4139
f 4139 4151 4150
f 4139 4151 4140
f 4140 4152 4151
f 4140 4152 4141
f 4141 4153 4152
f 4141 4153 4142
f 4142 4154 4153
f 4142 4154 4143
f 4143 4155 4154
f 4143 4155 4144
f 4144 4156 4155
f 4144 4156 4133
f 4133 4145 4156
f 4145 4157 4146
f 4146 4158 4157
f 4146 4158 4147
f 4147 4159 4158
f 4147 4159 4148
f 4148 4160 4159
f 4148 4160 4149
f 4149 4161 4160
f 4149 4161 4150
f 4150 4162 4161
f 4150 4162 4151
f 4151 4163 4162
f 4151 4163 4152
f 4152 4164 4163
f 4152 4164 4153
f 4153 4165 4164
f 4153 4165 4154
f 4154 4166 4165
f 4154 4166 4155
f 4155 4167 4166
f 4155 4167 4156
f 4156 4168 4167
f 4156 4168 4145
f 4145 4157 4168
f 4157 4169 4158
f 4158 4170 4169
f 4158 4170 4159
f 4159 4171 4170
f 4159 4171 4160
f 4160 4172 4171
f 4160 4172 4161
f 4161 4173 4172
f 4161 4173 4162
f 4162 4174 4173
f 4162 4174 4163
f 4163 4175 4174
f 4163 4175 4164
f 4164 4176 4175
f 4164 4176 4165
f 4165 4177 4176
f 4165 4177 4166
f 4166 4178 4177
f 4166 4178 4167
f 4167 4179 4178
f 4167 4179 4168
f 4168 4180 4179
f 4168 4180 4157
f 4157 4169 4180

o node_SonSto_SS2
usemtl junction
# SonSto_SS2: swmm_type=junction; type=441.5; shape=sphere; radier_elevation=441.5
v 2578294.000000 443.500000 1215935.000000
v 2578294.000000 443.500000 1215935.000000
v 2578294.000000 443.500000 1215935.000000
v 2578294.000000 443.500000 1215935.000000
v 2578294.000000 443.500000 1215935.000000
v 2578294.000000 443.500000 1215935.000000
v 2578294.000000 443.500000 1215935.000000
v 2578294.000000 443.500000 1215935.000000
v 2578294.000000 443.500000 1215935.000000
v 2578294.000000 443.500000 1215935.000000
v 2578294.000000 443.500000 1215935.000000
v 2578294.000000 443.500000 1215935.000000
v 2578294.500000 443.366025 1215935.000000
v 2578294.433013 443.366025 1215935.250000
v 2578294.250000 443.366025 1215935.433013
v 2578294.000000 443.366025 1215935.500000
v 2578293.750000 443.366025 1215935.433013
v 2578293.566987 443.366025 1215935.250000
v 2578293.500000 443.366025 1215935.000000
v 2578293.566987 443.366025 1215934.750000
v 2578293.750000 443.366025 1215934.566987
v 2578294.000000 443.366025 1215934.500000
v 2578294.250000 443.366025 1215934.566987
v 2578294.433013 443.366025 1215934.750000
v 2578294.866025 443.000000 1215935.000000
v 2578294.750000 443.000000 1215935.433013
v 2578294.433013 443.000000 1215935.750000
v 2578294.000000 443.000000 1215935.866025
v 2578293.566987 443.000000 1215935.750000
v 2578293.250000 443.000000 1215935.433013
v 2578293.133975 443.000000 1215935.000000
v 2578293.250000 443.000000 1215934.566987
v 2578293.566987 443.000000 1215934.250000
v 2578294.000000 443.000000 1215934.133975
v 2578294.433013 443.000000 1215934.250000
v 2578294.750000 443.000000 1215934.566987
v 2578295.000000 442.500000 1215935.000000
v 2578294.866025 442.500000 1215935.500000
v 2578294.500000 442.500000 1215935.866025
v 2578294.000000 442.500000 1215936.000000
v 2578293.500000 442.500000 1215935.866025
v 2578293.133975 442.500000 1215935.500000
v 2578293.000000 442.500000 1215935.000000
v 2578293.133975 442.500000 1215934.500000
v 2578293.500000 442.500000 1215934.133975
v 2578294.000000 442.500000 1215934.000000
v 2578294.500000 442.500000 1215934.133975
v 2578294.866025 442.500000 1215934.500000
v 2578294.866025 442.000000 1215935.000000
v 2578294.750000 442.000000 1215935.433013
v 2578294.433013 442.000000 1215935.750000
v 2578294.000000 442.000000 1215935.866025
v 2578293.566987 442.000000 1215935.750000
v 2578293.250000 442.000000 1215935.433013
v 2578293.133975 442.000000 1215935.000000
v 2578293.250000 442.000000 1215934.566987
v 2578293.566987 442.000000 1215934.250000
v 2578294.000000 442.000000 1215934.133975
v 2578294.433013 442.000000 1215934.250000
v 2578294.750000 442.000000 1215934.566987
v 2578294.500000 441.633975 1215935.000000
v 2578294.433013 441.633975 1215935.250000
v 2578294.250000 441.633975 1215935.433013
v 2578294.000000 441.633975 1215935.500000
v 2578293.750000 441.633975 1215935.433013
v 2578293.566987 441.633975 1215935.250000
v 2578293.500000 441.633975 1215935.000000
v 2578293.566987 441.633975 1215934.750000
v 2578293.750000 441.633975 1215934.566987
v 2578294.000000 441.633975 1215934.500000
v 2578294.250000 441.633975 1215934.566987
v 2578294.433013 441.633975 1215934.750000
v 2578294.000000 441.500000 1215935.000000
v 2578294.000000 441.500000 1215935.000000
v 2578294.000000 441.500000 1215935.000000
v 2578294.000000 441.500000 1215935.000000
v 2578294.000000 441.500000 1215935.000000
v 2578294.000000 441.500000 1215935.000000
v 2578294.000000 441.500000 1215935.000000
v 2578294.000000 441.500000 1215935.000000
v 2578294.000000 441.500000 1215935.000000
v 2578294.000000 441.500000 1215935.000000
v 2578294.000000 441.500000 1215935.000000
v 2578294.000000 441.500000 1215935.000000
f 4181 4193 4182
f 4182 4194 4193
f 4182 4194 4183
f 4183 4195 4194
f 4183 4195 4184
f 4184 4196 4195
f 4184 4196 4185
f 4185 4197 4196
f 4185 4197 4186
f 4186 4198 4197
f 4186 4198 4187
f 4187 4199 4198
f 4187 4199 4188
f 4188 4200 4199
f 4188 4200 4189
f 4189 4201 4200
f 4189 4201 4190
f 4190 4202 4201
f 4190 4202 4191
f 4191 4203 4202
f 4191 4203 4192
f 4192 4204 4203
f 4192 4204 4181
f 4181 4193 4204
f 4193 4205 4194
f 4194 4206 4205
f 4194 4206 4195
f 4195 4207 4206
f 4195 4207 4196
f 4196 4208 4207
f 4196 4208 4197
f 4197 4209 4208
f 4197 4209 4198
f 4198 4210 4209
f 4198 4210 4199
f 4199 4211 4210
f 4199 4211 4200
f 4200 4212 4211
f 4200 4212 4201
f 4201 4213 4212
f 4201 4213 4202
f 4202 4214 4213
f 4202 4214 4203
f 4203 4215 4214
f 4203 4215 4204
f 4204 4216 4215
f 4204 4216 4193
f 4193 4205 4216
f 4205 4217 4206
f 4206 4218 4217
f 4206 4218 4207
f 4207 4219 4218
f 4207 4219 4208
f 4208 4220 4219
f 4208 4220 4209
f 4209 4221 4220
f 4209 4221 4210
f 4210 4222 4221
f 4210 4222 4211
f 4211 4223 4222
f 4211 4223 4212
f 4212 4224 4223
f 4212 4224 4213
f 4213 4225 4224
f 4213 4225 4214
f 4214 4226 4225
f 4214 4226 4215
f 4215 4227 4226
f 4215 4227 4216
f 4216 4228 4227
f 4216 4228 4205
f 4205 4217 4228
f 4217 4229 4218
f 4218 4230 4229
f 4218 4230 4219
f 4219 4231 4230
f 4219 4231 4220
f 4220 4232 4231
f 4220 4232 4221
f 4221 4233 4232
f 4221 4233 4222
f 4222 4234 4233
f 4222 4234 4223
f 4223 4235 4234
f 4223 4235 4224
f 4224 4236 4235
f 4224 4236 4225
f 4225 4237 4236
f 4225 4237 4226
f 4226 4238 4237
f 4226 4238 4227
f 4227 4239 4238
f 4227 4239 4228
f 4228 4240 4239
f 4228 4240 4217
f 4217 4229 4240
f 4229 4241 4230
f 4230 4242 4241
f 4230 4242 4231
f 4231 4243 4242
f 4231 4243 4232
f 4232 4244 4243
f 4232 4244 4233
f 4233 4245 4244
f 4233 4245 4234
f 4234 4246 4245
f 4234 4246 4235
f 4235 4247 4246
f 4235 4247 4236
f 4236 4248 4247
f 4236 4248 4237
f 4237 4249 4248
f 4237 4249 4238
f 4238 4250 4249
f 4238 4250 4239
f 4239 4251 4250
f 4239 4251 4240
f 4240 4252 4251
f 4240 4252 4229
f 4229 4241 4252
f 4241 4253 4242
f 4242 4254 4253
f 4242 4254 4243
f 4243 4255 4254
f 4243 4255 4244
f 4244 4256 4255
f 4244 4256 4245
f 4245 4257 4256
f 4245 4257 4246
f 4246 4258 4257
f 4246 4258 4247
f 4247 4259 4258
f 4247 4259 4248
f 4248 4260 4259
f 4248 4260 4249
f 4249 4261 4260
f 4249 4261 4250
f 4250 4262 4261
f 4250 4262 4251
f 4251 4263 4262
f 4251 4263 4252
f 4252 4264 4263
f 4252 4264 4241
f 4241 4253 4264

o node_12
usemtl junction
# 12: swmm_type=junction; type=NotFixed; shape=sphere; radier_elevation=449
v 2578230.000000 451.000000 1215880.000000
v 2578230.000000 451.000000 1215880.000000
v 2578230.000000 451.000000 1215880.000000
v 2578230.000000 451.000000 1215880.000000
v 2578230.000000 451.000000 1215880.000000
v 2578230.000000 451.000000 1215880.000000
v 2578230.000000 451.000000 1215880.000000
v 2578230.000000 451.000000 1215880.000000
v 2578230.000000 451.000000 1215880.000000
v 2578230.000000 451.000000 1215880.000000
v 2578230.000000 451.000000 1215880.000000
v 2578230.000000 451.000000 1215880.000000
v 2578230.500000 450.866025 1215880.000000
v 2578230.433013 450.866025 1215880.250000
v 2578230.250000 450.866025 1215880.433013
v 2578230.000000 450.866025 1215880.500000
v 2578229.750000 450.866025 1215880.433013
v 2578229.566987 450.866025 1215880.250000
v 2578229.500000 450.866025 1215880.000000
v 2578229.566987 450.866025 1215879.750000
v 2578229.750000 450.866025 1215879.566987
v 2578230.000000 450.866025 1215879.500000
v 2578230.250000 450.866025 1215879.566987
v 2578230.433013 450.866025 1215879.750000
v 2578230.866025 450.500000 1215880.000000
v 2578230.750000 450.500000 1215880.433013
v 2578230.433013 450.500000 1215880.750000
v 2578230.000000 450.500000 1215880.866025
v 2578229.566987 450.500000 1215880.750000
v 2578229.250000 450.500000 1215880.433013
v 2578229.133975 450.500000 1215880.000000
v 2578229.250000 450.500000 1215879.566987
v 2578229.566987 450.500000 1215879.250000
v 2578230.000000 450.500000 1215879.133975
v 2578230.433013 450.500000 1215879.250000
v 2578230.750000 450.500000 1215879.566987
v 2578231.000000 450.000000 1215880.000000
v 2578230.866025 450.000000 1215880.500000
v 2578230.500000 450.000000 1215880.866025
v 2578230.000000 450.000000 1215881.000000
v 2578229.500000 450.000000 1215880.866025
v 2578229.133975 450.000000 1215880.500000
v 2578229.000000 450.000000 1215880.000000
v 2578229.133975 450.000000 1215879.500000
v 2578229.500000 450.000000 1215879.133975
v 2578230.000000 450.000000 1215879.000000
v 2578230.500000 450.000000 1215879.133975
v 2578230.866025 450.000000 1215879.500000
v 2578230.866025 449.500000 1215880.000000
v 2578230.750000 449.500000 1215880.433013
v 2578230.433013 449.500000 1215880.750000
v 2578230.000000 449.500000 1215880.866025
v 2578229.566987 449.500000 1215880.750000
v 2578229.250000 449.500000 1215880.433013
v 2578229.133975 449.500000 1215880.000000
v 2578229.250000 449.500000 1215879.566987
v 2578229.566987 449.500000 1215879.250000
v 2578230.000000 449.500000 1215879.133975
v 2578230.433013 449.500000 1215879.250000
v 2578230.750000 449.500000 1215879.566987
v 2578230.500000 449.133975 1215880.000000
v 2578230.433013 449.133975 1215880.250000
v 2578230.250000 449.133975 1215880.433013
v 2578230.000000 449.133975 1215880.500000
v 2578229.750000 449.133975 1215880.433013
v 2578229.566987 449.133975 1215880.250000
v 2578229.500000 449.133975 1215880.000000
v 2578229.566987 449.133975 1215879.750000
v 2578229.750000 449.133975 1215879.566987
v 2578230.000000 449.133975 1215879.500000
v 2578230.250000 449.133975 1215879.566987
v 2578230.433013 449.133975 1215879.750000
v 2578230.000000 449.000000 1215880.000000
v 2578230.000000 449.000000 1215880.000000
v 2578230.000000 449.000000 1215880.000000
v 2578230.000000 449.000000 1215880.000000
v 2578230.000000 449.000000 1215880.000000
v 2578230.000000 449.000000 1215880.000000
v 2578230.000000 449.000000 1215880.000000
v 2578230.000000 449.000000 1215880.000000
v 2578230.000000 449.000000 1215880.000000
v 2578230.000000 449.000000 1215880.000000
v 2578230.000000 449.000000 1215880.000000
v 2578230.000000 449.000000 1215880.000000
f 4265 4277 4266
f 4266 4278 4277
f 4266 4278 4267
f 4267 4279 4278
f 4267 4279 4268
f 4268 4280 4279
f 4268 4280 4269
f 4269 4281 4280
f 4269 4281 4270
f 4270 4282 4281
f 4270 4282 4271
f 4271 4283 4282
f 4271 4283 4272
f 4272 4284 4283
f 4272 4284 4273
f 4273 4285 4284
f 4273 4285 4274
f 4274 4286 4285
f 4274 4286 4275
f 4275 4287 4286
f 4275 4287 4276
f 4276 4288 4287
f 4276 4288 4265
f 4265 4277 4288
f 4277 4289 4278
f 4278 4290 4289
f 4278 4290 4279
f 4279 4291 4290
f 4279 4291 4280
f 4280 4292 4291
f 4280 4292 4281
f 4281 4293 4292
f 4281 4293 4282
f 4282 4294 4293
f 4282 4294 4283
f 4283 4295 4294
f 4283 4295 4284
f 4284 4296 4295
f 4284 4296 4285
f 4285 4297 4296
f 4285 4297 4286
f 4286 4298 4297
f 4286 4298 4287
f 4287 4299 4298
f 4287 4299 4288
f 4288 4300 4299
f 4288 4300 4277
f 4277 4289 4300
f 4289 4301 4290
f 4290 4302 4301
f 4290 4302 4291
f 4291 4303 4302
f 4291 4303 4292
f 4292 4304 4303
f 4292 4304 4293
f 4293 4305 4304
f 4293 4305 4294
f 4294 4306 4305
f 4294 4306 4295
f 4295 4307 4306
f 4295 4307 4296
f 4296 4308 4307
f 4296 4308 4297
f 4297 4309 4308
f 4297 4309 4298
f 4298 4310 4309
f 4298 4310 4299
f 4299 4311 4310
f 4299 4311 4300
f 4300 4312 4311
f 4300 4312 4289
f 4289 4301 4312
f 4301 4313 4302
f 4302 4314 4313
f 4302 4314 4303
f 4303 4315 4314
f 4303 4315 4304
f 4304 4316 4315
f 4304 4316 4305
f 4305 4317 4316
f 4305 4317 4306
f 4306 4318 4317
f 4306 4318 4307
f 4307 4319 4318
f 4307 4319 4308
f 4308 4320 4319
f 4308 4320 4309
f 4309 4321 4320
f 4309 4321 4310
f 4310 4322 4321
f 4310 4322 4311
f 4311 4323 4322
f 4311 4323 4312
f 4312 4324 4323
f 4312 4324 4301
f 4301 4313 4324
f 4313 4325 4314
f 4314 4326 4325
f 4314 4326 4315
f 4315 4327 4326
f 4315 4327 4316
f 4316 4328 4327
f 4316 4328 4317
f 4317 4329 4328
f 4317 4329 4318
f 4318 4330 4329
f 4318 4330 4319
f 4319 4331 4330
f 4319 4331 4320
f 4320 4332 4331
f 4320 4332 4321
f 4321 4333 4332
f 4321 4333 4322
f 4322 4334 4333
f 4322 4334 4323
f 4323 4335 4334
f 4323 4335 4324
f 4324 4336 4335
f 4324 4336 4313
f 4313 4325 4336
f 4325 4337 4326
f 4326 4338 4337
f 4326 4338 4327
f 4327 4339 4338
f 4327 4339 4328
f 4328 4340 4339
f 4328 4340 4329
f 4329 4341 4340
f 4329 4341 4330
f 4330 4342 4341
f 4330 4342 4331
f 4331 4343 4342
f 4331 4343 4332
f 4332 4344 4343
f 4332 4344 4333
f 4333 4345 4344
f 4333 4345 4334
f 4334 4346 4345
f 4334 4346 4335
f 4335 4347 4346
f 4335 4347 4336
f 4336 4348 4347
f 4336 4348 4325
f 4325 4337 4348

o node_14
usemtl junction
# 14: swmm_type=junction; type=NotFixed; shape=sphere; radier_elevation=465
v 2578235.000000 467.000000 1215870.000000
v 2578235.000000 467.000000 1215870.000000
v 2578235.000000 467.000000 1215870.000000
v 2578235.000000 467.000000 1215870.000000
v 2578235.000000 467.000000 1215870.000000
v 2578235.000000 467.000000 1215870.000000
v 2578235.000000 467.000000 1215870.000000
v 2578235.000000 467.000000 1215870.000000
v 2578235.000000 467.000000 1215870.000000
v 2578235.000000 467.000000 1215870.000000
v 2578235.000000 467.000000 1215870.000000
v 2578235.000000 467.000000 1215870.000000
v 2578235.500000 466.866025 1215870.000000
v 2578235.433013 466.866025 1215870.250000
v 2578235.250000 466.866025 1215870.433013
v 2578235.000000 466.866025 1215870.500000
v 2578234.750000 466.866025 1215870.433013
v 2578234.566987 466.866025 1215870.250000
v 2578234.500000 466.866025 1215870.000000
v 2578234.566987 466.866025 1215869.750000
v 2578234.750000 466.866025 1215869.566987
v 2578235.000000 466.866025 1215869.500000
v 2578235.250000 466.866025 1215869.566987
v 2578235.433013 466.866025 1215869.750000
v 2578235.866025 466.500000 1215870.000000
v 2578235.750000 466.500000 1215870.433013
v 2578235.433013 466.500000 1215870.750000
v 2578235.000000 466.500000 1215870.866025
v 2578234.566987 466.500000 1215870.750000
v 2578234.250000 466.500000 1215870.433013
v 2578234.133975 466.500000 1215870.000000
v 2578234.250000 466.500000 1215869.566987
v 2578234.566987 466.500000 1215869.250000
v 2578235.000000 466.500000 1215869.133975
v 2578235.433013 466.500000 1215869.250000
v 2578235.750000 466.500000 1215869.566987
v 2578236.000000 466.000000 1215870.000000
v 2578235.866025 466.000000 1215870.500000
v 2578235.500000 466.000000 1215870.866025
v 2578235.000000 466.000000 1215871.000000
v 2578234.500000 466.000000 1215870.866025
v 2578234.133975 466.000000 1215870.500000
v 2578234.000000 466.000000 1215870.000000
v 2578234.133975 466.000000 1215869.500000
v 2578234.500000 466.000000 1215869.133975
v 2578235.000000 466.000000 1215869.000000
v 2578235.500000 466.000000 1215869.133975
v 2578235.866025 466.000000 1215869.500000
v 2578235.866025 465.500000 1215870.000000
v 2578235.750000 465.500000 1215870.433013
v 2578235.433013 465.500000 1215870.750000
v 2578235.000000 465.500000 1215870.866025
v 2578234.566987 465.500000 1215870.750000
v 2578234.250000 465.500000 1215870.433013
v 2578234.133975 465.500000 1215870.000000
v 2578234.250000 465.500000 1215869.566987
v 2578234.566987 465.500000 1215869.250000
v 2578235.000000 465.500000 1215869.133975
v 2578235.433013 465.500000 1215869.250000
v 2578235.750000 465.500000 1215869.566987
v 2578235.500000 465.133975 1215870.000000
v 2578235.433013 465.133975 1215870.250000
v 2578235.250000 465.133975 1215870.433013
v 2578235.000000 465.133975 1215870.500000
v 2578234.750000 465.133975 1215870.433013
v 2578234.566987 465.133975 1215870.250000
v 2578234.500000 465.133975 1215870.000000
v 2578234.566987 465.133975 1215869.750000
v 2578234.750000 465.133975 1215869.566987
v 2578235.000000 465.133975 1215869.500000
v 2578235.250000 465.133975 1215869.566987
v 2578235.433013 465.133975 1215869.750000
v 2578235.000000 465.000000 1215870.000000
v 2578235.000000 465.000000 1215870.000000
v 2578235.000000 465.000000 1215870.000000
v 2578235.000000 465.000000 1215870.000000
v 2578235.000000 465.000000 1215870.000000
v 2578235.000000 465.000000 1215870.000000
v 2578235.000000 465.000000 1215870.000000
v 2578235.000000 465.000000 1215870.000000
v 2578235.000000 465.000000 1215870.000000
v 2578235.000000 465.000000 1215870.000000
v 2578235.000000 465.000000 1215870.000000
v 2578235.000000 465.000000 1215870.000000
f 4349 4361 4350
f 4350 4362 4361
f 4350 4362 4351
f 4351 4363 4362
f 4351 4363 4352
f 4352 4364 4363
f 4352 4364 4353
f 4353 4365 4364
f 4353 4365 4354
f 4354 4366 4365
f 4354 4366 4355
f 4355 4367 4366
f 4355 4367 4356
f 4356 4368 4367
f 4356 4368 4357
f 4357 4369 4368
f 4357 4369 4358
f 4358 4370 4369
f 4358 4370 4359
f 4359 4371 4370
f 4359 4371 4360
f 4360 4372 4371
f 4360 4372 4349
f 4349 4361 4372
f 4361 4373 4362
f 4362 4374 4373
f 4362 4374 4363
f 4363 4375 4374
f 4363 4375 4364
f 4364 4376 4375
f 4364 4376 4365
f 4365 4377 4376
f 4365 4377 4366
f 4366 4378 4377
f 4366 4378 4367
f 4367 4379 4378
f 4367 4379 4368
f 4368 4380 4379
f 4368 4380 4369
f 4369 4381 4380
f 4369 4381 4370
f 4370 4382 4381
f 4370 4382 4371
f 4371 4383 4382
f 4371 4383 4372
f 4372 4384 4383
f 4372 4384 4361
f 4361 4373 4384
f 4373 4385 4374
f 4374 4386 4385
f 4374 4386 4375
f 4375 4387 4386
f 4375 4387 4376
f 4376 4388 4387
f 4376 4388 4377
f 4377 4389 4388
f 4377 4389 4378
f 4378 4390 4389
f 4378 4390 4379
f 4379 4391 4390
f 4379 4391 4380
f 4380 4392 4391
f 4380 4392 4381
f 4381 4393 4392
f 4381 4393 4382
f 4382 4394 4393
f 4382 4394 4383
f 4383 4395 4394
f 4383 4395 4384
f 4384 4396 4395
f 4384 4396 4373
f 4373 4385 4396
f 4385 4397 4386
f 4386 4398 4397
f 4386 4398 4387
f 4387 4399 4398
f 4387 4399 4388
f 4388 4400 4399
f 4388 4400 4389
f 4389 4401 4400
f 4389 4401 4390
f 4390 4402 4401
f 4390 4402 4391
f 4391 4403 4402
f 4391 4403 4392
f 4392 4404 4403
f 4392 4404 4393
f 4393 4405 4404
f 4393 4405 4394
f 4394 4406 4405
f 4394 4406 4395
f 4395 4407 4406
f 4395 4407 4396
f 4396 4408 4407
f 4396 4408 4385
f 4385 4397 4408
f 4397 4409 4398
f 4398 4410 4409
f 4398 4410 4399
f 4399 4411 4410
f 4399 4411 4400
f 4400 4412 4411
f 4400 4412 4401
f 4401 4413 4412
f 4401 4413 4402
f 4402 4414 4413
f 4402 4414 4403
f 4403 4415 4414
f 4403 4415 4404
f 4404 4416 4415
f 4404 4416 4405
f 4405 4417 4416
f 4405 4417 4406
f 4406 4418 4417
f 4406 4418 4407
f 4407 4419 4418
f 4407 4419 4408
f 4408 4420 4419
f 4408 4420 4397
f 4397 4409 4420
f 4409 4421 4410
f 4410 4422 4421
f 4410 4422 4411
f 4411 4423 4422
f 4411 4423 4412
f 4412 4424 4423
f 4412 4424 4413
f 4413 4425 4424
f 4413 4425 4414
f 4414 4426 4425
f 4414 4426 4415
f 4415 4427 4426
f 4415 4427 4416
f 4416 4428 4427
f 4416 4428 4417
f 4417 4429 4428
f 4417 4429 4418
f 4418 4430 4429
f 4418 4430 4419
f 4419 4431 4430
f 4419 4431 4420
f 4420 4432 4431
f 4420 4432 4409
f 4409 4421 4432

o node_15
usemtl junction
# 15: swmm_type=junction; type=NotFixed; shape=sphere; radier_elevation=472
v 2578220.000000 474.000000 1215880.000000
v 2578220.000000 474.000000 1215880.000000
v 2578220.000000 474.000000 1215880.000000
v 2578220.000000 474.000000 1215880.000000
v 2578220.000000 474.000000 1215880.000000
v 2578220.000000 474.000000 1215880.000000
v 2578220.000000 474.000000 1215880.000000
v 2578220.000000 474.000000 1215880.000000
v 2578220.000000 474.000000 1215880.000000
v 2578220.000000 474.000000 1215880.000000
v 2578220.000000 474.000000 1215880.000000
v 2578220.000000 474.000000 1215880.000000
v 2578220.500000 473.866025 1215880.000000
v 2578220.433013 473.866025 1215880.250000
v 2578220.250000 473.866025 1215880.433013
v 2578220.000000 473.866025 1215880.500000
v 2578219.750000 473.866025 1215880.433013
v 2578219.566987 473.866025 1215880.250000
v 2578219.500000 473.866025 1215880.000000
v 2578219.566987 473.866025 1215879.750000
v 2578219.750000 473.866025 1215879.566987
v 2578220.000000 473.866025 1215879.500000
v 2578220.250000 473.866025 1215879.566987
v 2578220.433013 473.866025 1215879.750000
v 2578220.866025 473.500000 1215880.000000
v 2578220.750000 473.500000 1215880.433013
v 2578220.433013 473.500000 1215880.750000
v 2578220.000000 473.500000 1215880.866025
v 2578219.566987 473.500000 1215880.750000
v 2578219.250000 473.500000 1215880.433013
v 2578219.133975 473.500000 1215880.000000
v 2578219.250000 473.500000 1215879.566987
v 2578219.566987 473.500000 1215879.250000
v 2578220.000000 473.500000 1215879.133975
v 2578220.433013 473.500000 1215879.250000
v 2578220.750000 473.500000 1215879.566987
v 2578221.000000 473.000000 1215880.000000
v 2578220.866025 473.000000 1215880.500000
v 2578220.500000 473.000000 1215880.866025
v 2578220.000000 473.000000 1215881.000000
v 2578219.500000 473.000000 1215880.866025
v 2578219.133975 473.000000 1215880.500000
v 2578219.000000 473.000000 1215880.000000
v 2578219.133975 473.000000 1215879.500000
v 2578219.500000 473.000000 1215879.133975
v 2578220.000000 473.000000 1215879.000000
v 2578220.500000 473.000000 1215879.133975
v 2578220.866025 473.000000 1215879.500000
v 2578220.866025 472.500000 1215880.000000
v 2578220.750000 472.500000 1215880.433013
v 2578220.433013 472.500000 1215880.750000
v 2578220.000000 472.500000 1215880.866025
v 2578219.566987 472.500000 1215880.750000
v 2578219.250000 472.500000 1215880.433013
v 2578219.133975 472.500000 1215880.000000
v 2578219.250000 472.500000 1215879.566987
v 2578219.566987 472.500000 1215879.250000
v 2578220.000000 472.500000 1215879.133975
v 2578220.433013 472.500000 1215879.250000
v 2578220.750000 472.500000 1215879.566987
v 2578220.500000 472.133975 1215880.000000
v 2578220.433013 472.133975 1215880.250000
v 2578220.250000 472.133975 1215880.433013
v 2578220.000000 472.133975 1215880.500000
v 2578219.750000 472.133975 1215880.433013
v 2578219.566987 472.133975 1215880.250000
v 2578219.500000 472.133975 1215880.000000
v 2578219.566987 472.133975 1215879.750000
v 2578219.750000 472.133975 1215879.566987
v 2578220.000000 472.133975 1215879.500000
v 2578220.250000 472.133975 1215879.566987
v 2578220.433013 472.133975 1215879.750000
v 2578220.000000 472.000000 1215880.000000
v 2578220.000000 472.000000 1215880.000000
v 2578220.000000 472.000000 1215880.000000
v 2578220.000000 472.000000 1215880.000000
v 2578220.000000 472.000000 1215880.000000
v 2578220.000000 472.000000 1215880.000000
v 2578220.000000 472.000000 1215880.000000
v 2578220.000000 472.000000 1215880.000000
v 2578220.000000 472.000000 1215880.000000
v 2578220.000000 472.000000 1215880.000000
v 2578220.000000 472.000000 1215880.000000
v 2578220.000000 472.000000 1215880.000000
f 4433 4445 4434
f 4434 4446 4445
f 4434 4446 4435
f 4435 4447 4446
f 4435 4447 4436
f 4436 4448 4447
f 4436 4448 4437
f 4437 4449 4448
f 4437 4449 4438
f 4438 4450 4449
f 4438 4450 4439
f 4439 4451 4450
f 4439 4451 4440
f 4440 4452 4451
f 4440 4452 4441
f 4441 4453 4452
f 4441 4453 4442
f 4442 4454 4453
f 4442 4454 4443
f 4443 4455 4454
f 4443 4455 4444
f 4444 4456 4455
f 4444 4456 4433
f 4433 4445 4456
f 4445 4457 4446
f 4446 4458 4457
f 4446 4458 4447
f 4447 4459 4458
f 4447 4459 4448
f 4448 4460 4459
f 4448 4460 4449
f 4449 4461 4460
f 4449 4461 4450
f 4450 4462 4461
f 4450 4462 4451
f 4451 4463 4462
f 4451 4463 4452
f 4452 4464 4463
f 4452 4464 4453
f 4453 4465 4464
f 4453 4465 4454
f 4454 4466 4465
f 4454 4466 4455
f 4455 4467 4466
f 4455 4467 4456
f 4456 4468 4467
f 4456 4468 4445
f 4445 4457 4468
f 4457 4469 4458
f 4458 4470 4469
f 4458 4470 4459
f 4459 4471 4470
f 4459 4471 4460
f 4460 4472 4471
f 4460 4472 4461
f 4461 4473 4472
f 4461 4473 4462
f 4462 4474 4473
f 4462 4474 4463
f 4463 4475 4474
f 4463 4475 4464
f 4464 4476 4475
f 4464 4476 4465
f 4465 4477 4476
f 4465 4477 4466
f 4466 4478 4477
f 4466 4478 4467
f 4467 4479 4478
f 4467 4479 4468
f 4468 4480 4479
f 4468 4480 4457
f 4457 4469 4480
f 4469 4481 4470
f 4470 4482 4481
f 4470 4482 4471
f 4471 4483 4482
f 4471 4483 4472
f 4472 4484 4483
f 4472 4484 4473
f 4473 4485 4484
f 4473 4485 4474
f 4474 4486 4485
f 4474 4486 4475
f 4475 4487 4486
f 4475 4487 4476
f 4476 4488 4487
f 4476 4488 4477
f 4477 4489 4488
f 4477 4489 4478
f 4478 4490 4489
f 4478 4490 4479
f 4479 4491 4490
f 4479 4491 4480
f 4480 4492 4491
f 4480 4492 4469
f 4469 4481 4492
f 4481 4493 4482
f 4482 4494 4493
f 4482 4494 4483
f 4483 4495 4494
f 4483 4495 4484
f 4484 4496 4495
f 4484 4496 4485
f 4485 4497 4496
f 4485 4497 4486
f 4486 4498 4497
f 4486 4498 4487
f 4487 4499 4498
f 4487 4499 4488
f 4488 4500 4499
f 4488 4500 4489
f 4489 4501 4500
f 4489 4501 4490
f 4490 4502 4501
f 4490 4502 4491
f 4491 4503 4502
f 4491 4503 4492
f 4492 4504 4503
f 4492 4504 4481
f 4481 4493 4504
f 4493 4505 4494
f 4494 4506 4505
f 4494 4506 4495
f 4495 4507 4506
f 4495 4507 4496
f 4496 4508 4507
f 4496 4508 4497
f 4497 4509 4508
f 4497 4509 4498
f 4498 4510 4509
f 4498 4510 4499
f 4499 4511 4510
f 4499 4511 4500
f 4500 4512 4511
f 4500 4512 4501
f 4501 4513 4512
f 4501 4513 4502
f 4502 4514 4513
f 4502 4514 4503
f 4503 4515 4514
f 4503 4515 4504
f 4504 4516 4515
f 4504 4516 4493
f 4493 4505 4516

o node_TWT_PointHaut_60_749
usemtl junction
# TWT_PointHaut_60+749: swmm_type=junction; type=NotFixed; shape=sphere; radier_elevation=442.5
v 2578560.000000 444.500000 1216140.000000
v 2578560.000000 444.500000 1216140.000000
v 2578560.000000 444.500000 1216140.000000
v 2578560.000000 444.500000 1216140.000000
v 2578560.000000 444.500000 1216140.000000
v 2578560.000000 444.500000 1216140.000000
v 2578560.000000 444.500000 1216140.000000
v 2578560.000000 444.500000 1216140.000000
v 2578560.000000 444.500000 1216140.000000
v 2578560.000000 444.500000 1216140.000000
v 2578560.000000 444.500000 1216140.000000
v 2578560.000000 444.500000 1216140.000000
v 2578560.500000 444.366025 1216140.000000
v 2578560.433013 444.366025 1216140.250000
v 2578560.250000 444.366025 1216140.433013
v 2578560.000000 444.366025 1216140.500000
v 2578559.750000 444.366025 1216140.433013
v 2578559.566987 444.366025 1216140.250000
v 2578559.500000 444.366025 1216140.000000
v 2578559.566987 444.366025 1216139.750000
v 2578559.750000 444.366025 1216139.566987
v 2578560.000000 444.366025 1216139.500000
v 2578560.250000 444.366025 1216139.566987
v 2578560.433013 444.366025 1216139.750000
v 2578560.866025 444.000000 1216140.000000
v 2578560.750000 444.000000 1216140.433013
v 2578560.433013 444.000000 1216140.750000
v 2578560.000000 444.000000 1216140.866025
v 2578559.566987 444.000000 1216140.750000
v 2578559.250000 444.000000 1216140.433013
v 2578559.133975 444.000000 1216140.000000
v 2578559.250000 444.000000 1216139.566987
v 2578559.566987 444.000000 1216139.250000
v 2578560.000000 444.000000 1216139.133975
v 2578560.433013 444.000000 1216139.250000
v 2578560.750000 444.000000 1216139.566987
v 2578561.000000 443.500000 1216140.000000
v 2578560.866025 443.500000 1216140.500000
v 2578560.500000 443.500000 1216140.866025
v 2578560.000000 443.500000 1216141.000000
v 2578559.500000 443.500000 1216140.866025
v 2578559.133975 443.500000 1216140.500000
v 2578559.000000 443.500000 1216140.000000
v 2578559.133975 443.500000 1216139.500000
v 2578559.500000 443.500000 1216139.133975
v 2578560.000000 443.500000 1216139.000000
v 2578560.500000 443.500000 1216139.133975
v 2578560.866025 443.500000 1216139.500000
v 2578560.866025 443.000000 1216140.000000
v 2578560.750000 443.000000 1216140.433013
v 2578560.433013 443.000000 1216140.750000
v 2578560.000000 443.000000 1216140.866025
v 2578559.566987 443.000000 1216140.750000
v 2578559.250000 443.000000 1216140.433013
v 2578559.133975 443.000000 1216140.000000
v 2578559.250000 443.000000 1216139.566987
v 2578559.566987 443.000000 1216139.250000
v 2578560.000000 443.000000 1216139.133975
v 2578560.433013 443.000000 1216139.250000
v 2578560.750000 443.000000 1216139.566987
v 2578560.500000 442.633975 1216140.000000
v 2578560.433013 442.633975 1216140.250000
v 2578560.250000 442.633975 1216140.433013
v 2578560.000000 442.633975 1216140.500000
v 2578559.750000 442.633975 1216140.433013
v 2578559.566987 442.633975 1216140.250000
v 2578559.500000 442.633975 1216140.000000
v 2578559.566987 442.633975 1216139.750000
v 2578559.750000 442.633975 1216139.566987
v 2578560.000000 442.633975 1216139.500000
v 2578560.250000 442.633975 1216139.566987
v 2578560.433013 442.633975 1216139.750000
v 2578560.000000 442.500000 1216140.000000
v 2578560.000000 442.500000 1216140.000000
v 2578560.000000 442.500000 1216140.000000
v 2578560.000000 442.500000 1216140.000000
v 2578560.000000 442.500000 1216140.000000
v 2578560.000000 442.500000 1216140.000000
v 2578560.000000 442.500000 1216140.000000
v 2578560.000000 442.500000 1216140.000000
v 2578560.000000 442.500000 1216140.000000
v 2578560.000000 442.500000 1216140.000000
v 2578560.000000 442.500000 1216140.000000
v 2578560.000000 442.500000 1216140.000000
f 4517 4529 4518
f 4518 4530 4529
f 4518 4530 4519
f 4519 4531 4530
f 4519 4531 4520
f 4520 4532 4531
f 4520 4532 4521
f 4521 4533 4532
f 4521 4533 4522
f 4522 4534 4533
f 4522 4534 4523
f 4523 4535 4534
f 4523 4535 4524
f 4524 4536 4535
f 4524 4536 4525
f 4525 4537 4536
f 4525 4537 4526
f 4526 4538 4537
f 4526 4538 4527
f 4527 4539 4538
f 4527 4539 4528
f 4528 4540 4539
f 4528 4540 4517
f 4517 4529 4540
f 4529 4541 4530
f 4530 4542 4541
f 4530 4542 4531
f 4531 4543 4542
f 4531 4543 4532
f 4532 4544 4543
f 4532 4544 4533
f 4533 4545 4544
f 4533 4545 4534
f 4534 4546 4545
f 4534 4546 4535
f 4535 4547 4546
f 4535 4547 4536
f 4536 4548 4547
f 4536 4548 4537
f 4537 4549 4548
f 4537 4549 4538
f 4538 4550 4549
f 4538 4550 4539
f 4539 4551 4550
f 4539 4551 4540
f 4540 4552 4551
f 4540 4552 4529
f 4529 4541 4552
f 4541 4553 4542
f 4542 4554 4553
f 4542 4554 4543
f 4543 4555 4554
f 4543 4555 4544
f 4544 4556 4555
f 4544 4556 4545
f 4545 4557 4556
f 4545 4557 4546
f 4546 4558 4557
f 4546 4558 4547
f 4547 4559 4558
f 4547 4559 4548
f 4548 4560 4559
f 4548 4560 4549
f 4549 4561 4560
f 4549 4561 4550
f 4550 4562 4561
f 4550 4562 4551
f 4551 4563 4562
f 4551 4563 4552
f 4552 4564 4563
f 4552 4564 4541
f 4541 4553 4564
f 4553 4565 4554
f 4554 4566 4565
f 4554 4566 4555
f 4555 4567 4566
f 4555 4567 4556
f 4556 4568 4567
f 4556 4568 4557
f 4557 4569 4568
f 4557 4569 4558
f 4558 4570 4569
f 4558 4570 4559
f 4559 4571 4570
f 4559 4571 4560
f 4560 4572 4571
f 4560 4572 4561
f 4561 4573 4572
f 4561 4573 4562
f 4562 4574 4573
f 4562 4574 4563
f 4563 4575 4574
f 4563 4575 4564
f 4564 4576 4575
f 4564 4576 4553
f 4553 4565 4576
f 4565 4577 4566
f 4566 4578 4577
f 4566 4578 4567
f 4567 4579 4578
f 4567 4579 4568
f 4568 4580 4579
f 4568 4580 4569
f 4569 4581 4580
f 4569 4581 4570
f 4570 4582 4581
f 4570 4582 4571
f 4571 4583 4582
f 4571 4583 4572
f 4572 4584 4583
f 4572 4584 4573
f 4573 4585 4584
f 4573 4585 4574
f 4574 4586 4585
f 4574 4586 4575
f 4575 4587 4586
f 4575 4587 4576
f 4576 4588 4587
f 4576 4588 4565
f 4565 4577 4588
f 4577 4589 4578
f 4578 4590 4589
f 4578 4590 4579
f 4579 4591 4590
f 4579 4591 4580
f 4580 4592 4591
f 4580 4592 4581
f 4581 4593 4592
f 4581 4593 4582
f 4582 4594 4593
f 4582 4594 4583
f 4583 4595 4594
f 4583 4595 4584
f 4584 4596 4595
f 4584 4596 4585
f 4585 4597 4596
f 4585 4597 4586
f 4586 4598 4597
f 4586 4598 4587
f 4587 4599 4598
f 4587 4599 4588
f 4588 4600 4599
f 4588 4600 4577
f 4577 4589 4600

o node_TWT_Fensterstollen_60_375
usemtl junction
# TWT_Fensterstollen_60+375: swmm_type=junction; type=NotFixed; shape=sphere; radier_elevation=441.3
v 2578243.000000 443.300000 1215856.000000
v 2578243.000000 443.300000 1215856.000000
v 2578243.000000 443.300000 1215856.000000
v 2578243.000000 443.300000 1215856.000000
v 2578243.000000 443.300000 1215856.000000
v 2578243.000000 443.300000 1215856.000000
v 2578243.000000 443.300000 1215856.000000
v 2578243.000000 443.300000 1215856.000000
v 2578243.000000 443.300000 1215856.000000
v 2578243.000000 443.300000 1215856.000000
v 2578243.000000 443.300000 1215856.000000
v 2578243.000000 443.300000 1215856.000000
v 2578243.500000 443.166025 1215856.000000
v 2578243.433013 443.166025 1215856.250000
v 2578243.250000 443.166025 1215856.433013
v 2578243.000000 443.166025 1215856.500000
v 2578242.750000 443.166025 1215856.433013
v 2578242.566987 443.166025 1215856.250000
v 2578242.500000 443.166025 1215856.000000
v 2578242.566987 443.166025 1215855.750000
v 2578242.750000 443.166025 1215855.566987
v 2578243.000000 443.166025 1215855.500000
v 2578243.250000 443.166025 1215855.566987
v 2578243.433013 443.166025 1215855.750000
v 2578243.866025 442.800000 1215856.000000
v 2578243.750000 442.800000 1215856.433013
v 2578243.433013 442.800000 1215856.750000
v 2578243.000000 442.800000 1215856.866025
v 2578242.566987 442.800000 1215856.750000
v 2578242.250000 442.800000 1215856.433013
v 2578242.133975 442.800000 1215856.000000
v 2578242.250000 442.800000 1215855.566987
v 2578242.566987 442.800000 1215855.250000
v 2578243.000000 442.800000 1215855.133975
v 2578243.433013 442.800000 1215855.250000
v 2578243.750000 442.800000 1215855.566987
v 2578244.000000 442.300000 1215856.000000
v 2578243.866025 442.300000 1215856.500000
v 2578243.500000 442.300000 1215856.866025
v 2578243.000000 442.300000 1215857.000000
v 2578242.500000 442.300000 1215856.866025
v 2578242.133975 442.300000 1215856.500000
v 2578242.000000 442.300000 1215856.000000
v 2578242.133975 442.300000 1215855.500000
v 2578242.500000 442.300000 1215855.133975
v 2578243.000000 442.300000 1215855.000000
v 2578243.500000 442.300000 1215855.133975
v 2578243.866025 442.300000 1215855.500000
v 2578243.866025 441.800000 1215856.000000
v 2578243.750000 441.800000 1215856.433013
v 2578243.433013 441.800000 1215856.750000
v 2578243.000000 441.800000 1215856.866025
v 2578242.566987 441.800000 1215856.750000
v 2578242.250000 441.800000 1215856.433013
v 2578242.133975 441.800000 1215856.000000
v 2578242.250000 441.800000 1215855.566987
v 2578242.566987 441.800000 1215855.250000
v 2578243.000000 441.800000 1215855.133975
v 2578243.433013 441.800000 1215855.250000
v 2578243.750000 441.800000 1215855.566987
v 2578243.500000 441.433975 1215856.000000
v 2578243.433013 441.433975 1215856.250000
v 2578243.250000 441.433975 1215856.433013
v 2578243.000000 441.433975 1215856.500000
v 2578242.750000 441.433975 1215856.433013
v 2578242.566987 441.433975 1215856.250000
v 2578242.500000 441.433975 1215856.000000
v 2578242.566987 441.433975 1215855.750000
v 2578242.750000 441.433975 1215855.566987
v 2578243.000000 441.433975 1215855.500000
v 2578243.250000 441.433975 1215855.566987
v 2578243.433013 441.433975 1215855.750000
v 2578243.000000 441.300000 1215856.000000
v 2578243.000000 441.300000 1215856.000000
v 2578243.000000 441.300000 1215856.000000
v 2578243.000000 441.300000 1215856.000000
v 2578243.000000 441.300000 1215856.000000
v 2578243.000000 441.300000 1215856.000000
v 2578243.000000 441.300000 1215856.000000
v 2578243.000000 441.300000 1215856.000000
v 2578243.000000 441.300000 1215856.000000
v 2578243.000000 441.300000 1215856.000000
v 2578243.000000 441.300000 1215856.000000
v 2578243.000000 441.300000 1215856.000000
f 4601 4613 4602
f 4602 4614 4613
f 4602 4614 4603
f 4603 4615 4614
f 4603 4615 4604
f 4604 4616 4615
f 4604 4616 4605
f 4605 4617 4616
f 4605 4617 4606
f 4606 4618 4617
f 4606 4618 4607
f 4607 4619 4618
f 4607 4619 4608
f 4608 4620 4619
f 4608 4620 4609
f 4609 4621 4620
f 4609 4621 4610
f 4610 4622 4621
f 4610 4622 4611
f 4611 4623 4622
f 4611 4623 4612
f 4612 4624 4623
f 4612 4624 4601
f 4601 4613 4624
f 4613 4625 4614
f 4614 4626 4625
f 4614 4626 4615
f 4615 4627 4626
f 4615 4627 4616
f 4616 4628 4627
f 4616 4628 4617
f 4617 4629 4628
f 4617 4629 4618
f 4618 4630 4629
f 4618 4630 4619
f 4619 4631 4630
f 4619 4631 4620
f 4620 4632 4631
f 4620 4632 4621
f 4621 4633 4632
f 4621 4633 4622
f 4622 4634 4633
f 4622 4634 4623
f 4623 4635 4634
f 4623 4635 4624
f 4624 4636 4635
f 4624 4636 4613
f 4613 4625 4636
f 4625 4637 4626
f 4626 4638 4637
f 4626 4638 4627
f 4627 4639 4638
f 4627 4639 4628
f 4628 4640 4639
f 4628 4640 4629
f 4629 4641 4640
f 4629 4641 4630
f 4630 4642 4641
f 4630 4642 4631
f 4631 4643 4642
f 4631 4643 4632
f 4632 4644 4643
f 4632 4644 4633
f 4633 4645 4644
f 4633 4645 4634
f 4634 4646 4645
f 4634 4646 4635
f 4635 4647 4646
f 4635 4647 4636
f 4636 4648 4647
f 4636 4648 4625
f 4625 4637 4648
f 4637 4649 4638
f 4638 4650 4649
f 4638 4650 4639
f 4639 4651 4650
f 4639 4651 4640
f 4640 4652 4651
f 4640 4652 4641
f 4641 4653 4652
f 4641 4653 4642
f 4642 4654 4653
f 4642 4654 4643
f 4643 4655 4654
f 4643 4655 4644
f 4644 4656 4655
f 4644 4656 4645
f 4645 4657 4656
f 4645 4657 4646
f 4646 4658 4657
f 4646 4658 4647
f 4647 4659 4658
f 4647 4659 4648
f 4648 4660 4659
f 4648 4660 4637
f 4637 4649 4660
f 4649 4661 4650
f 4650 4662 4661
f 4650 4662 4651
f 4651 4663 4662
f 4651 4663 4652
f 4652 4664 4663
f 4652 4664 4653
f 4653 4665 4664
f 4653 4665 4654
f 4654 4666 4665
f 4654 4666 4655
f 4655 4667 4666
f 4655 4667 4656
f 4656 4668 4667
f 4656 4668 4657
f 4657 4669 4668
f 4657 4669 4658
f 4658 4670 4669
f 4658 4670 4659
f 4659 4671 4670
f 4659 4671 4660
f 4660 4672 4671
f 4660 4672 4649
f 4649 4661 4672
f 4661 4673 4662
f 4662 4674 4673
f 4662 4674 4663
f 4663 4675 4674
f 4663 4675 4664
f 4664 4676 4675
f 4664 4676 4665
f 4665 4677 4676
f 4665 4677 4666
f 4666 4678 4677
f 4666 4678 4667
f 4667 4679 4678
f 4667 4679 4668
f 4668 4680 4679
f 4668 4680 4669
f 4669 4681 4680
f 4669 4681 4670
f 4670 4682 4681
f 4670 4682 4671
f 4671 4683 4682
f 4671 4683 4672
f 4672 4684 4683
f 4672 4684 4661
f 4661 4673 4684

o node_TWT_Acces_LT_60_110
usemtl junction
# TWT_Acces_LT_60+110: swmm_type=junction; type=NotFixed; shape=sphere; radier_elevation=441.5
v 2578029.000000 443.500000 1215714.000000
v 2578029.000000 443.500000 1215714.000000
v 2578029.000000 443.500000 1215714.000000
v 2578029.000000 443.500000 1215714.000000
v 2578029.000000 443.500000 1215714.000000
v 2578029.000000 443.500000 1215714.000000
v 2578029.000000 443.500000 1215714.000000
v 2578029.000000 443.500000 1215714.000000
v 2578029.000000 443.500000 1215714.000000
v 2578029.000000 443.500000 1215714.000000
v 2578029.000000 443.500000 1215714.000000
v 2578029.000000 443.500000 1215714.000000
v 2578029.500000 443.366025 1215714.000000
v 2578029.433013 443.366025 1215714.250000
v 2578029.250000 443.366025 1215714.433013
v 2578029.000000 443.366025 1215714.500000
v 2578028.750000 443.366025 1215714.433013
v 2578028.566987 443.366025 1215714.250000
v 2578028.500000 443.366025 1215714.000000
v 2578028.566987 443.366025 1215713.750000
v 2578028.750000 443.366025 1215713.566987
v 2578029.000000 443.366025 1215713.500000
v 2578029.250000 443.366025 1215713.566987
v 2578029.433013 443.366025 1215713.750000
v 2578029.866025 443.000000 1215714.000000
v 2578029.750000 443.000000 1215714.433013
v 2578029.433013 443.000000 1215714.750000
v 2578029.000000 443.000000 1215714.866025
v 2578028.566987 443.000000 1215714.750000
v 2578028.250000 443.000000 1215714.433013
v 2578028.133975 443.000000 1215714.000000
v 2578028.250000 443.000000 1215713.566987
v 2578028.566987 443.000000 1215713.250000
v 2578029.000000 443.000000 1215713.133975
v 2578029.433013 443.000000 1215713.250000
v 2578029.750000 443.000000 1215713.566987
v 2578030.000000 442.500000 1215714.000000
v 2578029.866025 442.500000 1215714.500000
v 2578029.500000 442.500000 1215714.866025
v 2578029.000000 442.500000 1215715.000000
v 2578028.500000 442.500000 1215714.866025
v 2578028.133975 442.500000 1215714.500000
v 2578028.000000 442.500000 1215714.000000
v 2578028.133975 442.500000 1215713.500000
v 2578028.500000 442.500000 1215713.133975
v 2578029.000000 442.500000 1215713.000000
v 2578029.500000 442.500000 1215713.133975
v 2578029.866025 442.500000 1215713.500000
v 2578029.866025 442.000000 1215714.000000
v 2578029.750000 442.000000 1215714.433013
v 2578029.433013 442.000000 1215714.750000
v 2578029.000000 442.000000 1215714.866025
v 2578028.566987 442.000000 1215714.750000
v 2578028.250000 442.000000 1215714.433013
v 2578028.133975 442.000000 1215714.000000
v 2578028.250000 442.000000 1215713.566987
v 2578028.566987 442.000000 1215713.250000
v 2578029.000000 442.000000 1215713.133975
v 2578029.433013 442.000000 1215713.250000
v 2578029.750000 442.000000 1215713.566987
v 2578029.500000 441.633975 1215714.000000
v 2578029.433013 441.633975 1215714.250000
v 2578029.250000 441.633975 1215714.433013
v 2578029.000000 441.633975 1215714.500000
v 2578028.750000 441.633975 1215714.433013
v 2578028.566987 441.633975 1215714.250000
v 2578028.500000 441.633975 1215714.000000
v 2578028.566987 441.633975 1215713.750000
v 2578028.750000 441.633975 1215713.566987
v 2578029.000000 441.633975 1215713.500000
v 2578029.250000 441.633975 1215713.566987
v 2578029.433013 441.633975 1215713.750000
v 2578029.000000 441.500000 1215714.000000
v 2578029.000000 441.500000 1215714.000000
v 2578029.000000 441.500000 1215714.000000
v 2578029.000000 441.500000 1215714.000000
v 2578029.000000 441.500000 1215714.000000
v 2578029.000000 441.500000 1215714.000000
v 2578029.000000 441.500000 1215714.000000
v 2578029.000000 441.500000 1215714.000000
v 2578029.000000 441.500000 1215714.000000
v 2578029.000000 441.500000 1215714.000000
v 2578029.000000 441.500000 1215714.000000
v 2578029.000000 441.500000 1215714.000000
f 4685 4697 4686
f 4686 4698 4697
f 4686 4698 4687
f 4687 4699 4698
f 4687 4699 4688
f 4688 4700 4699
f 4688 4700 4689
f 4689 4701 4700
f 4689 4701 4690
f 4690 4702 4701
f 4690 4702 4691
f 4691 4703 4702
f 4691 4703 4692
f 4692 4704 4703
f 4692 4704 4693
f 4693 4705 4704
f 4693 4705 4694
f 4694 4706 4705
f 4694 4706 4695
f 4695 4707 4706
f 4695 4707 4696
f 4696 4708 4707
f 4696 4708 4685
f 4685 4697 4708
f 4697 4709 4698
f 4698 4710 4709
f 4698 4710 4699
f 4699 4711 4710
f 4699 4711 4700
f 4700 4712 4711
f 4700 4712 4701
f 4701 4713 4712
f 4701 4713 4702
f 4702 4714 4713
f 4702 4714 4703
f 4703 4715 4714
f 4703 4715 4704
f 4704 4716 4715
f 4704 4716 4705
f 4705 4717 4716
f 4705 4717 4706
f 4706 4718 4717
f 4706 4718 4707
f 4707 4719 4718
f 4707 4719 4708
f 4708 4720 4719
f 4708 4720 4697
f 4697 4709 4720
f 4709 4721 4710
f 4710 4722 4721
f 4710 4722 4711
f 4711 4723 4722
f 4711 4723 4712
f 4712 4724 4723
f 4712 4724 4713
f 4713 4725 4724
f 4713 4725 4714
f 4714 4726 4725
f 4714 4726 4715
f 4715 4727 4726
f 4715 4727 4716
f 4716 4728 4727
f 4716 4728 4717
f 4717 4729 4728
f 4717 4729 4718
f 4718 4730 4729
f 4718 4730 4719
f 4719 4731 4730
f 4719 4731 4720
f 4720 4732 4731
f 4720 4732 4709
f 4709 4721 4732
f 4721 4733 4722
f 4722 4734 4733
f 4722 4734 4723
f 4723 4735 4734
f 4723 4735 4724
f 4724 4736 4735
f 4724 4736 4725
f 4725 4737 4736
f 4725 4737 4726
f 4726 4738 4737
f 4726 4738 4727
f 4727 4739 4738
f 4727 4739 4728
f 4728 4740 4739
f 4728 4740 4729
f 4729 4741 4740
f 4729 4741 4730
f 4730 4742 4741
f 4730 4742 4731
f 4731 4743 4742
f 4731 4743 4732
f 4732 4744 4743
f 4732 4744 4721
f 4721 4733 4744
f 4733 4745 4734
f 4734 4746 4745
f 4734 4746 4735
f 4735 4747 4746
f 4735 4747 4736
f 4736 4748 4747
f 4736 4748 4737
f 4737 4749 4748
f 4737 4749 4738
f 4738 4750 4749
f 4738 4750 4739
f 4739 4751 4750
f 4739 4751 4740
f 4740 4752 4751
f 4740 4752 4741
f 4741 4753 4752
f 4741 4753 4742
f 4742 4754 4753
f 4742 4754 4743
f 4743 4755 4754
f 4743 4755 4744
f 4744 4756 4755
f 4744 4756 4733
f 4733 4745 4756
f 4745 4757 4746
f 4746 4758 4757
f 4746 4758 4747
f 4747 4759 4758
f 4747 4759 4748
f 4748 4760 4759
f 4748 4760 4749
f 4749 4761 4760
f 4749 4761 4750
f 4750 4762 4761
f 4750 4762 4751
f 4751 4763 4762
f 4751 4763 4752
f 4752 4764 4763
f 4752 4764 4753
f 4753 4765 4764
f 4753 4765 4754
f 4754 4766 4765
f 4754 4766 4755
f 4755 4767 4766
f 4755 4767 4756
f 4756 4768 4767
f 4756 4768 4745
f 4745 4757 4768

o node_TWT_Liaison_LT_59_738
usemtl junction
# TWT_Liaison_LT_59+738: swmm_type=junction; type=NotFixed; shape=sphere; radier_elevation=450.6
v 2577887.000000 452.600000 1215677.000000
v 2577887.000000 452.600000 1215677.000000
v 2577887.000000 452.600000 1215677.000000
v 2577887.000000 452.600000 1215677.000000
v 2577887.000000 452.600000 1215677.000000
v 2577887.000000 452.600000 1215677.000000
v 2577887.000000 452.600000 1215677.000000
v 2577887.000000 452.600000 1215677.000000
v 2577887.000000 452.600000 1215677.000000
v 2577887.000000 452.600000 1215677.000000
v 2577887.000000 452.600000 1215677.000000
v 2577887.000000 452.600000 1215677.000000
v 2577887.500000 452.466025 1215677.000000
v 2577887.433013 452.466025 1215677.250000
v 2577887.250000 452.466025 1215677.433013
v 2577887.000000 452.466025 1215677.500000
v 2577886.750000 452.466025 1215677.433013
v 2577886.566987 452.466025 1215677.250000
v 2577886.500000 452.466025 1215677.000000
v 2577886.566987 452.466025 1215676.750000
v 2577886.750000 452.466025 1215676.566987
v 2577887.000000 452.466025 1215676.500000
v 2577887.250000 452.466025 1215676.566987
v 2577887.433013 452.466025 1215676.750000
v 2577887.866025 452.100000 1215677.000000
v 2577887.750000 452.100000 1215677.433013
v 2577887.433013 452.100000 1215677.750000
v 2577887.000000 452.100000 1215677.866025
v 2577886.566987 452.100000 1215677.750000
v 2577886.250000 452.100000 1215677.433013
v 2577886.133975 452.100000 1215677.000000
v 2577886.250000 452.100000 1215676.566987
v 2577886.566987 452.100000 1215676.250000
v 2577887.000000 452.100000 1215676.133975
v 2577887.433013 452.100000 1215676.250000
v 2577887.750000 452.100000 1215676.566987
v 2577888.000000 451.600000 1215677.000000
v 2577887.866025 451.600000 1215677.500000
v 2577887.500000 451.600000 1215677.866025
v 2577887.000000 451.600000 1215678.000000
v 2577886.500000 451.600000 1215677.866025
v 2577886.133975 451.600000 1215677.500000
v 2577886.000000 451.600000 1215677.000000
v 2577886.133975 451.600000 1215676.500000
v 2577886.500000 451.600000 1215676.133975
v 2577887.000000 451.600000 1215676.000000
v 2577887.500000 451.600000 1215676.133975
v 2577887.866025 451.600000 1215676.500000
v 2577887.866025 451.100000 1215677.000000
v 2577887.750000 451.100000 1215677.433013
v 2577887.433013 451.100000 1215677.750000
v 2577887.000000 451.100000 1215677.866025
v 2577886.566987 451.100000 1215677.750000
v 2577886.250000 451.100000 1215677.433013
v 2577886.133975 451.100000 1215677.000000
v 2577886.250000 451.100000 1215676.566987
v 2577886.566987 451.100000 1215676.250000
v 2577887.000000 451.100000 1215676.133975
v 2577887.433013 451.100000 1215676.250000
v 2577887.750000 451.100000 1215676.566987
v 2577887.500000 450.733975 1215677.000000
v 2577887.433013 450.733975 1215677.250000
v 2577887.250000 450.733975 1215677.433013
v 2577887.000000 450.733975 1215677.500000
v 2577886.750000 450.733975 1215677.433013
v 2577886.566987 450.733975 1215677.250000
v 2577886.500000 450.733975 1215677.000000
v 2577886.566987 450.733975 1215676.750000
v 2577886.750000 450.733975 1215676.566987
v 2577887.000000 450.733975 1215676.500000
v 2577887.250000 450.733975 1215676.566987
v 2577887.433013 450.733975 1215676.750000
v 2577887.000000 450.600000 1215677.000000
v 2577887.000000 450.600000 1215677.000000
v 2577887.000000 450.600000 1215677.000000
v 2577887.000000 450.600000 1215677.000000
v 2577887.000000 450.600000 1215677.000000
v 2577887.000000 450.600000 1215677.000000
v 2577887.000000 450.600000 1215677.000000
v 2577887.000000 450.600000 1215677.000000
v 2577887.000000 450.600000 1215677.000000
v 2577887.000000 450.600000 1215677.000000
v 2577887.000000 450.600000 1215677.000000
v 2577887.000000 450.600000 1215677.000000
f 4769 4781 4770
f 4770 4782 4781
f 4770 4782 4771
f 4771 4783 4782
f 4771 4783 4772
f 4772 4784 4783
f 4772 4784 4773
f 4773 4785 4784
f 4773 4785 4774
f 4774 4786 4785
f 4774 4786 4775
f 4775 4787 4786
f 4775 4787 4776
f 4776 4788 4787
f 4776 4788 4777
f 4777 4789 4788
f 4777 4789 4778
f 4778 4790 4789
f 4778 4790 4779
f 4779 4791 4790
f 4779 4791 4780
f 4780 4792 4791
f 4780 4792 4769
f 4769 4781 4792
f 4781 4793 4782
f 4782 4794 4793
f 4782 4794 4783
f 4783 4795 4794
f 4783 4795 4784
f 4784 4796 4795
f 4784 4796 4785
f 4785 4797 4796
f 4785 4797 4786
f 4786 4798 4797
f 4786 4798 4787
f 4787 4799 4798
f 4787 4799 4788
f 4788 4800 4799
f 4788 4800 4789
f 4789 4801 4800
f 4789 4801 4790
f 4790 4802 4801
f 4790 4802 4791
f 4791 4803 4802
f 4791 4803 4792
f 4792 4804 4803
f 4792 4804 4781
f 4781 4793 4804
f 4793 4805 4794
f 4794 4806 4805
f 4794 4806 4795
f 4795 4807 4806
f 4795 4807 4796
f 4796 4808 4807
f 4796 4808 4797
f 4797 4809 4808
f 4797 4809 4798
f 4798 4810 4809
f 4798 4810 4799
f 4799 4811 4810
f 4799 4811 4800
f 4800 4812 4811
f 4800 4812 4801
f 4801 4813 4812
f 4801 4813 4802
f 4802 4814 4813
f 4802 4814 4803
f 4803 4815 4814
f 4803 4815 4804
f 4804 4816 4815
f 4804 4816 4793
f 4793 4805 4816
f 4805 4817 4806
f 4806 4818 4817
f 4806 4818 4807
f 4807 4819 4818
f 4807 4819 4808
f 4808 4820 4819
f 4808 4820 4809
f 4809 4821 4820
f 4809 4821 4810
f 4810 4822 4821
f 4810 4822 4811
f 4811 4823 4822
f 4811 4823 4812
f 4812 4824 4823
f 4812 4824 4813
f 4813 4825 4824
f 4813 4825 4814
f 4814 4826 4825
f 4814 4826 4815
f 4815 4827 4826
f 4815 4827 4816
f 4816 4828 4827
f 4816 4828 4805
f 4805 4817 4828
f 4817 4829 4818
f 4818 4830 4829
f 4818 4830 4819
f 4819 4831 4830
f 4819 4831 4820
f 4820 4832 4831
f 4820 4832 4821
f 4821 4833 4832
f 4821 4833 4822
f 4822 4834 4833
f 4822 4834 4823
f 4823 4835 4834
f 4823 4835 4824
f 4824 4836 4835
f 4824 4836 4825
f 4825 4837 4836
f 4825 4837 4826
f 4826 4838 4837
f 4826 4838 4827
f 4827 4839 4838
f 4827 4839 4828
f 4828 4840 4839
f 4828 4840 4817
f 4817 4829 4840
f 4829 4841 4830
f 4830 4842 4841
f 4830 4842 4831
f 4831 4843 4842
f 4831 4843 4832
f 4832 4844 4843
f 4832 4844 4833
f 4833 4845 4844
f 4833 4845 4834
f 4834 4846 4845
f 4834 4846 4835
f 4835 4847 4846
f 4835 4847 4836
f 4836 4848 4847
f 4836 4848 4837
f 4837 4849 4848
f 4837 4849 4838
f 4838 4850 4849
f 4838 4850 4839
f 4839 4851 4850
f 4839 4851 4840
f 4840 4852 4851
f 4840 4852 4829
f 4829 4841 4852

o node_Syst_Est_amont
usemtl junction
# Syst_Est_amont: swmm_type=junction; type=NotFixed; shape=sphere; radier_elevation=430
v 2578941.760000 432.000000 1216615.480000
v 2578941.760000 432.000000 1216615.480000
v 2578941.760000 432.000000 1216615.480000
v 2578941.760000 432.000000 1216615.480000
v 2578941.760000 432.000000 1216615.480000
v 2578941.760000 432.000000 1216615.480000
v 2578941.760000 432.000000 1216615.480000
v 2578941.760000 432.000000 1216615.480000
v 2578941.760000 432.000000 1216615.480000
v 2578941.760000 432.000000 1216615.480000
v 2578941.760000 432.000000 1216615.480000
v 2578941.760000 432.000000 1216615.480000
v 2578942.260000 431.866025 1216615.480000
v 2578942.193013 431.866025 1216615.730000
v 2578942.010000 431.866025 1216615.913013
v 2578941.760000 431.866025 1216615.980000
v 2578941.510000 431.866025 1216615.913013
v 2578941.326987 431.866025 1216615.730000
v 2578941.260000 431.866025 1216615.480000
v 2578941.326987 431.866025 1216615.230000
v 2578941.510000 431.866025 1216615.046987
v 2578941.760000 431.866025 1216614.980000
v 2578942.010000 431.866025 1216615.046987
v 2578942.193013 431.866025 1216615.230000
v 2578942.626025 431.500000 1216615.480000
v 2578942.510000 431.500000 1216615.913013
v 2578942.193013 431.500000 1216616.230000
v 2578941.760000 431.500000 1216616.346025
v 2578941.326987 431.500000 1216616.230000
v 2578941.010000 431.500000 1216615.913013
v 2578940.893975 431.500000 1216615.480000
v 2578941.010000 431.500000 1216615.046987
v 2578941.326987 431.500000 1216614.730000
v 2578941.760000 431.500000 1216614.613975
v 2578942.193013 431.500000 1216614.730000
v 2578942.510000 431.500000 1216615.046987
v 2578942.760000 431.000000 1216615.480000
v 2578942.626025 431.000000 1216615.980000
v 2578942.260000 431.000000 1216616.346025
v 2578941.760000 431.000000 1216616.480000
v 2578941.260000 431.000000 1216616.346025
v 2578940.893975 431.000000 1216615.980000
v 2578940.760000 431.000000 1216615.480000
v 2578940.893975 431.000000 1216614.980000
v 2578941.260000 431.000000 1216614.613975
v 2578941.760000 431.000000 1216614.480000
v 2578942.260000 431.000000 1216614.613975
v 2578942.626025 431.000000 1216614.980000
v 2578942.626025 430.500000 1216615.480000
v 2578942.510000 430.500000 1216615.913013
v 2578942.193013 430.500000 1216616.230000
v 2578941.760000 430.500000 1216616.346025
v 2578941.326987 430.500000 1216616.230000
v 2578941.010000 430.500000 1216615.913013
v 2578940.893975 430.500000 1216615.480000
v 2578941.010000 430.500000 1216615.046987
v 2578941.326987 430.500000 1216614.730000
v 2578941.760000 430.500000 1216614.613975
v 2578942.193013 430.500000 1216614.730000
v 2578942.510000 430.500000 1216615.046987
v 2578942.260000 430.133975 1216615.480000
v 2578942.193013 430.133975 1216615.730000
v 2578942.010000 430.133975 1216615.913013
v 2578941.760000 430.133975 1216615.980000
v 2578941.510000 430.133975 1216615.913013
v 2578941.326987 430.133975 1216615.730000
v 2578941.260000 430.133975 1216615.480000
v 2578941.326987 430.133975 1216615.230000
v 2578941.510000 430.133975 1216615.046987
v 2578941.760000 430.133975 1216614.980000
v 2578942.010000 430.133975 1216615.046987
v 2578942.193013 430.133975 1216615.230000
v 2578941.760000 430.000000 1216615.480000
v 2578941.760000 430.000000 1216615.480000
v 2578941.760000 430.000000 1216615.480000
v 2578941.760000 430.000000 1216615.480000
v 2578941.760000 430.000000 1216615.480000
v 2578941.760000 430.000000 1216615.480000
v 2578941.760000 430.000000 1216615.480000
v 2578941.760000 430.000000 1216615.480000
v 2578941.760000 430.000000 1216615.480000
v 2578941.760000 430.000000 1216615.480000
v 2578941.760000 430.000000 1216615.480000
v 2578941.760000 430.000000 1216615.480000
f 4853 4865 4854
f 4854 4866 4865
f 4854 4866 4855
f 4855 4867 4866
f 4855 4867 4856
f 4856 4868 4867
f 4856 4868 4857
f 4857 4869 4868
f 4857 4869 4858
f 4858 4870 4869
f 4858 4870 4859
f 4859 4871 4870
f 4859 4871 4860
f 4860 4872 4871
f 4860 4872 4861
f 4861 4873 4872
f 4861 4873 4862
f 4862 4874 4873
f 4862 4874 4863
f 4863 4875 4874
f 4863 4875 4864
f 4864 4876 4875
f 4864 4876 4853
f 4853 4865 4876
f 4865 4877 4866
f 4866 4878 4877
f 4866 4878 4867
f 4867 4879 4878
f 4867 4879 4868
f 4868 4880 4879
f 4868 4880 4869
f 4869 4881 4880
f 4869 4881 4870
f 4870 4882 4881
f 4870 4882 4871
f 4871 4883 4882
f 4871 4883 4872
f 4872 4884 4883
f 4872 4884 4873
f 4873 4885 4884
f 4873 4885 4874
f 4874 4886 4885
f 4874 4886 4875
f 4875 4887 4886
f 4875 4887 4876
f 4876 4888 4887
f 4876 4888 4865
f 4865 4877 4888
f 4877 4889 4878
f 4878 4890 4889
f 4878 4890 4879
f 4879 4891 4890
f 4879 4891 4880
f 4880 4892 4891
f 4880 4892 4881
f 4881 4893 4892
f 4881 4893 4882
f 4882 4894 4893
f 4882 4894 4883
f 4883 4895 4894
f 4883 4895 4884
f 4884 4896 4895
f 4884 4896 4885
f 4885 4897 4896
f 4885 4897 4886
f 4886 4898 4897
f 4886 4898 4887
f 4887 4899 4898
f 4887 4899 4888
f 4888 4900 4899
f 4888 4900 4877
f 4877 4889 4900
f 4889 4901 4890
f 4890 4902 4901
f 4890 4902 4891
f 4891 4903 4902
f 4891 4903 4892
f 4892 4904 4903
f 4892 4904 4893
f 4893 4905 4904
f 4893 4905 4894
f 4894 4906 4905
f 4894 4906 4895
f 4895 4907 4906
f 4895 4907 4896
f 4896 4908 4907
f 4896 4908 4897
f 4897 4909 4908
f 4897 4909 4898
f 4898 4910 4909
f 4898 4910 4899
f 4899 4911 4910
f 4899 4911 4900
f 4900 4912 4911
f 4900 4912 4889
f 4889 4901 4912
f 4901 4913 4902
f 4902 4914 4913
f 4902 4914 4903
f 4903 4915 4914
f 4903 4915 4904
f 4904 4916 4915
f 4904 4916 4905
f 4905 4917 4916
f 4905 4917 4906
f 4906 4918 4917
f 4906 4918 4907
f 4907 4919 4918
f 4907 4919 4908
f 4908 4920 4919
f 4908 4920 4909
f 4909 4921 4920
f 4909 4921 4910
f 4910 4922 4921
f 4910 4922 4911
f 4911 4923 4922
f 4911 4923 4912
f 4912 4924 4923
f 4912 4924 4901
f 4901 4913 4924
f 4913 4925 4914
f 4914 4926 4925
f 4914 4926 4915
f 4915 4927 4926
f 4915 4927 4916
f 4916 4928 4927
f 4916 4928 4917
f 4917 4929 4928
f 4917 4929 4918
f 4918 4930 4929
f 4918 4930 4919
f 4919 4931 4930
f 4919 4931 4920
f 4920 4932 4931
f 4920 4932 4921
f 4921 4933 4932
f 4921 4933 4922
f 4922 4934 4933
f 4922 4934 4923
f 4923 4935 4934
f 4923 4935 4924
f 4924 4936 4935
f 4924 4936 4913
f 4913 4925 4936

o node_Syst_Est_interm
usemtl junction
# Syst_Est_interm: swmm_type=junction; type=NotFixed; shape=sphere; radier_elevation=410
v 2578918.510000 412.000000 1216279.260000
v 2578918.510000 412.000000 1216279.260000
v 2578918.510000 412.000000 1216279.260000
v 2578918.510000 412.000000 1216279.260000
v 2578918.510000 412.000000 1216279.260000
v 2578918.510000 412.000000 1216279.260000
v 2578918.510000 412.000000 1216279.260000
v 2578918.510000 412.000000 1216279.260000
v 2578918.510000 412.000000 1216279.260000
v 2578918.510000 412.000000 1216279.260000
v 2578918.510000 412.000000 1216279.260000
v 2578918.510000 412.000000 1216279.260000
v 2578919.010000 411.866025 1216279.260000
v 2578918.943013 411.866025 1216279.510000
v 2578918.760000 411.866025 1216279.693013
v 2578918.510000 411.866025 1216279.760000
v 2578918.260000 411.866025 1216279.693013
v 2578918.076987 411.866025 1216279.510000
v 2578918.010000 411.866025 1216279.260000
v 2578918.076987 411.866025 1216279.010000
v 2578918.260000 411.866025 1216278.826987
v 2578918.510000 411.866025 1216278.760000
v 2578918.760000 411.866025 1216278.826987
v 2578918.943013 411.866025 1216279.010000
v 2578919.376025 411.500000 1216279.260000
v 2578919.260000 411.500000 1216279.693013
v 2578918.943013 411.500000 1216280.010000
v 2578918.510000 411.500000 1216280.126025
v 2578918.076987 411.500000 1216280.010000
v 2578917.760000 411.500000 1216279.693013
v 2578917.643975 411.500000 1216279.260000
v 2578917.760000 411.500000 1216278.826987
v 2578918.076987 411.500000 1216278.510000
v 2578918.510000 411.500000 1216278.393975
v 2578918.943013 411.500000 1216278.510000
v 2578919.260000 411.500000 1216278.826987
v 2578919.510000 411.000000 1216279.260000
v 2578919.376025 411.000000 1216279.760000
v 2578919.010000 411.000000 1216280.126025
v 2578918.510000 411.000000 1216280.260000
v 2578918.010000 411.000000 1216280.126025
v 2578917.643975 411.000000 1216279.760000
v 2578917.510000 411.000000 1216279.260000
v 2578917.643975 411.000000 1216278.760000
v 2578918.010000 411.000000 1216278.393975
v 2578918.510000 411.000000 1216278.260000
v 2578919.010000 411.000000 1216278.393975
v 2578919.376025 411.000000 1216278.760000
v 2578919.376025 410.500000 1216279.260000
v 2578919.260000 410.500000 1216279.693013
v 2578918.943013 410.500000 1216280.010000
v 2578918.510000 410.500000 1216280.126025
v 2578918.076987 410.500000 1216280.010000
v 2578917.760000 410.500000 1216279.693013
v 2578917.643975 410.500000 1216279.260000
v 2578917.760000 410.500000 1216278.826987
v 2578918.076987 410.500000 1216278.510000
v 2578918.510000 410.500000 1216278.393975
v 2578918.943013 410.500000 1216278.510000
v 2578919.260000 410.500000 1216278.826987
v 2578919.010000 410.133975 1216279.260000
v 2578918.943013 410.133975 1216279.510000
v 2578918.760000 410.133975 1216279.693013
v 2578918.510000 410.133975 1216279.760000
v 2578918.260000 410.133975 1216279.693013
v 2578918.076987 410.133975 1216279.510000
v 2578918.010000 410.133975 1216279.260000
v 2578918.076987 410.133975 1216279.010000
v 2578918.260000 410.133975 1216278.826987
v 2578918.510000 410.133975 1216278.760000
v 2578918.760000 410.133975 1216278.826987
v 2578918.943013 410.133975 1216279.010000
v 2578918.510000 410.000000 1216279.260000
v 2578918.510000 410.000000 1216279.260000
v 2578918.510000 410.000000 1216279.260000
v 2578918.510000 410.000000 1216279.260000
v 2578918.510000 410.000000 1216279.260000
v 2578918.510000 410.000000 1216279.260000
v 2578918.510000 410.000000 1216279.260000
v 2578918.510000 410.000000 1216279.260000
v 2578918.510000 410.000000 1216279.260000
v 2578918.510000 410.000000 1216279.260000
v 2578918.510000 410.000000 1216279.260000
v 2578918.510000 410.000000 1216279.260000
f 4937 4949 4938
f 4938 4950 4949
f 4938 4950 4939
f 4939 4951 4950
f 4939 4951 4940
f 4940 4952 4951
f 4940 4952 4941
f 4941 4953 4952
f 4941 4953 4942
f 4942 4954 4953
f 4942 4954 4943
f 4943 4955 4954
f 4943 4955 4944
f 4944 4956 4955
f 4944 4956 4945
f 4945 4957 4956
f 4945 4957 4946
f 4946 4958 4957
f 4946 4958 4947
f 4947 4959 4958
f 4947 4959 4948
f 4948 4960 4959
f 4948 4960 4937
f 4937 4949 4960
f 4949 4961 4950
f 4950 4962 4961
f 4950 4962 4951
f 4951 4963 4962
f 4951 4963 4952
f 4952 4964 4963
f 4952 4964 4953
f 4953 4965 4964
f 4953 4965 4954
f 4954 4966 4965
f 4954 4966 4955
f 4955 4967 4966
f 4955 4967 4956
f 4956 4968 4967
f 4956 4968 4957
f 4957 4969 4968
f 4957 4969 4958
f 4958 4970 4969
f 4958 4970 4959
f 4959 4971 4970
f 4959 4971 4960
f 4960 4972 4971
f 4960 4972 4949
f 4949 4961 4972
f 4961 4973 4962
f 4962 4974 4973
f 4962 4974 4963
f 4963 4975 4974
f 4963 4975 4964
f 4964 4976 4975
f 4964 4976 4965
f 4965 4977 4976
f 4965 4977 4966
f 4966 4978 4977
f 4966 4978 4967
f 4967 4979 4978
f 4967 4979 4968
f 4968 4980 4979
f 4968 4980 4969
f 4969 4981 4980
f 4969 4981 4970
f 4970 4982 4981
f 4970 4982 4971
f 4971 4983 4982
f 4971 4983 4972
f 4972 4984 4983
f 4972 4984 4961
f 4961 4973 4984
f 4973 4985 4974
f 4974 4986 4985
f 4974 4986 4975
f 4975 4987 4986
f 4975 4987 4976
f 4976 4988 4987
f 4976 4988 4977
f 4977 4989 4988
f 4977 4989 4978
f 4978 4990 4989
f 4978 4990 4979
f 4979 4991 4990
f 4979 4991 4980
f 4980 4992 4991
f 4980 4992 4981
f 4981 4993 4992
f 4981 4993 4982
f 4982 4994 4993
f 4982 4994 4983
f 4983 4995 4994
f 4983 4995 4984
f 4984 4996 4995
f 4984 4996 4973
f 4973 4985 4996
f 4985 4997 4986
f 4986 4998 4997
f 4986 4998 4987
f 4987 4999 4998
f 4987 4999 4988
f 4988 5000 4999
f 4988 5000 4989
f 4989 5001 5000
f 4989 5001 4990
f 4990 5002 5001
f 4990 5002 4991
f 4991 5003 5002
f 4991 5003 4992
f 4992 5004 5003
f 4992 5004 4993
f 4993 5005 5004
f 4993 5005 4994
f 4994 5006 5005
f 4994 5006 4995
f 4995 5007 5006
f 4995 5007 4996
f 4996 5008 5007
f 4996 5008 4985
f 4985 4997 5008
f 4997 5009 4998
f 4998 5010 5009
f 4998 5010 4999
f 4999 5011 5010
f 4999 5011 5000
f 5000 5012 5011
f 5000 5012 5001
f 5001 5013 5012
f 5001 5013 5002
f 5002 5014 5013
f 5002 5014 5003
f 5003 5015 5014
f 5003 5015 5004
f 5004 5016 5015
f 5004 5016 5005
f 5005 5017 5016
f 5005 5017 5006
f 5006 5018 5017
f 5006 5018 5007
f 5007 5019 5018
f 5007 5019 5008
f 5008 5020 5019
f 5008 5020 4997
f 4997 5009 5020

o node_TWT_Branche_Est_Sonsto_60_540
usemtl junction
# TWT_Branche_Est_Sonsto_60+540: swmm_type=junction; type=NotFixed; shape=sphere; radier_elevation=442.4
v 2578420.000000 444.400000 1216006.000000
v 2578420.000000 444.400000 1216006.000000
v 2578420.000000 444.400000 1216006.000000
v 2578420.000000 444.400000 1216006.000000
v 2578420.000000 444.400000 1216006.000000
v 2578420.000000 444.400000 1216006.000000
v 2578420.000000 444.400000 1216006.000000
v 2578420.000000 444.400000 1216006.000000
v 2578420.000000 444.400000 1216006.000000
v 2578420.000000 444.400000 1216006.000000
v 2578420.000000 444.400000 1216006.000000
v 2578420.000000 444.400000 1216006.000000
v 2578420.500000 444.266025 1216006.000000
v 2578420.433013 444.266025 1216006.250000
v 2578420.250000 444.266025 1216006.433013
v 2578420.000000 444.266025 1216006.500000
v 2578419.750000 444.266025 1216006.433013
v 2578419.566987 444.266025 1216006.250000
v 2578419.500000 444.266025 1216006.000000
v 2578419.566987 444.266025 1216005.750000
v 2578419.750000 444.266025 1216005.566987
v 2578420.000000 444.266025 1216005.500000
v 2578420.250000 444.266025 1216005.566987
v 2578420.433013 444.266025 1216005.750000
v 2578420.866025 443.900000 1216006.000000
v 2578420.750000 443.900000 1216006.433013
v 2578420.433013 443.900000 1216006.750000
v 2578420.000000 443.900000 1216006.866025
v 2578419.566987 443.900000 1216006.750000
v 2578419.250000 443.900000 1216006.433013
v 2578419.133975 443.900000 1216006.000000
v 2578419.250000 443.900000 1216005.566987
v 2578419.566987 443.900000 1216005.250000
v 2578420.000000 443.900000 1216005.133975
v 2578420.433013 443.900000 1216005.250000
v 2578420.750000 443.900000 1216005.566987
v 2578421.000000 443.400000 1216006.000000
v 2578420.866025 443.400000 1216006.500000
v 2578420.500000 443.400000 1216006.866025
v 2578420.000000 443.400000 1216007.000000
v 2578419.500000 443.400000 1216006.866025
v 2578419.133975 443.400000 1216006.500000
v 2578419.000000 443.400000 1216006.000000
v 2578419.133975 443.400000 1216005.500000
v 2578419.500000 443.400000 1216005.133975
v 2578420.000000 443.400000 1216005.000000
v 2578420.500000 443.400000 1216005.133975
v 2578420.866025 443.400000 1216005.500000
v 2578420.866025 442.900000 1216006.000000
v 2578420.750000 442.900000 1216006.433013
v 2578420.433013 442.900000 1216006.750000
v 2578420.000000 442.900000 1216006.866025
v 2578419.566987 442.900000 1216006.750000
v 2578419.250000 442.900000 1216006.433013
v 2578419.133975 442.900000 1216006.000000
v 2578419.250000 442.900000 1216005.566987
v 2578419.566987 442.900000 1216005.250000
v 2578420.000000 442.900000 1216005.133975
v 2578420.433013 442.900000 1216005.250000
v 2578420.750000 442.900000 1216005.566987
v 2578420.500000 442.533975 1216006.000000
v 2578420.433013 442.533975 1216006.250000
v 2578420.250000 442.533975 1216006.433013
v 2578420.000000 442.533975 1216006.500000
v 2578419.750000 442.533975 1216006.433013
v 2578419.566987 442.533975 1216006.250000
v 2578419.500000 442.533975 1216006.000000
v 2578419.566987 442.533975 1216005.750000
v 2578419.750000 442.533975 1216005.566987
v 2578420.000000 442.533975 1216005.500000
v 2578420.250000 442.533975 1216005.566987
v 2578420.433013 442.533975 1216005.750000
v 2578420.000000 442.400000 1216006.000000
v 2578420.000000 442.400000 1216006.000000
v 2578420.000000 442.400000 1216006.000000
v 2578420.000000 442.400000 1216006.000000
v 2578420.000000 442.400000 1216006.000000
v 2578420.000000 442.400000 1216006.000000
v 2578420.000000 442.400000 1216006.000000
v 2578420.000000 442.400000 1216006.000000
v 2578420.000000 442.400000 1216006.000000
v 2578420.000000 442.400000 1216006.000000
v 2578420.000000 442.400000 1216006.000000
v 2578420.000000 442.400000 1216006.000000
f 5021 5033 5022
f 5022 5034 5033
f 5022 5034 5023
f 5023 5035 5034
f 5023 5035 5024
f 5024 5036 5035
f 5024 5036 5025
f 5025 5037 5036
f 5025 5037 5026
f 5026 5038 5037
f 5026 5038 5027
f 5027 5039 5038
f 5027 5039 5028
f 5028 5040 5039
f 5028 5040 5029
f 5029 5041 5040
f 5029 5041 5030
f 5030 5042 5041
f 5030 5042 5031
f 5031 5043 5042
f 5031 5043 5032
f 5032 5044 5043
f 5032 5044 5021
f 5021 5033 5044
f 5033 5045 5034
f 5034 5046 5045
f 5034 5046 5035
f 5035 5047 5046
f 5035 5047 5036
f 5036 5048 5047
f 5036 5048 5037
f 5037 5049 5048
f 5037 5049 5038
f 5038 5050 5049
f 5038 5050 5039
f 5039 5051 5050
f 5039 5051 5040
f 5040 5052 5051
f 5040 5052 5041
f 5041 5053 5052
f 5041 5053 5042
f 5042 5054 5053
f 5042 5054 5043
f 5043 5055 5054
f 5043 5055 5044
f 5044 5056 5055
f 5044 5056 5033
f 5033 5045 5056
f 5045 5057 5046
f 5046 5058 5057
f 5046 5058 5047
f 5047 5059 5058
f 5047 5059 5048
f 5048 5060 5059
f 5048 5060 5049
f 5049 5061 5060
f 5049 5061 5050
f 5050 5062 5061
f 5050 5062 5051
f 5051 5063 5062
f 5051 5063 5052
f 5052 5064 5063
f 5052 5064 5053
f 5053 5065 5064
f 5053 5065 5054
f 5054 5066 5065
f 5054 5066 5055
f 5055 5067 5066
f 5055 5067 5056
f 5056 5068 5067
f 5056 5068 5045
f 5045 5057 5068
f 5057 5069 5058
f 5058 5070 5069
f 5058 5070 5059
f 5059 5071 5070
f 5059 5071 5060
f 5060 5072 5071
f 5060 5072 5061
f 5061 5073 5072
f 5061 5073 5062
f 5062 5074 5073
f 5062 5074 5063
f 5063 5075 5074
f 5063 5075 5064
f 5064 5076 5075
f 5064 5076 5065
f 5065 5077 5076
f 5065 5077 5066
f 5066 5078 5077
f 5066 5078 5067
f 5067 5079 5078
f 5067 5079 5068
f 5068 5080 5079
f 5068 5080 5057
f 5057 5069 5080
f 5069 5081 5070
f 5070 5082 5081
f 5070 5082 5071
f 5071 5083 5082
f 5071 5083 5072
f 5072 5084 5083
f 5072 5084 5073
f 5073 5085 5084
f 5073 5085 5074
f 5074 5086 5085
f 5074 5086 5075
f 5075 5087 5086
f 5075 5087 5076
f 5076 5088 5087
f 5076 5088 5077
f 5077 5089 5088
f 5077 5089 5078
f 5078 5090 5089
f 5078 5090 5079
f 5079 5091 5090
f 5079 5091 5080
f 5080 5092 5091
f 5080 5092 5069
f 5069 5081 5092
f 5081 5093 5082
f 5082 5094 5093
f 5082 5094 5083
f 5083 5095 5094
f 5083 5095 5084
f 5084 5096 5095
f 5084 5096 5085
f 5085 5097 5096
f 5085 5097 5086
f 5086 5098 5097
f 5086 5098 5087
f 5087 5099 5098
f 5087 5099 5088
f 5088 5100 5099
f 5088 5100 5089
f 5089 5101 5100
f 5089 5101 5090
f 5090 5102 5101
f 5090 5102 5091
f 5091 5103 5102
f 5091 5103 5092
f 5092 5104 5103
f 5092 5104 5081
f 5081 5093 5104

o node_TWT_Intersection_Sonsto_60_345
usemtl junction
# TWT_Intersection_Sonsto_60+345: swmm_type=junction; type=NotFixed; shape=sphere; radier_elevation=440.9
v 2578207.000000 442.900000 1215827.000000
v 2578207.000000 442.900000 1215827.000000
v 2578207.000000 442.900000 1215827.000000
v 2578207.000000 442.900000 1215827.000000
v 2578207.000000 442.900000 1215827.000000
v 2578207.000000 442.900000 1215827.000000
v 2578207.000000 442.900000 1215827.000000
v 2578207.000000 442.900000 1215827.000000
v 2578207.000000 442.900000 1215827.000000
v 2578207.000000 442.900000 1215827.000000
v 2578207.000000 442.900000 1215827.000000
v 2578207.000000 442.900000 1215827.000000
v 2578207.500000 442.766025 1215827.000000
v 2578207.433013 442.766025 1215827.250000
v 2578207.250000 442.766025 1215827.433013
v 2578207.000000 442.766025 1215827.500000
v 2578206.750000 442.766025 1215827.433013
v 2578206.566987 442.766025 1215827.250000
v 2578206.500000 442.766025 1215827.000000
v 2578206.566987 442.766025 1215826.750000
v 2578206.750000 442.766025 1215826.566987
v 2578207.000000 442.766025 1215826.500000
v 2578207.250000 442.766025 1215826.566987
v 2578207.433013 442.766025 1215826.750000
v 2578207.866025 442.400000 1215827.000000
v 2578207.750000 442.400000 1215827.433013
v 2578207.433013 442.400000 1215827.750000
v 2578207.000000 442.400000 1215827.866025
v 2578206.566987 442.400000 1215827.750000
v 2578206.250000 442.400000 1215827.433013
v 2578206.133975 442.400000 1215827.000000
v 2578206.250000 442.400000 1215826.566987
v 2578206.566987 442.400000 1215826.250000
v 2578207.000000 442.400000 1215826.133975
v 2578207.433013 442.400000 1215826.250000
v 2578207.750000 442.400000 1215826.566987
v 2578208.000000 441.900000 1215827.000000
v 2578207.866025 441.900000 1215827.500000
v 2578207.500000 441.900000 1215827.866025
v 2578207.000000 441.900000 1215828.000000
v 2578206.500000 441.900000 1215827.866025
v 2578206.133975 441.900000 1215827.500000
v 2578206.000000 441.900000 1215827.000000
v 2578206.133975 441.900000 1215826.500000
v 2578206.500000 441.900000 1215826.133975
v 2578207.000000 441.900000 1215826.000000
v 2578207.500000 441.900000 1215826.133975
v 2578207.866025 441.900000 1215826.500000
v 2578207.866025 441.400000 1215827.000000
v 2578207.750000 441.400000 1215827.433013
v 2578207.433013 441.400000 1215827.750000
v 2578207.000000 441.400000 1215827.866025
v 2578206.566987 441.400000 1215827.750000
v 2578206.250000 441.400000 1215827.433013
v 2578206.133975 441.400000 1215827.000000
v 2578206.250000 441.400000 1215826.566987
v 2578206.566987 441.400000 1215826.250000
v 2578207.000000 441.400000 1215826.133975
v 2578207.433013 441.400000 1215826.250000
v 2578207.750000 441.400000 1215826.566987
v 2578207.500000 441.033975 1215827.000000
v 2578207.433013 441.033975 1215827.250000
v 2578207.250000 441.033975 1215827.433013
v 2578207.000000 441.033975 1215827.500000
v 2578206.750000 441.033975 1215827.433013
v 2578206.566987 441.033975 1215827.250000
v 2578206.500000 441.033975 1215827.000000
v 2578206.566987 441.033975 1215826.750000
v 2578206.750000 441.033975 1215826.566987
v 2578207.000000 441.033975 1215826.500000
v 2578207.250000 441.033975 1215826.566987
v 2578207.433013 441.033975 1215826.750000
v 2578207.000000 440.900000 1215827.000000
v 2578207.000000 440.900000 1215827.000000
v 2578207.000000 440.900000 1215827.000000
v 2578207.000000 440.900000 1215827.000000
v 2578207.000000 440.900000 1215827.000000
v 2578207.000000 440.900000 1215827.000000
v 2578207.000000 440.900000 1215827.000000
v 2578207.000000 440.900000 1215827.000000
v 2578207.000000 440.900000 1215827.000000
v 2578207.000000 440.900000 1215827.000000
v 2578207.000000 440.900000 1215827.000000
v 2578207.000000 440.900000 1215827.000000
f 5105 5117 5106
f 5106 5118 5117
f 5106 5118 5107
f 5107 5119 5118
f 5107 5119 5108
f 5108 5120 5119
f 5108 5120 5109
f 5109 5121 5120
f 5109 5121 5110
f 5110 5122 5121
f 5110 5122 5111
f 5111 5123 5122
f 5111 5123 5112
f 5112 5124 5123
f 5112 5124 5113
f 5113 5125 5124
f 5113 5125 5114
f 5114 5126 5125
f 5114 5126 5115
f 5115 5127 5126
f 5115 5127 5116
f 5116 5128 5127
f 5116 5128 5105
f 5105 5117 5128
f 5117 5129 5118
f 5118 5130 5129
f 5118 5130 5119
f 5119 5131 5130
f 5119 5131 5120
f 5120 5132 5131
f 5120 5132 5121
f 5121 5133 5132
f 5121 5133 5122
f 5122 5134 5133
f 5122 5134 5123
f 5123 5135 5134
f 5123 5135 5124
f 5124 5136 5135
f 5124 5136 5125
f 5125 5137 5136
f 5125 5137 5126
f 5126 5138 5137
f 5126 5138 5127
f 5127 5139 5138
f 5127 5139 5128
f 5128 5140 5139
f 5128 5140 5117
f 5117 5129 5140
f 5129 5141 5130
f 5130 5142 5141
f 5130 5142 5131
f 5131 5143 5142
f 5131 5143 5132
f 5132 5144 5143
f 5132 5144 5133
f 5133 5145 5144
f 5133 5145 5134
f 5134 5146 5145
f 5134 5146 5135
f 5135 5147 5146
f 5135 5147 5136
f 5136 5148 5147
f 5136 5148 5137
f 5137 5149 5148
f 5137 5149 5138
f 5138 5150 5149
f 5138 5150 5139
f 5139 5151 5150
f 5139 5151 5140
f 5140 5152 5151
f 5140 5152 5129
f 5129 5141 5152
f 5141 5153 5142
f 5142 5154 5153
f 5142 5154 5143
f 5143 5155 5154
f 5143 5155 5144
f 5144 5156 5155
f 5144 5156 5145
f 5145 5157 5156
f 5145 5157 5146
f 5146 5158 5157
f 5146 5158 5147
f 5147 5159 5158
f 5147 5159 5148
f 5148 5160 5159
f 5148 5160 5149
f 5149 5161 5160
f 5149 5161 5150
f 5150 5162 5161
f 5150 5162 5151
f 5151 5163 5162
f 5151 5163 5152
f 5152 5164 5163
f 5152 5164 5141
f 5141 5153 5164
f 5153 5165 5154
f 5154 5166 5165
f 5154 5166 5155
f 5155 5167 5166
f 5155 5167 5156
f 5156 5168 5167
f 5156 5168 5157
f 5157 5169 5168
f 5157 5169 5158
f 5158 5170 5169
f 5158 5170 5159
f 5159 5171 5170
f 5159 5171 5160
f 5160 5172 5171
f 5160 5172 5161
f 5161 5173 5172
f 5161 5173 5162
f 5162 5174 5173
f 5162 5174 5163
f 5163 5175 5174
f 5163 5175 5164
f 5164 5176 5175
f 5164 5176 5153
f 5153 5165 5176
f 5165 5177 5166
f 5166 5178 5177
f 5166 5178 5167
f 5167 5179 5178
f 5167 5179 5168
f 5168 5180 5179
f 5168 5180 5169
f 5169 5181 5180
f 5169 5181 5170
f 5170 5182 5181
f 5170 5182 5171
f 5171 5183 5182
f 5171 5183 5172
f 5172 5184 5183
f 5172 5184 5173
f 5173 5185 5184
f 5173 5185 5174
f 5174 5186 5185
f 5174 5186 5175
f 5175 5187 5186
f 5175 5187 5176
f 5176 5188 5187
f 5176 5188 5165
f 5165 5177 5188

o node_TWT_Chrosweg_61_140
usemtl junction
# TWT_Chrosweg_61+140: swmm_type=junction; type=NotFixed; shape=sphere; radier_elevation=435
v 2578887.000000 437.000000 1216330.000000
v 2578887.000000 437.000000 1216330.000000
v 2578887.000000 437.000000 1216330.000000
v 2578887.000000 437.000000 1216330.000000
v 2578887.000000 437.000000 1216330.000000
v 2578887.000000 437.000000 1216330.000000
v 2578887.000000 437.000000 1216330.000000
v 2578887.000000 437.000000 1216330.000000
v 2578887.000000 437.000000 1216330.000000
v 2578887.000000 437.000000 1216330.000000
v 2578887.000000 437.000000 1216330.000000
v 2578887.000000 437.000000 1216330.000000
v 2578887.500000 436.866025 1216330.000000
v 2578887.433013 436.866025 1216330.250000
v 2578887.250000 436.866025 1216330.433013
v 2578887.000000 436.866025 1216330.500000
v 2578886.750000 436.866025 1216330.433013
v 2578886.566987 436.866025 1216330.250000
v 2578886.500000 436.866025 1216330.000000
v 2578886.566987 436.866025 1216329.750000
v 2578886.750000 436.866025 1216329.566987
v 2578887.000000 436.866025 1216329.500000
v 2578887.250000 436.866025 1216329.566987
v 2578887.433013 436.866025 1216329.750000
v 2578887.866025 436.500000 1216330.000000
v 2578887.750000 436.500000 1216330.433013
v 2578887.433013 436.500000 1216330.750000
v 2578887.000000 436.500000 1216330.866025
v 2578886.566987 436.500000 1216330.750000
v 2578886.250000 436.500000 1216330.433013
v 2578886.133975 436.500000 1216330.000000
v 2578886.250000 436.500000 1216329.566987
v 2578886.566987 436.500000 1216329.250000
v 2578887.000000 436.500000 1216329.133975
v 2578887.433013 436.500000 1216329.250000
v 2578887.750000 436.500000 1216329.566987
v 2578888.000000 436.000000 1216330.000000
v 2578887.866025 436.000000 1216330.500000
v 2578887.500000 436.000000 1216330.866025
v 2578887.000000 436.000000 1216331.000000
v 2578886.500000 436.000000 1216330.866025
v 2578886.133975 436.000000 1216330.500000
v 2578886.000000 436.000000 1216330.000000
v 2578886.133975 436.000000 1216329.500000
v 2578886.500000 436.000000 1216329.133975
v 2578887.000000 436.000000 1216329.000000
v 2578887.500000 436.000000 1216329.133975
v 2578887.866025 436.000000 1216329.500000
v 2578887.866025 435.500000 1216330.000000
v 2578887.750000 435.500000 1216330.433013
v 2578887.433013 435.500000 1216330.750000
v 2578887.000000 435.500000 1216330.866025
v 2578886.566987 435.500000 1216330.750000
v 2578886.250000 435.500000 1216330.433013
v 2578886.133975 435.500000 1216330.000000
v 2578886.250000 435.500000 1216329.566987
v 2578886.566987 435.500000 1216329.250000
v 2578887.000000 435.500000 1216329.133975
v 2578887.433013 435.500000 1216329.250000
v 2578887.750000 435.500000 1216329.566987
v 2578887.500000 435.133975 1216330.000000
v 2578887.433013 435.133975 1216330.250000
v 2578887.250000 435.133975 1216330.433013
v 2578887.000000 435.133975 1216330.500000
v 2578886.750000 435.133975 1216330.433013
v 2578886.566987 435.133975 1216330.250000
v 2578886.500000 435.133975 1216330.000000
v 2578886.566987 435.133975 1216329.750000
v 2578886.750000 435.133975 1216329.566987
v 2578887.000000 435.133975 1216329.500000
v 2578887.250000 435.133975 1216329.566987
v 2578887.433013 435.133975 1216329.750000
v 2578887.000000 435.000000 1216330.000000
v 2578887.000000 435.000000 1216330.000000
v 2578887.000000 435.000000 1216330.000000
v 2578887.000000 435.000000 1216330.000000
v 2578887.000000 435.000000 1216330.000000
v 2578887.000000 435.000000 1216330.000000
v 2578887.000000 435.000000 1216330.000000
v 2578887.000000 435.000000 1216330.000000
v 2578887.000000 435.000000 1216330.000000
v 2578887.000000 435.000000 1216330.000000
v 2578887.000000 435.000000 1216330.000000
v 2578887.000000 435.000000 1216330.000000
f 5189 5201 5190
f 5190 5202 5201
f 5190 5202 5191
f 5191 5203 5202
f 5191 5203 5192
f 5192 5204 5203
f 5192 5204 5193
f 5193 5205 5204
f 5193 5205 5194
f 5194 5206 5205
f 5194 5206 5195
f 5195 5207 5206
f 5195 5207 5196
f 5196 5208 5207
f 5196 5208 5197
f 5197 5209 5208
f 5197 5209 5198
f 5198 5210 5209
f 5198 5210 5199
f 5199 5211 5210
f 5199 5211 5200
f 5200 5212 5211
f 5200 5212 5189
f 5189 5201 5212
f 5201 5213 5202
f 5202 5214 5213
f 5202 5214 5203
f 5203 5215 5214
f 5203 5215 5204
f 5204 5216 5215
f 5204 5216 5205
f 5205 5217 5216
f 5205 5217 5206
f 5206 5218 5217
f 5206 5218 5207
f 5207 5219 5218
f 5207 5219 5208
f 5208 5220 5219
f 5208 5220 5209
f 5209 5221 5220
f 5209 5221 5210
f 5210 5222 5221
f 5210 5222 5211
f 5211 5223 5222
f 5211 5223 5212
f 5212 5224 5223
f 5212 5224 5201
f 5201 5213 5224
f 5213 5225 5214
f 5214 5226 5225
f 5214 5226 5215
f 5215 5227 5226
f 5215 5227 5216
f 5216 5228 5227
f 5216 5228 5217
f 5217 5229 5228
f 5217 5229 5218
f 5218 5230 5229
f 5218 5230 5219
f 5219 5231 5230
f 5219 5231 5220
f 5220 5232 5231
f 5220 5232 5221
f 5221 5233 5232
f 5221 5233 5222
f 5222 5234 5233
f 5222 5234 5223
f 5223 5235 5234
f 5223 5235 5224
f 5224 5236 5235
f 5224 5236 5213
f 5213 5225 5236
f 5225 5237 5226
f 5226 5238 5237
f 5226 5238 5227
f 5227 5239 5238
f 5227 5239 5228
f 5228 5240 5239
f 5228 5240 5229
f 5229 5241 5240
f 5229 5241 5230
f 5230 5242 5241
f 5230 5242 5231
f 5231 5243 5242
f 5231 5243 5232
f 5232 5244 5243
f 5232 5244 5233
f 5233 5245 5244
f 5233 5245 5234
f 5234 5246 5245
f 5234 5246 5235
f 5235 5247 5246
f 5235 5247 5236
f 5236 5248 5247
f 5236 5248 5225
f 5225 5237 5248
f 5237 5249 5238
f 5238 5250 5249
f 5238 5250 5239
f 5239 5251 5250
f 5239 5251 5240
f 5240 5252 5251
f 5240 5252 5241
f 5241 5253 5252
f 5241 5253 5242
f 5242 5254 5253
f 5242 5254 5243
f 5243 5255 5254
f 5243 5255 5244
f 5244 5256 5255
f 5244 5256 5245
f 5245 5257 5256
f 5245 5257 5246
f 5246 5258 5257
f 5246 5258 5247
f 5247 5259 5258
f 5247 5259 5248
f 5248 5260 5259
f 5248 5260 5237
f 5237 5249 5260
f 5249 5261 5250
f 5250 5262 5261
f 5250 5262 5251
f 5251 5263 5262
f 5251 5263 5252
f 5252 5264 5263
f 5252 5264 5253
f 5253 5265 5264
f 5253 5265 5254
f 5254 5266 5265
f 5254 5266 5255
f 5255 5267 5266
f 5255 5267 5256
f 5256 5268 5267
f 5256 5268 5257
f 5257 5269 5268
f 5257 5269 5258
f 5258 5270 5269
f 5258 5270 5259
f 5259 5271 5270
f 5259 5271 5260
f 5260 5272 5271
f 5260 5272 5249
f 5249 5261 5272

o node_SonSto_F_sup
usemtl junction
# SonSto_F_sup: swmm_type=junction; type=Fixed; shape=cube; radier_elevation=448
v 2578233.000000 448.000000 1215862.000000
v 2578235.000000 448.000000 1215862.000000
v 2578235.000000 448.000000 1215864.000000
v 2578233.000000 448.000000 1215864.000000
v 2578233.000000 450.000000 1215862.000000
v 2578235.000000 450.000000 1215862.000000
v 2578235.000000 450.000000 1215864.000000
v 2578233.000000 450.000000 1215864.000000
f 5273 5274 5275
f 5273 5275 5276
f 5277 5279 5278
f 5277 5280 5279
f 5273 5277 5278
f 5273 5278 5274
f 5274 5278 5279
f 5274 5279 5275
f 5275 5279 5280
f 5275 5280 5276
f 5276 5280 5277
f 5276 5277 5273

o node_SonSto_porte
usemtl junction
# SonSto_porte: swmm_type=junction; type=Fixed; shape=cube; radier_elevation=438.5
v 2578201.000000 438.500000 1215821.000000
v 2578203.000000 438.500000 1215821.000000
v 2578203.000000 438.500000 1215823.000000
v 2578201.000000 438.500000 1215823.000000
v 2578201.000000 440.500000 1215821.000000
v 2578203.000000 440.500000 1215821.000000
v 2578203.000000 440.500000 1215823.000000
v 2578201.000000 440.500000 1215823.000000
f 5281 5282 5283
f 5281 5283 5284
f 5285 5287 5286
f 5285 5288 5287
f 5281 5285 5286
f 5281 5286 5282
f 5282 5286 5287
f 5282 5287 5283
f 5283 5287 5288
f 5283 5288 5284
f 5284 5288 5285
f 5284 5285 5281

o node_Brunnm_Fassung
usemtl outfall
# Brunnm_Fassung: swmm_type=outfall; type=Fixed; shape=cube; radier_elevation=433.8
v 2578054.000000 433.800000 1215586.000000
v 2578056.000000 433.800000 1215586.000000
v 2578056.000000 433.800000 1215588.000000
v 2578054.000000 433.800000 1215588.000000
v 2578054.000000 435.800000 1215586.000000
v 2578056.000000 435.800000 1215586.000000
v 2578056.000000 435.800000 1215588.000000
v 2578054.000000 435.800000 1215588.000000
f 5289 5290 5291
f 5289 5291 5292
f 5293 5295 5294
f 5293 5296 5295
f 5289 5293 5294
f 5289 5294 5290
f 5290 5294 5295
f 5290 5295 5291
f 5291 5295 5296
f 5291 5296 5292
f 5292 5296 5293
f 5292 5293 5289

o node_Brunnmuehle_Teich_
usemtl outfall
# Brunnmuehle(Teich): swmm_type=outfall; type=Fixed; shape=cube; radier_elevation=435.5
v 2578031.000000 435.500000 1215594.000000
v 2578033.000000 435.500000 1215594.000000
v 2578033.000000 435.500000 1215596.000000
v 2578031.000000 435.500000 1215596.000000
v 2578031.000000 437.500000 1215594.000000
v 2578033.000000 437.500000 1215594.000000
v 2578033.000000 437.500000 1215596.000000
v 2578031.000000 437.500000 1215596.000000
f 5297 5298 5299
f 5297 5299 5300
f 5301 5303 5302
f 5301 5304 5303
f 5297 5301 5302
f 5297 5302 5298
f 5298 5302 5303
f 5298 5303 5299
f 5299 5303 5304
f 5299 5304 5300
f 5300 5304 5301
f 5300 5301 5297

o node_Fensterstollen
usemtl outfall
# Fensterstollen: swmm_type=outfall; type=Fixed; shape=cube; radier_elevation=437
v 2578253.000000 437.000000 1215836.000000
v 2578255.000000 437.000000 1215836.000000
v 2578255.000000 437.000000 1215838.000000
v 2578253.000000 437.000000 1215838.000000
v 2578253.000000 439.000000 1215836.000000
v 2578255.000000 439.000000 1215836.000000
v 2578255.000000 439.000000 1215838.000000
v 2578253.000000 439.000000 1215838.000000
f 5305 5306 5307
f 5305 5307 5308
f 5309 5311 5310
f 5309 5312 5311
f 5305 5309 5310
f 5305 5310 5306
f 5306 5310 5311
f 5306 5311 5307
f 5307 5311 5312
f 5307 5312 5308
f 5308 5312 5309
f 5308 5309 5305

o node_Gischeren
usemtl outfall
# Gischeren: swmm_type=outfall; type=Fixed; shape=cube; radier_elevation=480
v 2578234.000000 480.000000 1215888.000000
v 2578236.000000 480.000000 1215888.000000
v 2578236.000000 480.000000 1215890.000000
v 2578234.000000 480.000000 1215890.000000
v 2578234.000000 482.000000 1215888.000000
v 2578236.000000 482.000000 1215888.000000
v 2578236.000000 482.000000 1215890.000000
v 2578234.000000 482.000000 1215890.000000
f 5313 5314 5315
f 5313 5315 5316
f 5317 5319 5318
f 5317 5320 5319
f 5313 5317 5318
f 5313 5318 5314
f 5314 5318 5319
f 5314 5319 5315
f 5315 5319 5320
f 5315 5320 5316
f 5316 5320 5317
f 5316 5317 5313

o node_Schuettstein
usemtl outfall
# Schuettstein: swmm_type=outfall; type=Fixed; shape=cube; radier_elevation=477.55
v 2578174.000000 477.550000 1215871.000000
v 2578176.000000 477.550000 1215871.000000
v 2578176.000000 477.550000 1215873.000000
v 2578174.000000 477.550000 1215873.000000
v 2578174.000000 479.550000 1215871.000000
v 2578176.000000 479.550000 1215871.000000
v 2578176.000000 479.550000 1215873.000000
v 2578174.000000 479.550000 1215873.000000
f 5321 5322 5323
f 5321 5323 5324
f 5325 5327 5326
f 5325 5328 5327
f 5321 5325 5326
f 5321 5326 5322
f 5322 5326 5327
f 5322 5327 5323
f 5323 5327 5328
f 5323 5328 5324
f 5324 5328 5325
f 5324 5325 5321

o node_Holiloch
usemtl outfall
# Holiloch: swmm_type=outfall; type=Fixed; shape=cube; radier_elevation=476.5
v 2578209.000000 476.500000 1215889.000000
v 2578211.000000 476.500000 1215889.000000
v 2578211.000000 476.500000 1215891.000000
v 2578209.000000 476.500000 1215891.000000
v 2578209.000000 478.500000 1215889.000000
v 2578211.000000 478.500000 1215889.000000
v 2578211.000000 478.500000 1215891.000000
v 2578209.000000 478.500000 1215891.000000
f 5329 5330 5331
f 5329 5331 5332
f 5333 5335 5334
f 5333 5336 5335
f 5329 5333 5334
f 5329 5334 5330
f 5330 5334 5335
f 5330 5335 5331
f 5331 5335 5336
f 5331 5336 5332
f 5332 5336 5333
f 5332 5333 5329

o node_Sauserquelle
usemtl outfall
# Sauserquelle: swmm_type=outfall; type=Fixed; shape=cube; radier_elevation=435.55
v 2578243.000000 435.550000 1215829.000000
v 2578245.000000 435.550000 1215829.000000
v 2578245.000000 435.550000 1215831.000000
v 2578243.000000 435.550000 1215831.000000
v 2578243.000000 437.550000 1215829.000000
v 2578245.000000 437.550000 1215829.000000
v 2578245.000000 437.550000 1215831.000000
v 2578243.000000 437.550000 1215831.000000
f 5337 5338 5339
f 5337 5339 5340
f 5341 5343 5342
f 5341 5344 5343
f 5337 5341 5342
f 5337 5342 5338
f 5338 5342 5343
f 5338 5343 5339
f 5339 5343 5344
f 5339 5344 5340
f 5340 5344 5341
f 5340 5341 5337

o node_Entw_Stollen
usemtl outfall
# Entw_Stollen: swmm_type=outfall; type=Fixed; shape=cube; radier_elevation=436.5
v 2578037.000000 436.500000 1215631.000000
v 2578039.000000 436.500000 1215631.000000
v 2578039.000000 436.500000 1215633.000000
v 2578037.000000 436.500000 1215633.000000
v 2578037.000000 438.500000 1215631.000000
v 2578039.000000 438.500000 1215631.000000
v 2578039.000000 438.500000 1215633.000000
v 2578037.000000 438.500000 1215633.000000
f 5345 5346 5347
f 5345 5347 5348
f 5349 5351 5350
f 5349 5352 5351
f 5345 5349 5350
f 5345 5350 5346
f 5346 5350 5351
f 5346 5351 5347
f 5347 5351 5352
f 5347 5352 5348
f 5348 5352 5349
f 5348 5349 5345

o node_Sous_lacustre
usemtl outfall
# Sous_lacustre: swmm_type=outfall; type=NotFixed; shape=sphere; radier_elevation=429.2
v 2578074.000000 431.200000 1215560.000000
v 2578074.000000 431.200000 1215560.000000
v 2578074.000000 431.200000 1215560.000000
v 2578074.000000 431.200000 1215560.000000
v 2578074.000000 431.200000 1215560.000000
v 2578074.000000 431.200000 1215560.000000
v 2578074.000000 431.200000 1215560.000000
v 2578074.000000 431.200000 1215560.000000
v 2578074.000000 431.200000 1215560.000000
v 2578074.000000 431.200000 1215560.000000
v 2578074.000000 431.200000 1215560.000000
v 2578074.000000 431.200000 1215560.000000
v 2578074.500000 431.066025 1215560.000000
v 2578074.433013 431.066025 1215560.250000
v 2578074.250000 431.066025 1215560.433013
v 2578074.000000 431.066025 1215560.500000
v 2578073.750000 431.066025 1215560.433013
v 2578073.566987 431.066025 1215560.250000
v 2578073.500000 431.066025 1215560.000000
v 2578073.566987 431.066025 1215559.750000
v 2578073.750000 431.066025 1215559.566987
v 2578074.000000 431.066025 1215559.500000
v 2578074.250000 431.066025 1215559.566987
v 2578074.433013 431.066025 1215559.750000
v 2578074.866025 430.700000 1215560.000000
v 2578074.750000 430.700000 1215560.433013
v 2578074.433013 430.700000 1215560.750000
v 2578074.000000 430.700000 1215560.866025
v 2578073.566987 430.700000 1215560.750000
v 2578073.250000 430.700000 1215560.433013
v 2578073.133975 430.700000 1215560.000000
v 2578073.250000 430.700000 1215559.566987
v 2578073.566987 430.700000 1215559.250000
v 2578074.000000 430.700000 1215559.133975
v 2578074.433013 430.700000 1215559.250000
v 2578074.750000 430.700000 1215559.566987
v 2578075.000000 430.200000 1215560.000000
v 2578074.866025 430.200000 1215560.500000
v 2578074.500000 430.200000 1215560.866025
v 2578074.000000 430.200000 1215561.000000
v 2578073.500000 430.200000 1215560.866025
v 2578073.133975 430.200000 1215560.500000
v 2578073.000000 430.200000 1215560.000000
v 2578073.133975 430.200000 1215559.500000
v 2578073.500000 430.200000 1215559.133975
v 2578074.000000 430.200000 1215559.000000
v 2578074.500000 430.200000 1215559.133975
v 2578074.866025 430.200000 1215559.500000
v 2578074.866025 429.700000 1215560.000000
v 2578074.750000 429.700000 1215560.433013
v 2578074.433013 429.700000 1215560.750000
v 2578074.000000 429.700000 1215560.866025
v 2578073.566987 429.700000 1215560.750000
v 2578073.250000 429.700000 1215560.433013
v 2578073.133975 429.700000 1215560.000000
v 2578073.250000 429.700000 1215559.566987
v 2578073.566987 429.700000 1215559.250000
v 2578074.000000 429.700000 1215559.133975
v 2578074.433013 429.700000 1215559.250000
v 2578074.750000 429.700000 1215559.566987
v 2578074.500000 429.333975 1215560.000000
v 2578074.433013 429.333975 1215560.250000
v 2578074.250000 429.333975 1215560.433013
v 2578074.000000 429.333975 1215560.500000
v 2578073.750000 429.333975 1215560.433013
v 2578073.566987 429.333975 1215560.250000
v 2578073.500000 429.333975 1215560.000000
v 2578073.566987 429.333975 1215559.750000
v 2578073.750000 429.333975 1215559.566987
v 2578074.000000 429.333975 1215559.500000
v 2578074.250000 429.333975 1215559.566987
v 2578074.433013 429.333975 1215559.750000
v 2578074.000000 429.200000 1215560.000000
v 2578074.000000 429.200000 1215560.000000
v 2578074.000000 429.200000 1215560.000000
v 2578074.000000 429.200000 1215560.000000
v 2578074.000000 429.200000 1215560.000000
v 2578074.000000 429.200000 1215560.000000
v 2578074.000000 429.200000 1215560.000000
v 2578074.000000 429.200000 1215560.000000
v 2578074.000000 429.200000 1215560.000000
v 2578074.000000 429.200000 1215560.000000
v 2578074.000000 429.200000 1215560.000000
v 2578074.000000 429.200000 1215560.000000
f 5353 5365 5354
f 5354 5366 5365
f 5354 5366 5355
f 5355 5367 5366
f 5355 5367 5356
f 5356 5368 5367
f 5356 5368 5357
f 5357 5369 5368
f 5357 5369 5358
f 5358 5370 5369
f 5358 5370 5359
f 5359 5371 5370
f 5359 5371 5360
f 5360 5372 5371
f 5360 5372 5361
f 5361 5373 5372
f 5361 5373 5362
f 5362 5374 5373
f 5362 5374 5363
f 5363 5375 5374
f 5363 5375 5364
f 5364 5376 5375
f 5364 5376 5353
f 5353 5365 5376
f 5365 5377 5366
f 5366 5378 5377
f 5366 5378 5367
f 5367 5379 5378
f 5367 5379 5368
f 5368 5380 5379
f 5368 5380 5369
f 5369 5381 5380
f 5369 5381 5370
f 5370 5382 5381
f 5370 5382 5371
f 5371 5383 5382
f 5371 5383 5372
f 5372 5384 5383
f 5372 5384 5373
f 5373 5385 5384
f 5373 5385 5374
f 5374 5386 5385
f 5374 5386 5375
f 5375 5387 5386
f 5375 5387 5376
f 5376 5388 5387
f 5376 5388 5365
f 5365 5377 5388
f 5377 5389 5378
f 5378 5390 5389
f 5378 5390 5379
f 5379 5391 5390
f 5379 5391 5380
f 5380 5392 5391
f 5380 5392 5381
f 5381 5393 5392
f 5381 5393 5382
f 5382 5394 5393
f 5382 5394 5383
f 5383 5395 5394
f 5383 5395 5384
f 5384 5396 5395
f 5384 5396 5385
f 5385 5397 5396
f 5385 5397 5386
f 5386 5398 5397
f 5386 5398 5387
f 5387 5399 5398
f 5387 5399 5388
f 5388 5400 5399
f 5388 5400 5377
f 5377 5389 5400
f 5389 5401 5390
f 5390 5402 5401
f 5390 5402 5391
f 5391 5403 5402
f 5391 5403 5392
f 5392 5404 5403
f 5392 5404 5393
f 5393 5405 5404
f 5393 5405 5394
f 5394 5406 5405
f 5394 5406 5395
f 5395 5407 5406
f 5395 5407 5396
f 5396 5408 5407
f 5396 5408 5397
f 5397 5409 5408
f 5397 5409 5398
f 5398 5410 5409
f 5398 5410 5399
f 5399 5411 5410
f 5399 5411 5400
f 5400 5412 5411
f 5400 5412 5389
f 5389 5401 5412
f 5401 5413 5402
f 5402 5414 5413
f 5402 5414 5403
f 5403 5415 5414
f 5403 5415 5404
f 5404 5416 5415
f 5404 5416 5405
f 5405 5417 5416
f 5405 5417 5406
f 5406 5418 5417
f 5406 5418 5407
f 5407 5419 5418
f 5407 5419 5408
f 5408 5420 5419
f 5408 5420 5409
f 5409 5421 5420
f 5409 5421 5410
f 5410 5422 5421
f 5410 5422 5411
f 5411 5423 5422
f 5411 5423 5412
f 5412 5424 5423
f 5412 5424 5401
f 5401 5413 5424
f 5413 5425 5414
f 5414 5426 5425
f 5414 5426 5415
f 5415 5427 5426
f 5415 5427 5416
f 5416 5428 5427
f 5416 5428 5417
f 5417 5429 5428
f 5417 5429 5418
f 5418 5430 5429
f 5418 5430 5419
f 5419 5431 5430
f 5419 5431 5420
f 5420 5432 5431
f 5420 5432 5421
f 5421 5433 5432
f 5421 5433 5422
f 5422 5434 5433
f 5422 5434 5423
f 5423 5435 5434
f 5423 5435 5424
f 5424 5436 5435
f 5424 5436 5413
f 5413 5425 5436

o node_Sous_ecoul.
usemtl outfall
# Sous_ecoul.: swmm_type=outfall; type=Fixed; shape=cube; radier_elevation=433
v 2578058.000000 433.000000 1215592.000000
v 2578060.000000 433.000000 1215592.000000
v 2578060.000000 433.000000 1215594.000000
v 2578058.000000 433.000000 1215594.000000
v 2578058.000000 435.000000 1215592.000000
v 2578060.000000 435.000000 1215592.000000
v 2578060.000000 435.000000 1215594.000000
v 2578058.000000 435.000000 1215594.000000
f 5437 5438 5439
f 5437 5439 5440
f 5441 5443 5442
f 5441 5444 5443
f 5437 5441 5442
f 5437 5442 5438
f 5438 5442 5443
f 5438 5443 5439
f 5439 5443 5444
f 5439 5444 5440
f 5440 5444 5441
f 5440 5441 5437

o node_Syst_Est_aval
usemtl outfall
# Syst_Est_aval: swmm_type=outfall; type=NotFixed; shape=sphere; radier_elevation=429
v 2578995.190000 431.000000 1216062.450000
v 2578995.190000 431.000000 1216062.450000
v 2578995.190000 431.000000 1216062.450000
v 2578995.190000 431.000000 1216062.450000
v 2578995.190000 431.000000 1216062.450000
v 2578995.190000 431.000000 1216062.450000
v 2578995.190000 431.000000 1216062.450000
v 2578995.190000 431.000000 1216062.450000
v 2578995.190000 431.000000 1216062.450000
v 2578995.190000 431.000000 1216062.450000
v 2578995.190000 431.000000 1216062.450000
v 2578995.190000 431.000000 1216062.450000
v 2578995.690000 430.866025 1216062.450000
v 2578995.623013 430.866025 1216062.700000
v 2578995.440000 430.866025 1216062.883013
v 2578995.190000 430.866025 1216062.950000
v 2578994.940000 430.866025 1216062.883013
v 2578994.756987 430.866025 1216062.700000
v 2578994.690000 430.866025 1216062.450000
v 2578994.756987 430.866025 1216062.200000
v 2578994.940000 430.866025 1216062.016987
v 2578995.190000 430.866025 1216061.950000
v 2578995.440000 430.866025 1216062.016987
v 2578995.623013 430.866025 1216062.200000
v 2578996.056025 430.500000 1216062.450000
v 2578995.940000 430.500000 1216062.883013
v 2578995.623013 430.500000 1216063.200000
v 2578995.190000 430.500000 1216063.316025
v 2578994.756987 430.500000 1216063.200000
v 2578994.440000 430.500000 1216062.883013
v 2578994.323975 430.500000 1216062.450000
v 2578994.440000 430.500000 1216062.016987
v 2578994.756987 430.500000 1216061.700000
v 2578995.190000 430.500000 1216061.583975
v 2578995.623013 430.500000 1216061.700000
v 2578995.940000 430.500000 1216062.016987
v 2578996.190000 430.000000 1216062.450000
v 2578996.056025 430.000000 1216062.950000
v 2578995.690000 430.000000 1216063.316025
v 2578995.190000 430.000000 1216063.450000
v 2578994.690000 430.000000 1216063.316025
v 2578994.323975 430.000000 1216062.950000
v 2578994.190000 430.000000 1216062.450000
v 2578994.323975 430.000000 1216061.950000
v 2578994.690000 430.000000 1216061.583975
v 2578995.190000 430.000000 1216061.450000
v 2578995.690000 430.000000 1216061.583975
v 2578996.056025 430.000000 1216061.950000
v 2578996.056025 429.500000 1216062.450000
v 2578995.940000 429.500000 1216062.883013
v 2578995.623013 429.500000 1216063.200000
v 2578995.190000 429.500000 1216063.316025
v 2578994.756987 429.500000 1216063.200000
v 2578994.440000 429.500000 1216062.883013
v 2578994.323975 429.500000 1216062.450000
v 2578994.440000 429.500000 1216062.016987
v 2578994.756987 429.500000 1216061.700000
v 2578995.190000 429.500000 1216061.583975
v 2578995.623013 429.500000 1216061.700000
v 2578995.940000 429.500000 1216062.016987
v 2578995.690000 429.133975 1216062.450000
v 2578995.623013 429.133975 1216062.700000
v 2578995.440000 429.133975 1216062.883013
v 2578995.190000 429.133975 1216062.950000
v 2578994.940000 429.133975 1216062.883013
v 2578994.756987 429.133975 1216062.700000
v 2578994.690000 429.133975 1216062.450000
v 2578994.756987 429.133975 1216062.200000
v 2578994.940000 429.133975 1216062.016987
v 2578995.190000 429.133975 1216061.950000
v 2578995.440000 429.133975 1216062.016987
v 2578995.623013 429.133975 1216062.200000
v 2578995.190000 429.000000 1216062.450000
v 2578995.190000 429.000000 1216062.450000
v 2578995.190000 429.000000 1216062.450000
v 2578995.190000 429.000000 1216062.450000
v 2578995.190000 429.000000 1216062.450000
v 2578995.190000 429.000000 1216062.450000
v 2578995.190000 429.000000 1216062.450000
v 2578995.190000 429.000000 1216062.450000
v 2578995.190000 429.000000 1216062.450000
v 2578995.190000 429.000000 1216062.450000
v 2578995.190000 429.000000 1216062.450000
v 2578995.190000 429.000000 1216062.450000
f 5445 5457 5446
f 5446 5458 5457
f 5446 5458 5447
f 5447 5459 5458
f 5447 5459 5448
f 5448 5460 5459
f 5448 5460 5449
f 5449 5461 5460
f 5449 5461 5450
f 5450 5462 5461
f 5450 5462 5451
f 5451 5463 5462
f 5451 5463 5452
f 5452 5464 5463
f 5452 5464 5453
f 5453 5465 5464
f 5453 5465 5454
f 5454 5466 5465
f 5454 5466 5455
f 5455 5467 5466
f 5455 5467 5456
f 5456 5468 5467
f 5456 5468 5445
f 5445 5457 5468
f 5457 5469 5458
f 5458 5470 5469
f 5458 5470 5459
f 5459 5471 5470
f 5459 5471 5460
f 5460 5472 5471
f 5460 5472 5461
f 5461 5473 5472
f 5461 5473 5462
f 5462 5474 5473
f 5462 5474 5463
f 5463 5475 5474
f 5463 5475 5464
f 5464 5476 5475
f 5464 5476 5465
f 5465 5477 5476
f 5465 5477 5466
f 5466 5478 5477
f 5466 5478 5467
f 5467 5479 5478
f 5467 5479 5468
f 5468 5480 5479
f 5468 5480 5457
f 5457 5469 5480
f 5469 5481 5470
f 5470 5482 5481
f 5470 5482 5471
f 5471 5483 5482
f 5471 5483 5472
f 5472 5484 5483
f 5472 5484 5473
f 5473 5485 5484
f 5473 5485 5474
f 5474 5486 5485
f 5474 5486 5475
f 5475 5487 5486
f 5475 5487 5476
f 5476 5488 5487
f 5476 5488 5477
f 5477 5489 5488
f 5477 5489 5478
f 5478 5490 5489
f 5478 5490 5479
f 5479 5491 5490
f 5479 5491 5480
f 5480 5492 5491
f 5480 5492 5469
f 5469 5481 5492
f 5481 5493 5482
f 5482 5494 5493
f 5482 5494 5483
f 5483 5495 5494
f 5483 5495 5484
f 5484 5496 5495
f 5484 5496 5485
f 5485 5497 5496
f 5485 5497 5486
f 5486 5498 5497
f 5486 5498 5487
f 5487 5499 5498
f 5487 5499 5488
f 5488 5500 5499
f 5488 5500 5489
f 5489 5501 5500
f 5489 5501 5490
f 5490 5502 5501
f 5490 5502 5491
f 5491 5503 5502
f 5491 5503 5492
f 5492 5504 5503
f 5492 5504 5481
f 5481 5493 5504
f 5493 5505 5494
f 5494 5506 5505
f 5494 5506 5495
f 5495 5507 5506
f 5495 5507 5496
f 5496 5508 5507
f 5496 5508 5497
f 5497 5509 5508
f 5497 5509 5498
f 5498 5510 5509
f 5498 5510 5499
f 5499 5511 5510
f 5499 5511 5500
f 5500 5512 5511
f 5500 5512 5501
f 5501 5513 5512
f 5501 5513 5502
f 5502 5514 5513
f 5502 5514 5503
f 5503 5515 5514
f 5503 5515 5504
f 5504 5516 5515
f 5504 5516 5493
f 5493 5505 5516
f 5505 5517 5506
f 5506 5518 5517
f 5506 5518 5507
f 5507 5519 5518
f 5507 5519 5508
f 5508 5520 5519
f 5508 5520 5509
f 5509 5521 5520
f 5509 5521 5510
f 5510 5522 5521
f 5510 5522 5511
f 5511 5523 5522
f 5511 5523 5512
f 5512 5524 5523
f 5512 5524 5513
f 5513 5525 5524
f 5513 5525 5514
f 5514 5526 5525
f 5514 5526 5515
f 5515 5527 5526
f 5515 5527 5516
f 5516 5528 5527
f 5516 5528 5505
f 5505 5517 5528

o node_TWT_Portail_Est_61_665
usemtl outfall
# TWT_Portail_Est_61+665: swmm_type=outfall; type=NotFixed; shape=sphere; radier_elevation=425.6
v 2579848.000000 427.600000 1216615.000000
v 2579848.000000 427.600000 1216615.000000
v 2579848.000000 427.600000 1216615.000000
v 2579848.000000 427.600000 1216615.000000
v 2579848.000000 427.600000 1216615.000000
v 2579848.000000 427.600000 1216615.000000
v 2579848.000000 427.600000 1216615.000000
v 2579848.000000 427.600000 1216615.000000
v 2579848.000000 427.600000 1216615.000000
v 2579848.000000 427.600000 1216615.000000
v 2579848.000000 427.600000 1216615.000000
v 2579848.000000 427.600000 1216615.000000
v 2579848.500000 427.466025 1216615.000000
v 2579848.433013 427.466025 1216615.250000
v 2579848.250000 427.466025 1216615.433013
v 2579848.000000 427.466025 1216615.500000
v 2579847.750000 427.466025 1216615.433013
v 2579847.566987 427.466025 1216615.250000
v 2579847.500000 427.466025 1216615.000000
v 2579847.566987 427.466025 1216614.750000
v 2579847.750000 427.466025 1216614.566987
v 2579848.000000 427.466025 1216614.500000
v 2579848.250000 427.466025 1216614.566987
v 2579848.433013 427.466025 1216614.750000
v 2579848.866025 427.100000 1216615.000000
v 2579848.750000 427.100000 1216615.433013
v 2579848.433013 427.100000 1216615.750000
v 2579848.000000 427.100000 1216615.866025
v 2579847.566987 427.100000 1216615.750000
v 2579847.250000 427.100000 1216615.433013
v 2579847.133975 427.100000 1216615.000000
v 2579847.250000 427.100000 1216614.566987
v 2579847.566987 427.100000 1216614.250000
v 2579848.000000 427.100000 1216614.133975
v 2579848.433013 427.100000 1216614.250000
v 2579848.750000 427.100000 1216614.566987
v 2579849.000000 426.600000 1216615.000000
v 2579848.866025 426.600000 1216615.500000
v 2579848.500000 426.600000 1216615.866025
v 2579848.000000 426.600000 1216616.000000
v 2579847.500000 426.600000 1216615.866025
v 2579847.133975 426.600000 1216615.500000
v 2579847.000000 426.600000 1216615.000000
v 2579847.133975 426.600000 1216614.500000
v 2579847.500000 426.600000 1216614.133975
v 2579848.000000 426.600000 1216614.000000
v 2579848.500000 426.600000 1216614.133975
v 2579848.866025 426.600000 1216614.500000
v 2579848.866025 426.100000 1216615.000000
v 2579848.750000 426.100000 1216615.433013
v 2579848.433013 426.100000 1216615.750000
v 2579848.000000 426.100000 1216615.866025
v 2579847.566987 426.100000 1216615.750000
v 2579847.250000 426.100000 1216615.433013
v 2579847.133975 426.100000 1216615.000000
v 2579847.250000 426.100000 1216614.566987
v 2579847.566987 426.100000 1216614.250000
v 2579848.000000 426.100000 1216614.133975
v 2579848.433013 426.100000 1216614.250000
v 2579848.750000 426.100000 1216614.566987
v 2579848.500000 425.733975 1216615.000000
v 2579848.433013 425.733975 1216615.250000
v 2579848.250000 425.733975 1216615.433013
v 2579848.000000 425.733975 1216615.500000
v 2579847.750000 425.733975 1216615.433013
v 2579847.566987 425.733975 1216615.250000
v 2579847.500000 425.733975 1216615.000000
v 2579847.566987 425.733975 1216614.750000
v 2579847.750000 425.733975 1216614.566987
v 2579848.000000 425.733975 1216614.500000
v 2579848.250000 425.733975 1216614.566987
v 2579848.433013 425.733975 1216614.750000
v 2579848.000000 425.600000 1216615.000000
v 2579848.000000 425.600000 1216615.000000
v 2579848.000000 425.600000 1216615.000000
v 2579848.000000 425.600000 1216615.000000
v 2579848.000000 425.600000 1216615.000000
v 2579848.000000 425.600000 1216615.000000
v 2579848.000000 425.600000 1216615.000000
v 2579848.000000 425.600000 1216615.000000
v 2579848.000000 425.600000 1216615.000000
v 2579848.000000 425.600000 1216615.000000
v 2579848.000000 425.600000 1216615.000000
v 2579848.000000 425.600000 1216615.000000
f 5529 5541 5530
f 5530 5542 5541
f 5530 5542 5531
f 5531 5543 5542
f 5531 5543 5532
f 5532 5544 5543
f 5532 5544 5533
f 5533 5545 5544
f 5533 5545 5534
f 5534 5546 5545
f 5534 5546 5535
f 5535 5547 5546
f 5535 5547 5536
f 5536 5548 5547
f 5536 5548 5537
f 5537 5549 5548
f 5537 5549 5538
f 5538 5550 5549
f 5538 5550 5539
f 5539 5551 5550
f 5539 5551 5540
f 5540 5552 5551
f 5540 5552 5529
f 5529 5541 5552
f 5541 5553 5542
f 5542 5554 5553
f 5542 5554 5543
f 5543 5555 5554
f 5543 5555 5544
f 5544 5556 5555
f 5544 5556 5545
f 5545 5557 5556
f 5545 5557 5546
f 5546 5558 5557
f 5546 5558 5547
f 5547 5559 5558
f 5547 5559 5548
f 5548 5560 5559
f 5548 5560 5549
f 5549 5561 5560
f 5549 5561 5550
f 5550 5562 5561
f 5550 5562 5551
f 5551 5563 5562
f 5551 5563 5552
f 5552 5564 5563
f 5552 5564 5541
f 5541 5553 5564
f 5553 5565 5554
f 5554 5566 5565
f 5554 5566 5555
f 5555 5567 5566
f 5555 5567 5556
f 5556 5568 5567
f 5556 5568 5557
f 5557 5569 5568
f 5557 5569 5558
f 5558 5570 5569
f 5558 5570 5559
f 5559 5571 5570
f 5559 5571 5560
f 5560 5572 5571
f 5560 5572 5561
f 5561 5573 5572
f 5561 5573 5562
f 5562 5574 5573
f 5562 5574 5563
f 5563 5575 5574
f 5563 5575 5564
f 5564 5576 5575
f 5564 5576 5553
f 5553 5565 5576
f 5565 5577 5566
f 5566 5578 5577
f 5566 5578 5567
f 5567 5579 5578
f 5567 5579 5568
f 5568 5580 5579
f 5568 5580 5569
f 5569 5581 5580
f 5569 5581 5570
f 5570 5582 5581
f 5570 5582 5571
f 5571 5583 5582
f 5571 5583 5572
f 5572 5584 5583
f 5572 5584 5573
f 5573 5585 5584
f 5573 5585 5574
f 5574 5586 5585
f 5574 5586 5575
f 5575 5587 5586
f 5575 5587 5576
f 5576 5588 5587
f 5576 5588 5565
f 5565 5577 5588
f 5577 5589 5578
f 5578 5590 5589
f 5578 5590 5579
f 5579 5591 5590
f 5579 5591 5580
f 5580 5592 5591
f 5580 5592 5581
f 5581 5593 5592
f 5581 5593 5582
f 5582 5594 5593
f 5582 5594 5583
f 5583 5595 5594
f 5583 5595 5584
f 5584 5596 5595
f 5584 5596 5585
f 5585 5597 5596
f 5585 5597 5586
f 5586 5598 5597
f 5586 5598 5587
f 5587 5599 5598
f 5587 5599 5588
f 5588 5600 5599
f 5588 5600 5577
f 5577 5589 5600
f 5589 5601 5590
f 5590 5602 5601
f 5590 5602 5591
f 5591 5603 5602
f 5591 5603 5592
f 5592 5604 5603
f 5592 5604 5593
f 5593 5605 5604
f 5593 5605 5594
f 5594 5606 5605
f 5594 5606 5595
f 5595 5607 5606
f 5595 5607 5596
f 5596 5608 5607
f 5596 5608 5597
f 5597 5609 5608
f 5597 5609 5598
f 5598 5610 5609
f 5598 5610 5599
f 5599 5611 5610
f 5599 5611 5600
f 5600 5612 5611
f 5600 5612 5589
f 5589 5601 5612
